Date,Open,High,Low,Close,Volume,Dividends,Stock Splits,Capital Gains
2009-08-14 00:00:00-04:00,20.6854302428771,20.70843161876195,19.673393101617677,19.949403762817383,0,0.0,0.0,0.0
2009-08-17 00:00:00-04:00,19.972403402392093,22.59450026075891,19.320713847161233,19.343713760375977,0,0.0,0.0,0.0
2009-08-18 00:00:00-04:00,20.69310098302986,20.69310098302986,19.56605969017368,19.742399215698242,0,0.0,0.0,0.0
2009-08-19 00:00:00-04:00,19.803731181986866,20.11807600532359,19.604390312639616,20.03373908996582,0,0.0,0.0,0.0
2009-08-20 00:00:00-04:00,20.2484142079428,20.95377364466253,20.240747082696924,20.677762985229492,0,0.0,0.0,0.0
2009-08-21 00:00:00-04:00,20.969105069653743,21.137777415271245,20.739095730334153,21.061107635498047,0,0.0,0.0,0.0
2009-08-24 00:00:00-04:00,21.022776435087017,21.114780476232433,20.792768525755424,20.91543960571289,0,0.0,0.0,0.0
2009-08-25 00:00:00-04:00,21.038110593646824,21.05344338180847,19.70406150817871,19.70406150817871,0,0.0,0.0,0.0
2009-08-26 00:00:00-04:00,20.762102198151023,20.762102198151023,20.378754667563037,20.562761306762695,176800,0.0,0.0,0.0
2009-08-27 00:00:00-04:00,20.708434474481763,20.708434474481763,20.394089605813367,20.532094955444336,95800,0.0,0.0,0.0
2009-08-28 00:00:00-04:00,20.95377382059968,21.00744223541681,20.555092078594363,20.71609878540039,75800,0.0,0.0,0.0
2009-08-31 00:00:00-04:00,20.71610055897371,20.915441447042596,20.71610055897371,20.80043601989746,57700,0.0,0.0,0.0
2009-09-01 00:00:00-04:00,20.815768216952204,21.007441960132898,20.371085191267184,20.43242073059082,76500,0.0,0.0,0.0
2009-09-02 00:00:00-04:00,20.38641842477699,20.647094819488114,20.37875129994966,20.570425033569336,43500,0.0,0.0,0.0
2009-09-03 00:00:00-04:00,20.823438229178045,20.892440903278175,20.654765838241513,20.815771102905273,49300,0.0,0.0,0.0
2009-09-04 00:00:00-04:00,20.90777319669468,20.961441613220355,20.463090151025934,20.693098068237305,35000,0.0,0.0,0.0
2009-09-08 00:00:00-04:00,21.34479174316368,21.34479174316368,20.785104670022953,20.984445571899414,51100,0.0,0.0,0.0
2009-09-09 00:00:00-04:00,21.04577773225992,21.268118515468387,20.93843944093257,21.122446060180664,226000,0.0,0.0,0.0
2009-09-10 00:00:00-04:00,21.145449241453665,21.26812033142655,21.007443899645487,21.19911766052246,21700,0.0,0.0,0.0
2009-09-11 00:00:00-04:00,21.590127882453608,21.628462041829025,21.390787036521683,21.467456817626953,84500,0.0,0.0,0.0
2009-09-14 00:00:00-04:00,21.582463963909785,21.96581146402312,21.544129798840316,21.935144424438477,94100,0.0,0.0,0.0
2009-09-15 00:00:00-04:00,21.80481042001378,21.94281578063965,21.636136551535518,21.94281578063965,316300,0.0,0.0,0.0
2009-09-16 00:00:00-04:00,21.835471319424993,22.134483337402344,21.71280024725386,22.134483337402344,103000,0.0,0.0,0.0
2009-09-17 00:00:00-04:00,22.165156613149705,22.165156613149705,21.889145891897964,21.94281578063965,83000,0.0,0.0,0.0
2009-09-18 00:00:00-04:00,22.31082733311905,22.31082733311905,22.011815254667848,22.111486434936523,84800,0.0,0.0,0.0
2009-09-21 00:00:00-04:00,22.165154643364776,22.76317733214649,22.00414937851286,22.39516258239746,126600,0.0,0.0,0.0
2009-09-22 00:00:00-04:00,22.609833309836503,22.69417022008853,22.234152969625374,22.341489791870117,92800,0.0,0.0,0.0
2009-09-23 00:00:00-04:00,22.14981948963821,22.517834224414603,22.004148483276367,22.004148483276367,89200,0.0,0.0,0.0
2009-09-24 00:00:00-04:00,22.10381288752873,22.119147135785514,21.643795676306073,21.812469482421875,70500,0.0,0.0,0.0
2009-09-25 00:00:00-04:00,21.88148305134824,22.172826601772485,21.850814539537723,22.01181983947754,87600,0.0,0.0,0.0
2009-09-28 00:00:00-04:00,22.0808179596432,22.280158858097725,21.927479819385365,22.23415756225586,84600,0.0,0.0,0.0
2009-09-29 00:00:00-04:00,22.249487727862316,22.33382317768791,22.142149440809057,22.27248764038086,151500,0.0,0.0,0.0
2009-09-30 00:00:00-04:00,22.287824554655842,22.287824554655842,21.90447703507152,22.042482376098633,53400,0.0,0.0,0.0
2009-10-01 00:00:00-04:00,21.850804018165793,21.904472425637213,21.467456579250605,21.498125076293945,54000,0.0,0.0,0.0
2009-10-02 00:00:00-04:00,20.969106224193762,21.36778793108191,20.777432495384595,21.16077995300293,102900,0.0,0.0,0.0
2009-10-05 00:00:00-04:00,21.314124696731557,22.356830574148308,21.16845367036389,21.421463012695312,57400,0.0,0.0,0.0
2009-10-06 00:00:00-04:00,21.513460115023882,21.789470767895875,21.498127327251222,21.712800979614258,85800,0.0,0.0,0.0
2009-10-07 00:00:00-04:00,22.01181351949711,22.01181351949711,21.620800342665742,21.835474014282227,76200,0.0,0.0,0.0
2009-10-08 00:00:00-04:00,22.24949253447123,22.395163553073516,22.157488477457527,22.326162338256836,211400,0.0,0.0,0.0
2009-10-09 00:00:00-04:00,22.862847004387678,22.862847004387678,22.548502139225512,22.717174530029297,86900,0.0,0.0,0.0
2009-10-12 00:00:00-04:00,23.299862323407314,23.345865079740776,23.161856979116468,23.30752944946289,152500,0.0,0.0,0.0
2009-10-13 00:00:00-04:00,23.284528101443865,23.284528101443865,22.885846345204985,23.115854263305664,100700,0.0,0.0,0.0
2009-10-14 00:00:00-04:00,23.905553017962838,24.035891241090695,23.759880542148217,24.012889862060547,259200,0.0,0.0,0.0
2009-10-15 00:00:00-04:00,24.066552901008087,24.43456757140042,24.066552901008087,24.419233322143555,172300,0.0,0.0,0.0
2009-10-16 00:00:00-04:00,23.920886408134976,23.982221954315637,23.629541467010746,23.8748836517334,143600,0.0,0.0,0.0
2009-10-19 00:00:00-04:00,24.319562459819643,24.649242973430038,24.189224264261608,24.5112361907959,143700,0.0,0.0,0.0
2009-10-20 00:00:00-04:00,24.534243375045985,24.572577545377552,24.189229992642456,24.311901092529297,100000,0.0,0.0,0.0
2009-10-21 00:00:00-04:00,24.24289255817892,24.47290043542636,24.005216094354882,24.07421875,189600,0.0,0.0,0.0
2009-10-22 00:00:00-04:00,24.20456217849158,24.687580872603615,24.166228011434,24.587909698486328,80100,0.0,0.0,0.0
2009-10-23 00:00:00-04:00,24.327237300060702,24.327237300060702,23.660213323631474,23.744548797607422,167400,0.0,0.0,0.0
2009-10-26 00:00:00-04:00,23.8978775917868,24.10488554409893,23.460861778475174,23.514530181884766,85700,0.0,0.0,0.0
2009-10-27 00:00:00-04:00,23.230855496045788,23.322859529901525,23.00084760493821,23.092851638793945,80200,0.0,0.0,0.0
2009-10-28 00:00:00-04:00,22.924179544341467,23.000849334594374,22.32615839754897,22.410493850708008,142900,0.0,0.0,0.0
2009-10-29 00:00:00-04:00,22.594502569640245,23.03151997598804,22.387496017781004,22.89351463317871,173600,0.0,0.0,0.0
2009-10-30 00:00:00-04:00,22.525499850442884,22.533166976399883,21.789473306827766,21.88147735595703,146400,0.0,0.0,0.0
2009-11-02 00:00:00-05:00,21.94281001863969,22.01947834342831,21.314118933949246,21.628463745117188,90900,0.0,0.0,0.0
2009-11-03 00:00:00-05:00,20.98444559980164,21.130116616387674,20.7774375711522,21.10711669921875,111300,0.0,0.0,0.0
2009-11-04 00:00:00-05:00,21.245113857003375,21.674464031262765,21.245113857003375,21.375452041625977,115500,0.0,0.0,0.0
2009-11-05 00:00:00-05:00,21.77413633735484,22.188152313232422,21.77413633735484,22.188152313232422,58300,0.0,0.0,0.0
2009-11-06 00:00:00-05:00,21.659136595344858,22.065485525174296,21.659136595344858,21.996482849121094,63600,0.0,0.0,0.0
2009-11-09 00:00:00-05:00,21.65912826446312,21.866136213000008,21.544124336060722,21.78179931640625,129800,0.0,0.0,0.0
2009-11-10 00:00:00-05:00,21.045781810666615,21.114784489050827,20.884775073651824,21.084115982055664,103100,0.0,0.0,0.0
2009-11-11 00:00:00-05:00,21.39079032356397,21.682135244062987,21.39079032356397,21.536462783813477,98100,0.0,0.0,0.0
2009-11-12 00:00:00-05:00,21.52879159848353,21.643795534949497,21.314116511353834,21.375452041625977,88800,0.0,0.0,0.0
2009-11-13 00:00:00-05:00,21.498126530032287,21.697465924875946,21.360121208713966,21.689800262451172,53500,0.0,0.0,0.0
2009-11-16 00:00:00-05:00,21.781802999686878,22.088480681403585,21.70513321366907,22.05781364440918,160400,0.0,0.0,0.0
2009-11-17 00:00:00-05:00,21.605465033714985,21.605465033714985,21.19911616291454,21.52879524230957,476200,0.0,0.0,0.0
2009-11-18 00:00:00-05:00,21.636131365260933,21.751136779785156,21.47512612469437,21.751136779785156,72800,0.0,0.0,0.0
2009-11-19 00:00:00-05:00,21.590131200127857,21.60546545117616,21.32178765620129,21.536462783813477,61800,0.0,0.0,0.0
2009-11-20 00:00:00-05:00,21.4444552064681,21.521124986722022,21.337118391525262,21.498125076293945,57000,0.0,0.0,0.0
2009-11-23 00:00:00-05:00,21.475126120541358,21.521127408929395,21.27578525438707,21.42912483215332,95900,0.0,0.0,0.0
2009-11-24 00:00:00-05:00,21.07644757863357,21.084114704917937,20.78510409160173,20.93844223022461,54100,0.0,0.0,0.0
2009-11-25 00:00:00-05:00,20.4937554904738,20.4937554904738,19.86506587072887,19.8880672454834,210700,0.0,0.0,0.0
2009-11-27 00:00:00-05:00,18.485018571177054,19.090706914922887,18.454350066503952,18.952701568603516,151600,0.0,0.0,0.0
2009-11-30 00:00:00-05:00,18.975703106254514,19.458720360068515,18.975703106254514,19.435720443725586,135400,0.0,0.0,0.0
2009-12-01 00:00:00-05:00,19.895734330291564,20.156410727565824,19.857398705777968,20.0874080657959,88000,0.0,0.0,0.0
2009-12-02 00:00:00-05:00,19.405050090047094,19.435718592055572,19.205709214055975,19.236377716064453,122400,0.0,0.0,0.0
2009-12-03 00:00:00-05:00,19.297714156839845,19.3820510789379,19.029370601181732,19.052371978759766,77600,0.0,0.0,0.0
2009-12-04 00:00:00-05:00,19.328379313906662,19.50472026677344,19.060037246759677,19.17504119873047,63500,0.0,0.0,0.0
2009-12-07 00:00:00-05:00,19.343714275076188,19.39738269047808,19.182709028870523,19.27471160888672,40800,0.0,0.0,0.0
2009-12-08 00:00:00-05:00,18.929699457762123,19.037036286963865,18.63835454656508,18.86069679260254,96000,0.0,0.0,0.0
2009-12-09 00:00:00-05:00,18.538685087826742,18.538685087826742,18.308675713467927,18.50801658630371,91600,0.0,0.0,0.0
2009-12-10 00:00:00-05:00,18.247344191313985,18.370015299712183,18.170675845331335,18.347015380859375,81500,0.0,0.0,0.0
2009-12-11 00:00:00-05:00,18.009663645926125,18.009663645926125,17.79498854008325,17.871658325195312,119900,0.0,0.0,0.0
2009-12-14 00:00:00-05:00,18.316344587890676,18.53101973198747,18.308677461777776,18.462017059326172,70800,0.0,0.0,0.0
2009-12-15 00:00:00-05:00,18.454348686003904,18.515684228407036,18.32401047560292,18.439014434814453,42200,0.0,0.0,0.0
2009-12-16 00:00:00-05:00,18.17067062974196,18.285674578060924,18.04033243168592,18.155336380004883,104100,0.0,0.0,0.0
2009-12-17 00:00:00-05:00,17.90232915127774,18.21667399497933,17.787325189837716,17.87932777404785,89200,0.0,0.0,0.0
2009-12-18 00:00:00-05:00,18.025001664460742,18.140005634998996,17.894663441222768,18.071002960205078,49900,0.0,0.0,0.0
2009-12-21 00:00:00-05:00,18.561688898425103,18.837699620659063,18.561688898425103,18.745697021484375,67200,0.0,0.0,0.0
2009-12-22 00:00:00-05:00,18.63835423012931,18.784026683254655,18.600020066737976,18.77635955810547,84500,0.0,0.0,0.0
2009-12-23 00:00:00-05:00,19.32612123854548,19.32612123854548,18.903818818826746,19.172555923461914,91300,0.036,0.0,0.0
2009-12-24 00:00:00-05:00,19.402905671682078,19.56414794921875,19.402905671682078,19.56414794921875,55300,0.0,0.0,0.0
2009-12-28 00:00:00-05:00,19.64860725402832,19.73306832388426,19.50272035096098,19.64860725402832,80800,0.0,0.0,0.0
2009-12-29 00:00:00-05:00,19.303091685994474,19.34916217279007,19.195596812487047,19.280057907104492,87900,0.0,0.0,0.0
2009-12-30 00:00:00-05:00,19.58718282828246,19.802173992224546,19.556469177216098,19.756103515625,92000,0.0,0.0,0.0
2009-12-31 00:00:00-05:00,19.80217493525954,19.80217493525954,19.541114746792978,19.571826934814453,77500,0.0,0.0,0.0
2010-01-04 00:00:00-05:00,20.50089280110788,20.731239318847656,20.477857563530925,20.731239318847656,157400,0.0,0.0,0.0
2010-01-05 00:00:00-05:00,21.007653290284694,21.299425601757655,21.007653290284694,21.191930770874023,185800,0.0,0.0,0.0
2010-01-06 00:00:00-05:00,21.122829108891207,21.161219706172847,21.00765585253887,21.061403274536133,116900,0.0,0.0,0.0
2010-01-07 00:00:00-05:00,20.99229921504733,21.10747247242686,20.923194967718125,21.038368225097656,93100,0.0,0.0,0.0
2010-01-08 00:00:00-05:00,20.746594416399525,21.09211416423891,20.708202356968044,20.961584091186523,107000,0.0,0.0,0.0
2010-01-11 00:00:00-05:00,20.82337740885705,20.82337740885705,20.569995670524495,20.769628524780273,146400,0.0,0.0,0.0
2010-01-12 00:00:00-05:00,20.27054387950179,20.27054387950179,20.040197372436523,20.040197372436523,106100,0.0,0.0,0.0
2010-01-13 00:00:00-05:00,20.569994918208252,20.80034141208333,20.454820206763422,20.784984588623047,106100,0.0,0.0,0.0
2010-01-14 00:00:00-05:00,20.800344408011803,20.953909735718465,20.72356174415847,20.831056594848633,62900,0.0,0.0,0.0
2010-01-15 00:00:00-05:00,20.50089652262618,20.50089652262618,20.23983630739366,20.393400192260742,149300,0.0,0.0,0.0
2010-01-19 00:00:00-05:00,20.39339885709101,20.401077270507812,20.040200626963912,20.401077270507812,194200,0.0,0.0,0.0
2010-01-20 00:00:00-05:00,19.88663494750117,19.88663494750117,19.57950573862041,19.74842643737793,80500,0.0,0.0,0.0
2010-01-21 00:00:00-05:00,19.45665414188739,19.47201096852685,18.827038894745463,18.87310791015625,205000,0.0,0.0,0.0
2010-01-22 00:00:00-05:00,18.965247405485417,19.111132865037508,18.819360481425736,18.87310791015625,106700,0.0,0.0,0.0
2010-01-25 00:00:00-05:00,19.241664570939943,19.241664570939943,18.95757057689943,19.180238723754883,69600,0.0,0.0,0.0
2010-01-26 00:00:00-05:00,19.510400523373193,19.771460704200912,19.379870432959333,19.56414794921875,130300,0.0,0.0,0.0
2010-01-27 00:00:00-05:00,18.972923794113207,19.088098526000977,18.81935992577543,19.088098526000977,78000,0.0,0.0,0.0
2010-01-28 00:00:00-05:00,19.04970326768921,19.04970326768921,18.5045492100238,18.734895706176758,85000,0.0,0.0,0.0
2010-01-29 00:00:00-05:00,19.088100183109646,19.24166406477887,18.773292541503906,18.773292541503906,86700,0.0,0.0,0.0
2010-02-01 00:00:00-05:00,19.218626381251227,19.42593765258789,19.11880848717489,19.42593765258789,56800,0.0,0.0,0.0
2010-02-02 00:00:00-05:00,19.257014254163856,19.579500198364258,19.149519427599444,19.579500198364258,227800,0.0,0.0,0.0
2010-02-03 00:00:00-05:00,19.541112947630406,19.541112947630406,19.349157030520114,19.433616638183594,24600,0.0,0.0,0.0
2010-02-04 00:00:00-05:00,19.34148100389105,19.50272329118957,18.926855468824677,18.957569122314453,71800,0.0,0.0,0.0
2010-02-05 00:00:00-05:00,18.95756563915102,19.149521544670353,18.696505490484146,19.018991470336914,135400,0.0,0.0,0.0
2010-02-08 00:00:00-05:00,18.98827849668126,19.241660242382963,18.88078365441611,18.88846206665039,31700,0.0,0.0,0.0
2010-02-09 00:00:00-05:00,19.14951767809296,19.602533640808385,19.018987630115515,19.41057777404785,210300,0.0,0.0,0.0
2010-02-10 00:00:00-05:00,19.395224903599818,19.41826013952538,19.057382099228263,19.16487693786621,71500,0.0,0.0,0.0
2010-02-11 00:00:00-05:00,19.18791606161586,19.548792710525873,19.18791606161586,19.502723693847656,20200,0.0,0.0,0.0
2010-02-12 00:00:00-05:00,19.43361785880489,19.587183187941495,19.349158245836524,19.56414794921875,42000,0.0,0.0,0.0
2010-02-16 00:00:00-05:00,19.75610480002903,20.063234008122627,19.740747973497452,20.001808166503906,73800,0.0,0.0,0.0
2010-02-17 00:00:00-05:00,19.986453252706934,20.147695541381836,19.925027409710644,20.147695541381836,103600,0.0,0.0,0.0
2010-02-18 00:00:00-05:00,19.99412958629121,20.186085508750192,19.940380697816423,20.17072868347168,50800,0.0,0.0,0.0
2010-02-19 00:00:00-05:00,19.91734652057989,20.07858878921265,19.87895445816202,19.994129180908203,80900,0.0,0.0,0.0
2010-02-22 00:00:00-05:00,19.886633334406316,19.886633334406316,19.602539388426102,19.663965225219727,100900,0.0,0.0,0.0
2010-02-23 00:00:00-05:00,19.34915542986202,19.34915542986202,18.811678320613012,18.842391967773438,74600,0.0,0.0,0.0
2010-02-24 00:00:00-05:00,18.980599410528647,19.095774125446113,18.9114951673811,19.018991470336914,65600,0.0,0.0,0.0
2010-02-25 00:00:00-05:00,18.765614562880963,19.065065383911133,18.681153474074414,19.065065383911133,62400,0.0,0.0,0.0
2010-02-26 00:00:00-05:00,19.195596812487047,19.31844851492634,19.118814132335537,19.280057907104492,59000,0.0,0.0,0.0
2010-03-01 00:00:00-05:00,19.51039606406714,19.77145618522683,19.51039606406714,19.694673538208008,77300,0.0,0.0,0.0
2010-03-02 00:00:00-05:00,19.656284238272594,19.70235324370752,19.472006752025614,19.54111099243164,77000,0.0,0.0,0.0
2010-03-03 00:00:00-05:00,19.733071075314584,19.878956534215703,19.694679008887245,19.74842643737793,46600,0.0,0.0,0.0
2010-03-04 00:00:00-05:00,19.85592308055686,20.017165368641233,19.794497237785535,19.809852600097656,131200,0.0,0.0,0.0
2010-03-05 00:00:00-05:00,19.971094426413146,20.28590202331543,19.971094426413146,20.28590202331543,111400,0.0,0.0,0.0
2010-03-08 00:00:00-05:00,20.232156624692088,20.2782256408124,20.13233871450586,20.147695541381836,127400,0.0,0.0,0.0
2010-03-09 00:00:00-05:00,20.37804042676413,20.65445594561531,20.355005189981785,20.63909912109375,120700,0.0,0.0,0.0
2010-03-10 00:00:00-05:00,20.577677282327738,20.654459955334236,20.439470228325245,20.470182418823242,421000,0.0,0.0,0.0
2010-03-11 00:00:00-05:00,20.424111174583818,20.516249200542383,20.232155245244698,20.408754348754883,61400,0.0,0.0,0.0
2010-03-12 00:00:00-05:00,20.64677677295853,20.73891625218713,20.49321292692064,20.654455184936523,135300,0.0,0.0,0.0
2010-03-15 00:00:00-04:00,20.47017793166654,20.6007080078125,20.270543611413466,20.6007080078125,59700,0.0,0.0,0.0
2010-03-16 00:00:00-04:00,20.032521699723354,20.378042972078827,19.963417445252258,20.140016555786133,123200,0.0,0.0,0.0
2010-03-17 00:00:00-04:00,20.078590336118687,20.209120429380956,19.99413072130725,20.186086654663086,126200,0.0,0.0,0.0
2010-03-18 00:00:00-04:00,20.278221655009425,20.278221655009425,20.047875155176193,20.063230514526367,39800,0.0,0.0,0.0
2010-03-19 00:00:00-04:00,19.840566635131836,20.15537426844987,19.733071774342548,19.840566635131836,105900,0.0,0.0,0.0
2010-03-22 00:00:00-04:00,19.740747280306525,20.01716429013825,19.733070331817895,19.986452102661133,25200,0.0,0.0,0.0
2010-03-23 00:00:00-04:00,19.771455820885755,19.779134231896858,19.28004923223224,19.379865646362305,484200,0.0,0.0,0.0
2010-03-24 00:00:00-04:00,19.479689917762368,19.54111576150253,19.41058566049123,19.502723693847656,54500,0.0,0.0,0.0
2010-03-25 00:00:00-04:00,19.303088813293368,19.34148087990949,19.018994842872026,19.09577751159668,235600,0.0,0.0,0.0
2010-03-26 00:00:00-04:00,19.326126550717348,19.464335079380454,19.23398704343935,19.249343872070312,62400,0.0,0.0,0.0
2010-03-29 00:00:00-04:00,19.41825900201604,19.479684829711914,19.34915476279477,19.479684829711914,62100,0.0,0.0,0.0
2010-03-30 00:00:00-04:00,19.333800180639045,19.333800180639045,19.203270098592743,19.287731170654297,73700,0.0,0.0,0.0
2010-03-31 00:00:00-04:00,19.14184798665944,19.356837718073052,19.12649115884198,19.31844711303711,99400,0.0,0.0,0.0
2010-04-01 00:00:00-04:00,19.687000405997292,19.825208914789453,19.640931391235764,19.771461486816406,130300,0.0,0.0,0.0
2010-04-05 00:00:00-04:00,19.848244035282782,19.95573889058363,19.80217502079779,19.909669876098633,89600,0.0,0.0,0.0
2010-04-06 00:00:00-04:00,19.817527156603052,19.96341405398267,19.756101325786474,19.91734504699707,145900,0.0,0.0,0.0
2010-04-07 00:00:00-04:00,19.79449396872047,19.963414642317424,19.671642303466797,19.671642303466797,60500,0.0,0.0,0.0
2010-04-08 00:00:00-04:00,19.771460288774197,19.86359977722168,19.663965439341702,19.86359977722168,56400,0.0,0.0,0.0
2010-04-09 00:00:00-04:00,19.963413386942662,20.06322980949417,19.855918552732224,20.047874450683594,81800,0.0,0.0,0.0
2010-04-12 00:00:00-04:00,20.009485877142087,20.093946955592344,19.917347850203203,19.986452102661133,82000,0.0,0.0,0.0
2010-04-13 00:00:00-04:00,19.8559183102468,19.909665726695643,19.671640826204797,19.84823989868164,60000,0.0,0.0,0.0
2010-04-14 00:00:00-04:00,19.871275503552223,20.132335662841797,19.733068476140737,20.132335662841797,175700,0.0,0.0,0.0
2010-04-15 00:00:00-04:00,20.017163222541157,20.12465806973923,19.88663313758316,20.086267471313477,49700,0.0,0.0,0.0
2010-04-16 00:00:00-04:00,19.917349304374717,19.963418321207673,19.525759000025495,19.617897033691406,212700,0.0,0.0,0.0
2010-04-19 00:00:00-04:00,19.464329894758418,19.817528072144146,19.464329894758418,19.733068466186523,63900,0.0,0.0,0.0
2010-04-20 00:00:00-04:00,19.71771526481685,19.83288854101868,19.587185161252734,19.679323196411133,59800,0.0,0.0,0.0
2010-04-21 00:00:00-04:00,19.73306832388426,19.802172569310507,19.579503008602074,19.64860725402832,54200,0.0,0.0,0.0
2010-04-22 00:00:00-04:00,20.024844991860927,20.270548377790508,19.932705489883485,20.163053512573242,62000,0.0,0.0,0.0
2010-04-23 00:00:00-04:00,20.270545621559936,20.685171127319336,20.232155021918878,20.685171127319336,404200,0.0,0.0,0.0
2010-04-26 00:00:00-04:00,20.36268324621333,20.485534911223066,20.30125741370846,20.431787490844727,210200,0.0,0.0,0.0
2010-04-27 00:00:00-04:00,20.232151936976038,20.347325182845406,19.978770210260517,20.047874450683594,124600,0.0,0.0,0.0
2010-04-28 00:00:00-04:00,20.324292836576742,20.49321498806765,20.316614423826476,20.485536575317383,74600,0.0,0.0,0.0
2010-04-29 00:00:00-04:00,20.546960816767736,20.838733156076202,20.531603992460084,20.800342559814453,174600,0.0,0.0,0.0
2010-04-30 00:00:00-04:00,20.70052459273642,20.70052459273642,20.3550048340868,20.431787490844727,135400,0.0,0.0,0.0
2010-05-03 00:00:00-04:00,20.431789473975066,20.654457589227345,20.408754235359655,20.54696273803711,123700,0.0,0.0,0.0
2010-05-04 00:00:00-04:00,20.51624989544891,20.51624989544891,20.12465961059264,20.27822494506836,147400,0.0,0.0,0.0
2010-05-05 00:00:00-04:00,20.078588298268762,20.247510439762195,19.917346033578557,20.10162353515625,176100,0.0,0.0,0.0
2010-05-06 00:00:00-04:00,19.963412992186168,20.285898952947928,19.195589415563624,19.763778686523438,250600,0.0,0.0,0.0
2010-05-07 00:00:00-04:00,19.64092861162572,19.963414598332932,19.19559095993551,19.448972702026367,225700,0.0,0.0,0.0
2010-05-10 00:00:00-04:00,19.763783904814645,20.485538667468944,19.72539330165003,20.093948364257812,110000,0.0,0.0,0.0
2010-05-11 00:00:00-04:00,19.971092465898156,20.270543208065554,19.90966663508158,19.91734504699707,59700,0.0,0.0,0.0
2010-05-12 00:00:00-04:00,20.086267390792738,20.086267390792738,19.794495036207277,19.971094131469727,89400,0.0,0.0,0.0
2010-05-13 00:00:00-04:00,19.971095510999223,19.994130750257995,19.67932167175165,19.71003532409668,81000,0.0,0.0,0.0
2010-05-14 00:00:00-04:00,19.571827236044026,19.617896251039067,19.103454279320438,19.264698028564453,122900,0.0,0.0,0.0
2010-05-17 00:00:00-04:00,19.387547318907394,19.402904143513055,18.850070173768387,19.11880874633789,129200,0.0,0.0,0.0
2010-05-18 00:00:00-04:00,19.579507617003134,19.579507617003134,18.612049417833816,18.67347526550293,54700,0.0,0.0,0.0
2010-05-19 00:00:00-04:00,18.47384053112268,18.47384053112268,17.93636474071552,18.128320693969727,151400,0.0,0.0,0.0
2010-05-20 00:00:00-04:00,18.020818513961395,18.21277440489859,17.698332558606616,17.79047203063965,132900,0.0,0.0,0.0
2010-05-21 00:00:00-04:00,17.61387400815258,17.81350832231994,17.314421804647882,17.690656661987305,110700,0.0,0.0,0.0
2010-05-24 00:00:00-04:00,17.790472509567934,18.01314058750566,17.6829776763916,17.6829776763916,25600,0.0,0.0,0.0
2010-05-25 00:00:00-04:00,17.57548171020614,18.274201068045652,17.49102211019197,18.25116729736328,61100,0.0,0.0,0.0
2010-05-26 00:00:00-04:00,18.35866285090815,18.35866285090815,17.882613021086527,18.013141632080078,54700,0.0,0.0,0.0
2010-05-27 00:00:00-04:00,18.42776655647038,18.734895706176758,18.389375961947323,18.734895706176758,45200,0.0,0.0,0.0
2010-05-28 00:00:00-04:00,18.91149908348586,18.965247978347506,18.62740510461251,18.658117294311523,29100,0.0,0.0,0.0
2010-06-01 00:00:00-04:00,18.696506027815698,18.9422093596207,18.535262301001556,18.55061912536621,40700,0.0,0.0,0.0
2010-06-02 00:00:00-04:00,18.72721660316326,19.226303100585938,18.72721660316326,19.226303100585938,32600,0.0,0.0,0.0
2010-06-03 00:00:00-04:00,19.088094409590056,19.088094409590056,18.842391101630312,18.919172286987305,24900,0.0,0.0,0.0
2010-06-04 00:00:00-04:00,18.4508067514946,18.62740587698248,18.22813714278647,18.274206161499023,74800,0.0,0.0,0.0
2010-06-07 00:00:00-04:00,18.38937974665697,18.542943620861415,18.11296272277832,18.11296272277832,22200,0.0,0.0,0.0
2010-06-08 00:00:00-04:00,18.27420370406805,18.55829912102498,18.22045627871316,18.489194869995117,101600,0.0,0.0,0.0
2010-06-09 00:00:00-04:00,18.650440019394686,18.79632548080437,18.427770423809996,18.4508056640625,84000,0.0,0.0,0.0
2010-06-10 00:00:00-04:00,18.87310517000708,19.172555923461914,18.734896679333346,19.172555923461914,36900,0.0,0.0,0.0
2010-06-11 00:00:00-04:00,18.704185888059747,18.995958251040104,18.65811541139904,18.88078498840332,25200,0.0,0.0,0.0
2010-06-14 00:00:00-04:00,19.257022663706692,19.326126929392274,19.111135717869605,19.280057907104492,114100,0.0,0.0,0.0
2010-06-15 00:00:00-04:00,19.418260885644496,19.740745413949348,19.33379981517948,19.733068466186523,41900,0.0,0.0,0.0
2010-06-16 00:00:00-04:00,19.349159627325495,19.61021982679236,19.34148121386969,19.525758743286133,42500,0.0,0.0,0.0
2010-06-17 00:00:00-04:00,19.579499466010002,19.602534698486693,19.41057882136895,19.48736000061035,51900,0.0,0.0,0.0
2010-06-18 00:00:00-04:00,19.487367247905528,19.679323196411133,19.425941402964042,19.679323196411133,93100,0.0,0.0,0.0
2010-06-21 00:00:00-04:00,19.940377908449012,20.331968111228488,19.84823989868164,19.84823989868164,212200,0.0,0.0,0.0
2010-06-22 00:00:00-04:00,19.794494115590876,19.825206299878484,19.42593765258789,19.42593765258789,75900,0.0,0.0,0.0
2010-06-23 00:00:00-04:00,19.77145761670412,19.77145761670412,19.479685294316546,19.54878807067871,24300,0.0,0.0,0.0
2010-06-24 00:00:00-04:00,19.579503377059485,19.579503377059485,19.203269958496094,19.203269958496094,33900,0.0,0.0,0.0
2010-06-25 00:00:00-04:00,19.41058253694069,19.487363730879544,19.19559138619267,19.372190475463867,67300,0.0,0.0,0.0
2010-06-28 00:00:00-04:00,19.548792710525873,19.671645862513834,19.502723693847656,19.502723693847656,48600,0.0,0.0,0.0
2010-06-29 00:00:00-04:00,19.341479503457954,19.341479503457954,18.734898074659394,18.88078498840332,92500,0.0,0.0,0.0
2010-06-30 00:00:00-04:00,19.134167862276048,19.395228053804892,19.057385194560343,19.149524688720703,56400,0.0,0.0,0.0
2010-07-01 00:00:00-04:00,19.14184488317785,19.333800806251023,19.01899320957162,19.18791389465332,53800,0.0,0.0,0.0
2010-07-02 00:00:00-04:00,19.187914331971562,19.33380124689422,19.088097894081848,19.11113166809082,83400,0.0,0.0,0.0
2010-07-06 00:00:00-04:00,19.272378094092435,19.479690876105025,19.172560177786654,19.31844711303711,107700,0.0,0.0,0.0
2010-07-07 00:00:00-04:00,19.088094628960494,19.510397011306225,19.07273780590971,19.479684829711914,32000,0.0,0.0,0.0
2010-07-08 00:00:00-04:00,19.502725806687188,19.502725806687188,19.18791814035051,19.333805084228516,46300,0.0,0.0,0.0
2010-07-09 00:00:00-04:00,19.31076141176951,19.38754405737341,19.24933558818782,19.379865646362305,31100,0.0,0.0,0.0
2010-07-12 00:00:00-04:00,19.349157136171968,19.349157136171968,19.249339238605426,19.295408248901367,21700,0.0,0.0,0.0
2010-07-13 00:00:00-04:00,19.69467724444632,19.84824256738262,19.617894582978174,19.8328857421875,36000,0.0,0.0,0.0
2010-07-14 00:00:00-04:00,19.50272312155761,19.60254103002358,19.41058509090489,19.495044708251953,22400,0.0,0.0,0.0
2010-07-15 00:00:00-04:00,19.441295623779297,19.510399873136933,19.295408712412343,19.441295623779297,23000,0.0,0.0,0.0
2010-07-16 00:00:00-04:00,19.495041295900744,19.564145539048287,19.00363464641361,19.018991470336914,279900,0.0,0.0,0.0
2010-07-19 00:00:00-04:00,19.36451168931096,19.464329582716186,19.272373672560224,19.41826057434082,31900,0.0,0.0,0.0
2010-07-20 00:00:00-04:00,19.23397830139521,19.55646423353331,19.15719712215381,19.48736000061035,42500,0.0,0.0,0.0
2010-07-21 00:00:00-04:00,19.479685970819542,19.502719742237765,19.141843166447988,19.16487693786621,72100,0.0,0.0,0.0
2010-07-22 00:00:00-04:00,19.27237229543234,19.56414461363726,19.27237229543234,19.456649780273438,40400,0.0,0.0,0.0
2010-07-23 00:00:00-04:00,19.3414806469065,19.51807975769043,19.264697979106835,19.51807975769043,19600,0.0,0.0,0.0
2010-07-26 00:00:00-04:00,19.42593628208341,19.640927414958526,19.27237244246456,19.54111099243164,82800,0.0,0.0,0.0
2010-07-27 00:00:00-04:00,19.395226040564506,19.5257561227798,19.28773119562512,19.433616638183594,56800,0.0,0.0,0.0
2010-07-28 00:00:00-04:00,19.187912747871746,19.28005222982336,19.11880850253488,19.172555923461914,56100,0.0,0.0,0.0
2010-07-29 00:00:00-04:00,19.21862740711683,19.402904916201127,19.08809732178535,19.103452682495117,35400,0.0,0.0,0.0
2010-07-30 00:00:00-04:00,19.141846345572624,19.356836058554535,19.088098917327144,19.264698028564453,54900,0.0,0.0,0.0
2010-08-02 00:00:00-04:00,19.387549413162922,19.587183761078972,19.387549413162922,19.571826934814453,33200,0.0,0.0,0.0
2010-08-03 00:00:00-04:00,19.379868887759233,19.441294721614753,19.30308622931298,19.372190475463867,43700,0.0,0.0,0.0
2010-08-04 00:00:00-04:00,19.218626923423464,19.410582840285237,19.218626923423464,19.287731170654297,157200,0.0,0.0,0.0
2010-08-05 00:00:00-04:00,19.272372051273837,19.33379787877601,19.17255416626578,19.257015228271484,47900,0.0,0.0,0.0
2010-08-06 00:00:00-04:00,19.072742781158723,19.210951295653846,18.988281696854454,19.13416862487793,61300,0.0,0.0,0.0
2010-08-09 00:00:00-04:00,19.164878878903444,19.164878878903444,18.850071278573438,18.911497116088867,105600,0.0,0.0,0.0
2010-08-10 00:00:00-04:00,18.443124141346345,18.565975806299758,18.22813299542419,18.466157913208008,90000,0.0,0.0,0.0
2010-08-11 00:00:00-04:00,18.27420719549796,18.27420719549796,18.04386062439392,18.05921745300293,65800,0.0,0.0,0.0
2010-08-12 00:00:00-04:00,17.851901134437245,18.020821822250085,17.744406284420666,18.00546646118164,54700,0.0,0.0,0.0
2010-08-13 00:00:00-04:00,18.0899272923831,18.16670996093167,18.043858277056994,18.135997772216797,43000,0.0,0.0,0.0
2010-08-16 00:00:00-04:00,18.212776128407572,18.58900953450728,18.212776128407572,18.573654174804688,48100,0.0,0.0,0.0
2010-08-17 00:00:00-04:00,18.52758687531916,18.704187454964572,18.46616103246655,18.596691131591797,66400,0.0,0.0,0.0
2010-08-18 00:00:00-04:00,18.458484265012586,18.458484265012586,18.174388823709176,18.205101013183594,62800,0.0,0.0,0.0
2010-08-19 00:00:00-04:00,18.205098674072968,18.205098674072968,17.81350988766918,17.882614135742188,91500,0.0,0.0,0.0
2010-08-20 00:00:00-04:00,17.982429406468313,18.13599471770155,17.96707258244352,18.120637893676758,35600,0.0,0.0,0.0
2010-08-23 00:00:00-04:00,17.951713749308926,18.05921004094442,17.736724095052303,17.7520809173584,51400,0.0,0.0,0.0
2010-08-24 00:00:00-04:00,17.283714550969943,17.345140398654333,17.130149199505112,17.22996711730957,111500,0.0,0.0,0.0
2010-08-25 00:00:00-04:00,17.030325460006903,17.076394459933244,16.746230120695746,17.068716049194336,69000,0.0,0.0,0.0
2010-08-26 00:00:00-04:00,17.368169293796676,17.368169293796676,17.122464528340416,17.22228240966797,24100,0.0,0.0,0.0
2010-08-27 00:00:00-04:00,17.6061972494816,17.81350999494914,17.368172318300783,17.74440574645996,29300,0.0,0.0,0.0
2010-08-30 00:00:00-04:00,18.105281325483908,18.105281325483908,17.75208315496697,17.813508987426758,47400,0.0,0.0,0.0
2010-08-31 00:00:00-04:00,18.166707804809285,18.297237886497562,18.082246732979392,18.189743041992188,89400,0.0,0.0,0.0
2010-09-01 00:00:00-04:00,18.6657922649306,18.96524448018052,18.54294059977943,18.942209243774414,77600,0.0,0.0,0.0
2010-09-02 00:00:00-04:00,18.757934890160744,18.949890832197582,18.71954282304881,18.819360733032227,77000,0.0,0.0,0.0
2010-09-03 00:00:00-04:00,19.04970528797703,19.04970528797703,18.74257610569853,18.85007095336914,31800,0.0,0.0,0.0
2010-09-07 00:00:00-04:00,18.573651929643702,18.811676818096377,18.512226104736328,18.512226104736328,86100,0.0,0.0,0.0
2010-09-08 00:00:00-04:00,18.665794694706772,18.857750629556307,18.665794694706772,18.72722053527832,23700,0.0,0.0,0.0
2010-09-09 00:00:00-04:00,19.172555316047976,19.172555316047976,18.92685199130441,19.018991470336914,43100,0.0,0.0,0.0
2010-09-10 00:00:00-04:00,18.60436502320585,18.650435492528555,18.48919177891361,18.581331253051758,159300,0.0,0.0,0.0
2010-09-13 00:00:00-04:00,18.604367586395647,18.704185485839844,18.589010761172315,18.704185485839844,64800,0.0,0.0,0.0
2010-09-14 00:00:00-04:00,18.596689361328725,18.734897860717602,18.550620349701592,18.681150436401367,27300,0.0,0.0,0.0
2010-09-15 00:00:00-04:00,18.612049417833816,18.757936355238357,18.581337226253122,18.67347526550293,83100,0.0,0.0,0.0
2010-09-16 00:00:00-04:00,18.619725680405,18.72722053527832,18.56597825296834,18.72722053527832,90500,0.0,0.0,0.0
2010-09-17 00:00:00-04:00,18.919178139357925,18.919178139357925,18.757935842821613,18.780969619750977,49300,0.0,0.0,0.0
2010-09-20 00:00:00-04:00,18.988277855958916,19.187912173791773,18.896139841271346,19.16487693786621,91500,0.0,0.0,0.0
2010-09-21 00:00:00-04:00,18.880783324123005,18.903818560422874,18.673470590946245,18.827035903930664,40100,0.0,0.0,0.0
2010-09-22 00:00:00-04:00,18.727217294370686,18.942208431418802,18.658113052623335,18.734895706176758,36800,0.0,0.0,0.0
2010-09-23 00:00:00-04:00,18.535261395193093,18.688826702320252,18.48151397705078,18.48151397705078,51900,0.0,0.0,0.0
2010-09-24 00:00:00-04:00,18.69650083372901,18.957560917373403,18.69650083372901,18.94988250732422,49500,0.0,0.0,0.0
2010-09-27 00:00:00-04:00,18.81167951106891,18.834714747896964,18.650437246794727,18.750253677368164,77900,0.0,0.0,0.0
2010-09-28 00:00:00-04:00,18.82703490417479,18.934529738851264,18.650435828775652,18.89613914489746,54900,0.0,0.0,0.0
2010-09-29 00:00:00-04:00,18.727220856373297,18.827038764330755,18.642761239456505,18.788646697998047,60800,0.0,0.0,0.0
2010-09-30 00:00:00-04:00,19.011317510021193,19.080421769350032,18.75793571398468,18.773292541503906,68300,0.0,0.0,0.0
2010-10-01 00:00:00-04:00,18.85774841771327,18.942209487782968,18.819357821049255,18.88846206665039,46800,0.0,0.0,0.0
2010-10-04 00:00:00-04:00,18.658118378616297,18.688832034607856,18.450807058704175,18.55830192565918,68600,0.0,0.0,0.0
2010-10-05 00:00:00-04:00,18.857750526732985,19.18023655410213,18.857750526732985,19.088098526000977,86600,0.0,0.0,0.0
2010-10-06 00:00:00-04:00,19.195588409473572,19.34147529144758,19.195588409473572,19.32611846923828,210600,0.0,0.0,0.0
2010-10-07 00:00:00-04:00,19.410583547722517,19.410583547722517,19.141844961420116,19.30308723449707,84500,0.0,0.0,0.0
2010-10-08 00:00:00-04:00,19.126486342497614,19.318442248355282,19.026669915834855,19.16487693786621,127000,0.0,0.0,0.0
2010-10-11 00:00:00-04:00,19.241663485259632,19.264698725844696,19.13416862487793,19.13416862487793,46100,0.0,0.0,0.0
2010-10-12 00:00:00-04:00,18.903820684890224,19.065062963588126,18.811681193843192,19.02667236328125,162000,0.0,0.0,0.0
2010-10-13 00:00:00-04:00,19.157198861389176,19.303084286798118,19.1264852152985,19.226303100585938,137900,0.0,0.0,0.0
2010-10-14 00:00:00-04:00,19.14952545193464,19.17255922801207,19.003638523911164,19.13416862487793,205900,0.0,0.0,0.0
2010-10-15 00:00:00-04:00,19.303085813706275,19.318442637966363,19.01131347530143,19.19559097290039,152100,0.0,0.0,0.0
2010-10-18 00:00:00-04:00,19.042029127045303,19.36451517269804,19.02667376449623,19.13416862487793,158900,0.0,0.0,0.0
2010-10-19 00:00:00-04:00,18.888463401180104,19.011315076593675,18.780967086812613,18.88078498840332,119100,0.0,0.0,0.0
2010-10-20 00:00:00-04:00,18.46615753261485,18.788643512597865,18.450802173192677,18.765609741210938,137000,0.0,0.0,0.0
2010-10-21 00:00:00-04:00,18.73489900888357,18.82703850229207,18.535264660254786,18.696508407592773,88600,0.0,0.0,0.0
2010-10-22 00:00:00-04:00,18.76560969265017,18.76560969265017,18.542940139770508,18.542940139770508,90700,0.0,0.0,0.0
2010-10-25 00:00:00-04:00,18.58133646644724,18.76561400191932,18.504553793873622,18.688831329345703,74500,0.0,0.0,0.0
2010-10-26 00:00:00-04:00,18.734896509641555,18.949887655909784,18.734896509641555,18.942209243774414,76800,0.0,0.0,0.0
2010-10-27 00:00:00-04:00,18.650439070927078,18.73489868520917,18.504552152428857,18.635082244873047,75100,0.0,0.0,0.0
2010-10-28 00:00:00-04:00,18.681152534966515,18.804004222777852,18.642761931715835,18.658117294311523,55200,0.0,0.0,0.0
2010-10-29 00:00:00-04:00,18.750254225108623,19.026671217090488,18.750254225108623,19.011314392089844,77600,0.0,0.0,0.0
2010-11-01 00:00:00-04:00,18.96524362740053,18.99595581005365,18.765609314379677,18.842391967773438,104900,0.0,0.0,0.0
2010-11-02 00:00:00-04:00,18.711864087157775,18.811680523101145,18.589010948639626,18.681150436401367,106300,0.0,0.0,0.0
2010-11-03 00:00:00-04:00,18.65811779961739,18.773292541503906,18.48919709042894,18.773292541503906,100900,0.0,0.0,0.0
2010-11-04 00:00:00-04:00,18.80400416569684,19.180237641540426,18.80400416569684,19.13416862487793,124200,0.0,0.0,0.0
2010-11-05 00:00:00-04:00,19.103454160965214,19.410584831049547,19.103454160965214,19.40290641784668,273000,0.0,0.0,0.0
2010-11-08 00:00:00-05:00,19.210948640776717,19.303086661368596,19.057383320447006,19.295408248901367,302600,0.0,0.0,0.0
2010-11-09 00:00:00-05:00,19.080412549146416,19.080412549146416,18.7809604152561,18.94988250732422,264600,0.0,0.0,0.0
2010-11-10 00:00:00-05:00,19.210949211169517,19.38754830963689,18.949889037562325,19.30308723449707,158600,0.0,0.0,0.0
2010-11-11 00:00:00-05:00,18.98828062029925,19.11881071386551,18.87310735291903,19.088098526000977,146300,0.0,0.0,0.0
2010-11-12 00:00:00-05:00,18.85774881447186,18.93453147392275,18.51990745609982,18.58901023864746,172400,0.0,0.0,0.0
2010-11-15 00:00:00-05:00,18.550620553156122,18.550620553156122,18.082247625536358,18.258848190307617,233400,0.0,0.0,0.0
2010-11-16 00:00:00-05:00,17.997788795578003,17.997788795578003,17.483346833486795,17.767440795898438,279300,0.0,0.0,0.0
2010-11-17 00:00:00-05:00,17.828861236572266,17.944035933783862,17.75975700404815,17.828861236572266,93400,0.0,0.0,0.0
2010-11-18 00:00:00-05:00,18.17438681045092,18.374021145696943,18.17438681045092,18.343307495117188,175400,0.0,0.0,0.0
2010-11-19 00:00:00-05:00,18.159028962089298,18.266525268554688,17.967073050302925,18.266525268554688,211100,0.0,0.0,0.0
2010-11-22 00:00:00-05:00,18.197418212890625,18.27419939414181,17.974748686642148,18.197418212890625,97100,0.0,0.0,0.0
2010-11-23 00:00:00-05:00,18.15903160823608,18.15903160823608,17.92868506632913,18.028501510620117,102900,0.0,0.0,0.0
2010-11-24 00:00:00-05:00,18.29724170776183,18.619727773134574,18.29724170776183,18.55830192565918,428500,0.0,0.0,0.0
2010-11-26 00:00:00-05:00,18.343308830073862,18.38170089609259,18.235813974236574,18.335630416870117,126000,0.0,0.0,0.0
2010-11-29 00:00:00-05:00,18.65043676356472,18.888461679924497,18.404731970620517,18.85774803161621,239900,0.0,0.0,0.0
2010-11-30 00:00:00-05:00,18.581331125747592,19.257015228271484,18.581331125747592,19.257015228271484,362000,0.0,0.0,0.0
2010-12-01 00:00:00-05:00,19.28773060747665,20.662134170532227,19.28773060747665,20.662134170532227,731200,0.0,0.0,0.0
2010-12-02 00:00:00-05:00,20.88480306006549,20.88480306006549,20.078587379964926,20.539281845092773,336700,0.0,0.0,0.0
2010-12-03 00:00:00-05:00,20.677492467048236,21.268717067293483,20.59303139143963,20.73891830444336,279200,0.0,0.0,0.0
2010-12-06 00:00:00-05:00,21.115153381811663,21.783160696819593,20.93087585531131,21.268718719482422,302900,0.0,0.0,0.0
2010-12-07 00:00:00-05:00,21.499063878592402,22.94257180891459,21.19961310035441,22.151714324951172,725600,0.0,0.0,0.0
2010-12-08 00:00:00-05:00,22.105645741032294,22.312957033712667,20.90783967584053,21.23032569885254,767000,0.0,0.0,0.0
2010-12-09 00:00:00-05:00,21.437634699215902,22.43580478077783,21.345495223999023,21.345495223999023,412600,0.0,0.0,0.0
2010-12-10 00:00:00-05:00,22.09796065656678,22.159386477428733,21.752439498901367,21.752439498901367,176500,0.0,0.0,0.0
2010-12-13 00:00:00-05:00,22.53562670751841,23.29577202242387,22.428130389743696,23.034711837768555,424500,0.0,0.0,0.0
2010-12-14 00:00:00-05:00,22.842755804545952,23.180598653397983,21.844585548469645,21.852262496948242,377900,0.0,0.0,0.0
2010-12-15 00:00:00-05:00,21.821546494356223,22.32063153513719,21.207288207934617,21.345495223999023,304000,0.0,0.0,0.0
2010-12-16 00:00:00-05:00,22.26688411191203,22.26688411191203,20.178404474155315,20.83873176574707,405000,0.0,0.0,0.0
2010-12-17 00:00:00-05:00,21.06908294530958,21.22264680811563,20.654457440267496,20.938552856445312,158000,0.0,0.0,0.0
2010-12-20 00:00:00-05:00,21.07676168874205,21.07676168874205,20.201441652536296,20.378042221069336,289500,0.0,0.0,0.0
2010-12-21 00:00:00-05:00,20.431789303653915,20.72356166781268,20.431789303653915,20.715883255004883,112200,0.0,0.0,0.0
2010-12-22 00:00:00-05:00,20.74659855763681,20.784989160224132,20.577676391434316,20.623746871948242,140000,0.0,0.0,0.0
2010-12-23 00:00:00-05:00,20.570858699881022,20.570858699881022,20.150885837472497,20.360872268676758,188100,0.342,0.0,0.0
2010-12-27 00:00:00-05:00,20.22088341588256,20.58641423591664,20.026451844576,20.25199317932129,146700,0.0,0.0,0.0
2010-12-28 00:00:00-05:00,20.337539163837324,20.40753463820477,19.76979941254133,19.847572326660156,351900,0.0,0.0,0.0
2010-12-29 00:00:00-05:00,19.785355939356347,20.057560419738273,19.715360459161136,20.04200553894043,170000,0.0,0.0,0.0
2010-12-30 00:00:00-05:00,20.073115787105053,20.236439084720693,20.01089774120272,20.17422103881836,84200,0.0,0.0,0.0
2010-12-31 00:00:00-05:00,20.329762508470935,20.37642714877967,20.220881314540584,20.360872268676758,151800,0.0,0.0,0.0
2011-01-03 00:00:00-05:00,20.609746649105137,21.35636317417511,20.570860928030932,21.30970001220703,335500,0.0,0.0,0.0
2011-01-04 00:00:00-05:00,21.50413120162542,21.65967704994409,20.881950775141036,20.951946258544922,192200,0.0,0.0,0.0
2011-01-05 00:00:00-05:00,20.928615329954706,21.09193862990483,20.609747654723062,20.835289001464844,200700,0.0,0.0,0.0
2011-01-06 00:00:00-05:00,21.130822669532858,21.130822669532858,20.664186614071415,20.928613662719727,158200,0.0,0.0,0.0
2011-01-07 00:00:00-05:00,21.107487958231754,21.107487958231754,20.35309410095215,20.35309410095215,240800,0.0,0.0,0.0
2011-01-10 00:00:00-05:00,20.306433245405195,20.586413691980262,20.306433245405195,20.423091888427734,188000,0.0,0.0,0.0
2011-01-11 00:00:00-05:00,20.40753785505324,20.555306266832304,20.298656648160872,20.4775333404541,183600,0.0,0.0,0.0
2011-01-12 00:00:00-05:00,20.56307740397697,20.819726943969727,20.51641277241848,20.819726943969727,322700,0.0,0.0,0.0
2011-01-13 00:00:00-05:00,20.99860616291731,21.511905306005914,20.90527837172169,21.356359481811523,386800,0.0,0.0,0.0
2011-01-14 00:00:00-05:00,21.457467568655513,21.931881060539855,21.35636232445306,21.760780334472656,492300,0.0,0.0,0.0
2011-01-18 00:00:00-05:00,21.815221786499023,22.00187740101924,21.760781183678613,21.815221786499023,191600,0.0,0.0,0.0
2011-01-19 00:00:00-05:00,21.89299569474145,22.08742727548231,21.200819741990475,21.20859718322754,366700,0.0,0.0,0.0
2011-01-20 00:00:00-05:00,20.936388660091026,21.231923953470314,20.70307140128606,20.811952590942383,356300,0.0,0.0,0.0
2011-01-21 00:00:00-05:00,21.33303333449853,21.535242357028757,21.13860175322661,21.340810775756836,145300,0.0,0.0,0.0
2011-01-24 00:00:00-05:00,21.193038099117548,21.72966957092285,21.146374944341634,21.72966957092285,171600,0.0,0.0,0.0
2011-01-25 00:00:00-05:00,21.231923113254727,21.348583221435547,20.998605863682876,21.348583221435547,219400,0.0,0.0,0.0
2011-01-26 00:00:00-05:00,21.35636303782458,21.768558502197266,21.169708907748785,21.768558502197266,218900,0.0,0.0,0.0
2011-01-27 00:00:00-05:00,21.846334099497845,22.149646912547976,21.426361142909656,22.12631607055664,145700,0.0,0.0,0.0
2011-01-28 00:00:00-05:00,22.242971200697966,22.468511043394237,22.048539636851647,22.13408851623535,274800,0.0,0.0,0.0
2011-01-31 00:00:00-05:00,22.001878809169284,22.55406379699707,21.776337459169586,22.55406379699707,213700,0.0,0.0,0.0
2011-02-01 00:00:00-05:00,22.530731134252893,23.16846796773968,22.390741641599703,22.83404541015625,280300,0.0,0.0,0.0
2011-02-02 00:00:00-05:00,22.888481637568873,22.958477112204463,22.507395988661195,22.787376403808594,123900,0.0,0.0,0.0
2011-02-03 00:00:00-05:00,22.771826661946843,22.802934942668667,22.102981567382812,22.102981567382812,122400,0.0,0.0,0.0
2011-02-04 00:00:00-05:00,22.47628769306691,22.47628769306691,21.628565985854717,21.924102783203125,128900,0.0,0.0,0.0
2011-02-07 00:00:00-05:00,22.53073062594896,22.701831363212595,22.095204308486917,22.499622344970703,143100,0.0,0.0,0.0
2011-02-08 00:00:00-05:00,22.96625842680621,23.00514414887783,22.266303562355343,22.499622344970703,259000,0.0,0.0,0.0
2011-02-09 00:00:00-05:00,22.49184059753942,22.616276664418052,22.196305309551395,22.297409057617188,130600,0.0,0.0,0.0
2011-02-10 00:00:00-05:00,22.05631630130214,22.250747858306863,21.924102783203125,21.924102783203125,156700,0.0,0.0,0.0
2011-02-11 00:00:00-05:00,22.28962937606196,22.28962937606196,21.154150009155273,21.154150009155273,195000,0.0,0.0,0.0
2011-02-14 00:00:00-05:00,21.68300760650334,21.68300760650334,20.026451315435004,20.423091888427734,667900,0.0,0.0,0.0
2011-02-15 00:00:00-05:00,20.578635658166935,21.05304914063189,20.384204097601963,20.967498779296875,243200,0.0,0.0,0.0
2011-02-16 00:00:00-05:00,21.13860173949976,21.13860173949976,20.43864834405442,20.48531150817871,158700,0.0,0.0,0.0
2011-02-17 00:00:00-05:00,20.415313995083135,20.811954559280732,20.33754107366094,20.43864631652832,175400,0.0,0.0,0.0
2011-02-18 00:00:00-05:00,20.531973841103746,20.757515178131804,19.84757535587153,19.92534828186035,352800,0.0,0.0,0.0
2011-02-22 00:00:00-05:00,19.054290086024615,19.520926058279702,18.58765411376953,18.58765411376953,573500,0.0,0.0,0.0
2011-02-23 00:00:00-05:00,18.572098661083935,18.929853439331055,18.572098661083935,18.929853439331055,341700,0.0,0.0,0.0
2011-02-24 00:00:00-05:00,18.929854440644924,18.929854440644924,18.31545007560145,18.657649993896484,230100,0.0,0.0,0.0
2011-02-25 00:00:00-05:00,18.82097505545036,18.93763369138763,18.665429218603983,18.898746490478516,183800,0.0,0.0,0.0
2011-02-28 00:00:00-05:00,18.743200838696342,18.92207750030247,18.66542792566044,18.859859466552734,176200,0.0,0.0,0.0
2011-03-01 00:00:00-05:00,18.906522491987374,19.054290877407645,18.159906092085865,18.5098819732666,235600,0.0,0.0,0.0
2011-03-02 00:00:00-05:00,18.33878695940535,18.33878695940535,18.082137327639185,18.292123794555664,161400,0.0,0.0,0.0
2011-03-03 00:00:00-05:00,18.012137790038736,18.68098276392593,18.012137790038736,18.6420955657959,335300,0.0,0.0,0.0
2011-03-04 00:00:00-05:00,18.665431124107428,18.743204050470247,18.276567975688522,18.393226623535156,136800,0.0,0.0,0.0
2011-03-07 00:00:00-05:00,18.642094705243565,18.665427023044522,18.331004551538463,18.58765411376953,193400,0.0,0.0,0.0
2011-03-08 00:00:00-05:00,18.626543292293256,18.774310203906364,18.432111740112305,18.432111740112305,176800,0.0,0.0,0.0
2011-03-09 00:00:00-05:00,18.47877311706543,18.673204650515114,18.27656414427037,18.47877311706543,136400,0.0,0.0,0.0
2011-03-10 00:00:00-05:00,18.54877142771769,18.69653983111433,18.25323462092441,18.665430068969727,241500,0.0,0.0,0.0
2011-03-11 00:00:00-05:00,18.455444203665255,18.999853191114173,18.455444203665255,18.914302825927734,223400,0.0,0.0,0.0
2011-03-14 00:00:00-04:00,18.494330686237685,18.509884083796198,18.237681084083537,18.401002883911133,209100,0.0,0.0,0.0
2011-03-15 00:00:00-04:00,17.89548080413681,18.17546272277832,17.662162044137194,18.17546272277832,233700,0.0,0.0,0.0
2011-03-16 00:00:00-04:00,17.981029054833606,18.121018514334885,17.4366201621029,17.693269729614258,285000,0.0,0.0,0.0
2011-03-17 00:00:00-04:00,17.911039765110324,18.027698429988483,17.739939005453316,17.76327133178711,263900,0.0,0.0,0.0
2011-03-18 00:00:00-04:00,18.019918834657275,18.346563947322174,17.949923347415137,18.089914321899414,145000,0.0,0.0,0.0
2011-03-21 00:00:00-04:00,18.517658643761525,18.71209017525157,18.47877293082146,18.58765411376953,124400,0.0,0.0,0.0
2011-03-22 00:00:00-04:00,18.44767151177658,18.509889570639068,18.1754684313754,18.377676010131836,127600,0.0,0.0,0.0
2011-03-23 00:00:00-04:00,18.315452661818505,18.67320750950588,18.27656694253286,18.665430068969727,194900,0.0,0.0,0.0
2011-03-24 00:00:00-04:00,18.50210379719795,18.579875216977186,18.17545879058302,18.572097778320312,183000,0.0,0.0,0.0
2011-03-25 00:00:00-04:00,18.44767151177658,18.54877678455033,18.292127106318123,18.377676010131836,155500,0.0,0.0,0.0
2011-03-28 00:00:00-04:00,18.42433757053528,18.478778177466534,18.315454873277485,18.38545036315918,137300,0.0,0.0,0.0
2011-03-29 00:00:00-04:00,18.346561382466277,18.478774897285128,18.276565905009534,18.432111740112305,82400,0.0,0.0,0.0
2011-03-30 00:00:00-04:00,18.43211101217518,18.502106486867604,18.36211553748276,18.424333572387695,151600,0.0,0.0,0.0
2011-03-31 00:00:00-04:00,18.369889758011304,18.4554386138916,18.338780004313232,18.4554386138916,102200,0.0,0.0,0.0
2011-04-01 00:00:00-04:00,18.432109237542242,18.48654982741818,18.393222042348842,18.47099494934082,260100,0.0,0.0,0.0
2011-04-04 00:00:00-04:00,18.463220995275332,18.548771357453806,18.36211723547858,18.53321647644043,267400,0.0,0.0,0.0
2011-04-05 00:00:00-04:00,18.548768938534096,18.704313278198242,18.486550905989453,18.704313278198242,174200,0.0,0.0,0.0
2011-04-06 00:00:00-04:00,18.898749058570093,19.248726497334268,18.898749058570093,19.209840774536133,306500,0.0,0.0,0.0
2011-04-07 00:00:00-04:00,19.01540591154598,19.233168295060413,18.813196924429015,19.108732223510742,162800,0.0,0.0,0.0
2011-04-08 00:00:00-04:00,19.023178796248594,19.202056918187225,18.883189350906473,19.116506576538086,94400,0.0,0.0,0.0
2011-04-11 00:00:00-04:00,19.062072817974187,19.217617196317004,18.743205136466848,18.97652244567871,117700,0.0,0.0,0.0
2011-04-12 00:00:00-04:00,18.85208473445627,18.890971938256694,18.432113317177755,18.49433135986328,223500,0.0,0.0,0.0
2011-04-13 00:00:00-04:00,18.719868802291973,18.7354236818129,18.432110948129626,18.579877853393555,106800,0.0,0.0,0.0
2011-04-14 00:00:00-04:00,18.54099118274689,18.766530990600586,18.385445362341326,18.766530990600586,248200,0.0,0.0,0.0
2011-04-15 00:00:00-04:00,18.657652486065285,18.66542992654209,18.32322996253819,18.401002883911133,223100,0.0,0.0,0.0
2011-04-18 00:00:00-04:00,18.198797272531706,18.331010818481445,17.84882128623795,18.331010818481445,218300,0.0,0.0,0.0
2011-04-19 00:00:00-04:00,18.471000725701497,18.649877429346056,18.362119511899643,18.603214263916016,107500,0.0,0.0,0.0
2011-04-20 00:00:00-04:00,18.64987393018958,18.712091966887822,18.509882976769784,18.540992736816406,127800,0.0,0.0,0.0
2011-04-21 00:00:00-04:00,18.323225127464195,18.509879199468525,18.17545824758246,18.4554386138916,89700,0.0,0.0,0.0
2011-04-25 00:00:00-04:00,18.66542743333443,18.70431314712925,18.47099589757053,18.657649993896484,135800,0.0,0.0,0.0
2011-04-26 00:00:00-04:00,18.626539848918423,18.66542555880804,18.439884287942967,18.572097778320312,62900,0.0,0.0,0.0
2011-04-27 00:00:00-04:00,18.587657147003334,18.665430068969727,18.470998505751293,18.665430068969727,201700,0.0,0.0,0.0
2011-04-28 00:00:00-04:00,18.657649036084674,18.665426475123354,18.4398851931861,18.47099494934082,174300,0.0,0.0,0.0
2011-04-29 00:00:00-04:00,18.548768400829466,18.626541310104457,18.486550370088445,18.58765411376953,63000,0.0,0.0,0.0
2011-05-02 00:00:00-04:00,18.65765022715958,18.65765022715958,18.408778095613503,18.463218688964844,51000,0.0,0.0,0.0
2011-05-03 00:00:00-04:00,18.41655581522457,18.517659563929637,18.144351360933314,18.183237075805664,208000,0.0,0.0,0.0
2011-05-04 00:00:00-04:00,18.455444480930062,18.533217406504775,18.128799380232397,18.2143497467041,77000,0.0,0.0,0.0
2011-05-05 00:00:00-04:00,18.136578060957905,18.206573550420572,17.89548331025055,18.121023178100586,164800,0.0,0.0,0.0
2011-05-06 00:00:00-04:00,18.12101853983755,18.66542743333443,17.996582475620244,18.657649993896484,584000,0.0,0.0,0.0
2011-05-09 00:00:00-04:00,18.486556690208914,18.595437910380923,18.331010818481445,18.331010818481445,115000,0.0,0.0,0.0
2011-05-10 00:00:00-04:00,18.455442458281652,18.743201806352182,18.455442458281652,18.673206329345703,150300,0.0,0.0,0.0
2011-05-11 00:00:00-04:00,18.478773437108774,18.50988171163417,18.284341900291633,18.416555404663086,144900,0.0,0.0,0.0
2011-05-12 00:00:00-04:00,18.331004139911585,18.54876798431265,18.144350051879883,18.144350051879883,152000,0.0,0.0,0.0
2011-05-13 00:00:00-04:00,18.38544605661074,18.38544605661074,18.012137853614416,18.183237075805664,76100,0.0,0.0,0.0
2011-05-16 00:00:00-04:00,18.229901821877604,18.354337890281275,17.942142486572266,17.942142486572266,123800,0.0,0.0,0.0
2011-05-17 00:00:00-04:00,17.88770636788035,17.934369534358915,17.71660710186207,17.817710876464844,119700,0.0,0.0,0.0
2011-05-18 00:00:00-04:00,17.786601690133384,17.84881973674402,17.584392667800014,17.63105583190918,195300,0.0,0.0,0.0
2011-05-19 00:00:00-04:00,17.506615787692382,17.545501501774858,16.433352871635158,16.69000244140625,787700,0.0,0.0,0.0
2011-05-20 00:00:00-04:00,16.550016464812092,16.550016464812092,16.23892475308107,16.246702194213867,350100,0.0,0.0,0.0
2011-05-23 00:00:00-04:00,15.818949288254379,15.842281605712484,15.725621501816796,15.748953819274902,301300,0.0,0.0,0.0
2011-05-24 00:00:00-04:00,15.710069973163174,15.710069973163174,15.126775317972388,15.243433952331543,455900,0.0,0.0,0.0
2011-05-25 00:00:00-04:00,14.924564991907934,15.243432589567167,14.831237202727113,15.173437118530273,520700,0.0,0.0,0.0
2011-05-26 00:00:00-04:00,15.61674273329379,15.943387811200532,15.430088614974949,15.865614891052246,390700,0.0,0.0,0.0
2011-05-27 00:00:00-04:00,16.06004748068952,16.114488083269574,15.888948232095746,15.99782943725586,247000,0.0,0.0,0.0
2011-05-31 00:00:00-04:00,16.15337414837284,16.332250825205513,15.865614790663487,15.920055389404297,291500,0.0,0.0,0.0
2011-06-01 00:00:00-04:00,16.340027958636487,16.340027958636487,15.974497171530873,16.200037002563477,254900,0.0,0.0,0.0
2011-06-02 00:00:00-04:00,16.775553240195485,16.97776222229004,16.43335331023586,16.97776222229004,203500,0.0,0.0,0.0
2011-06-03 00:00:00-04:00,16.534460451745893,16.690004813578422,16.30891912450532,16.38669204711914,89900,0.0,0.0,0.0
2011-06-06 00:00:00-04:00,16.402245668237033,16.402245668237033,16.0444908450556,16.26225471496582,84400,0.0,0.0,0.0
2011-06-07 00:00:00-04:00,16.82221814495936,16.94665570975796,16.713336944580078,16.713336944580078,156600,0.0,0.0,0.0
2011-06-08 00:00:00-04:00,16.71333449660734,16.861102877903782,16.410021778036388,16.596675872802734,235500,0.0,0.0,0.0
2011-06-09 00:00:00-04:00,16.814439758631288,17.001093853770293,16.77555256168886,16.88443374633789,129800,0.0,0.0,0.0
2011-06-10 00:00:00-04:00,16.86110435643033,16.868881796485283,16.4955720908227,16.612232208251953,171700,0.0,0.0,0.0
2011-06-13 00:00:00-04:00,16.752225723993753,16.829997169645083,16.64334302997046,16.775556564331055,124800,0.0,0.0,0.0
2011-06-14 00:00:00-04:00,16.697781237175068,16.876659393310547,16.651118079806913,16.876659393310547,162400,0.0,0.0,0.0
2011-06-15 00:00:00-04:00,16.627788596778636,16.627788596778636,16.09893592844146,16.12226676940918,727500,0.0,0.0,0.0
2011-06-16 00:00:00-04:00,16.456687984601036,16.49557370528662,16.262256414382783,16.371137619018555,97800,0.0,0.0,0.0
2011-06-17 00:00:00-04:00,16.20003987571966,16.20003987571966,15.904504514235912,15.98227596282959,87400,0.0,0.0,0.0
2011-06-20 00:00:00-04:00,15.943387228596828,15.943387228596828,15.678960199792401,15.717845916748047,145800,0.0,0.0,0.0
2011-06-21 00:00:00-04:00,16.270033007920485,16.44890968719125,16.200037527615386,16.316696166992188,122500,0.0,0.0,0.0
2011-06-22 00:00:00-04:00,16.30891819800025,16.30891819800025,16.052268606331406,16.200037002563477,43600,0.0,0.0,0.0
2011-06-23 00:00:00-04:00,15.935613901794454,16.075604892400985,15.748959742117547,15.958946228027344,106900,0.0,0.0,0.0
2011-06-24 00:00:00-04:00,16.01338329099448,16.098933651497102,15.787841970903962,15.865614891052246,59800,0.0,0.0,0.0
2011-06-27 00:00:00-04:00,16.028938953601617,16.137820157083446,15.842284826177709,15.904502868652344,115400,0.0,0.0,0.0
2011-06-28 00:00:00-04:00,15.99005251081405,16.184484088223638,15.756735211280626,16.11448860168457,211500,0.0,0.0,0.0
2011-06-29 00:00:00-04:00,16.15337372502416,16.441131591796875,16.021160210092233,16.441131591796875,94200,0.0,0.0,0.0
2011-06-30 00:00:00-04:00,16.32447335538235,16.32447335538235,15.982273399550955,16.223369598388672,158000,0.0,0.0,0.0
2011-07-01 00:00:00-04:00,15.881169771760918,15.935610370846195,15.748956252527353,15.865614891052246,132000,0.0,0.0,0.0
2011-07-05 00:00:00-04:00,16.13782239879958,16.13782239879958,15.912281036376953,15.912281036376953,91600,0.0,0.0,0.0
2011-07-06 00:00:00-04:00,15.842284006654326,15.943387764172321,15.546747207641602,15.546747207641602,197000,0.0,0.0,0.0
2011-07-07 00:00:00-04:00,15.748956152876746,15.94338771031967,15.608965194174631,15.920055389404297,87000,0.0,0.0,0.0
2011-07-08 00:00:00-04:00,15.702293450213029,15.702293450213029,15.476752125003088,15.616743087768555,67800,0.0,0.0,0.0
2011-07-11 00:00:00-04:00,15.546747182341255,15.546747182341255,15.290097585403169,15.445643424987793,165900,0.0,0.0,0.0
2011-07-12 00:00:00-04:00,15.437865109501214,15.538968861123136,15.422310229745541,15.461195945739746,60300,0.0,0.0,0.0
2011-07-13 00:00:00-04:00,15.507859958202628,15.671181738851047,15.500082518639143,15.515637397766113,114100,0.0,0.0,0.0
2011-07-14 00:00:00-04:00,15.632301245401617,15.710074183616634,15.36009670334677,15.367874145507812,66400,0.0,0.0,0.0
2011-07-15 00:00:00-04:00,15.36009321778626,15.36787065818242,15.282320297219718,15.305652618408203,46700,0.0,0.0,0.0
2011-07-18 00:00:00-04:00,15.258994531705127,15.321212592161398,15.080116309922223,15.111226081848145,105600,0.0,0.0,0.0
2011-07-19 00:00:00-04:00,15.126777942288415,15.367872692910407,15.06455989427644,15.352317810058594,103200,0.0,0.0,0.0
2011-07-20 00:00:00-04:00,15.5623047162971,15.5623047162971,15.352318242074418,15.453423500061035,91400,0.0,0.0,0.0
2011-07-21 00:00:00-04:00,15.437865046709886,15.616741712987642,15.243433500739723,15.258988380432129,110700,0.0,0.0,0.0
2011-07-22 00:00:00-04:00,15.33676076887915,15.546747207641602,15.212324690366971,15.546747207641602,167800,0.0,0.0,0.0
2011-07-25 00:00:00-04:00,15.398978634665372,15.531192152019557,15.181216241419692,15.468974113464355,74800,0.0,0.0,0.0
2011-07-26 00:00:00-04:00,15.422310327241703,15.461196043481735,15.336759971439648,15.406755447387695,49400,0.0,0.0,0.0
2011-07-27 00:00:00-04:00,15.336760896597774,15.554524777505073,15.064557899707497,15.305652618408203,150700,0.0,0.0,0.0
2011-07-28 00:00:00-04:00,15.251211018595425,15.546746317287939,15.150105783472606,15.274541854858398,53100,0.0,0.0,0.0
2011-07-29 00:00:00-04:00,15.181216740704965,15.196771621704102,14.979007737901474,15.196771621704102,126200,0.0,0.0,0.0
2011-08-01 00:00:00-04:00,15.188995407318568,15.196772848445962,14.909013460313272,15.002341270446777,188300,0.0,0.0,0.0
2011-08-02 00:00:00-04:00,14.877902840402577,14.885680281082807,14.699026154942647,14.730135917663574,171500,0.0,0.0,0.0
2011-08-03 00:00:00-04:00,14.660137439937042,14.800128376791433,14.333492415075074,14.56680965423584,135100,0.0,0.0,0.0
2011-08-04 00:00:00-04:00,14.527923305901108,14.597918771262744,13.827970135679518,13.859078407287598,237700,0.0,0.0,0.0
2011-08-05 00:00:00-04:00,14.512371214249296,14.53570353498039,13.983517144838231,14.372380256652832,280700,0.0,0.0,0.0
2011-08-08 00:00:00-04:00,13.812420074322635,14.069069709006193,13.283565922030384,13.454665184020996,295900,0.0,0.0,0.0
2011-08-09 00:00:00-04:00,13.8435267635235,13.991295167515,13.221346352077878,13.827973365783691,243000,0.0,0.0,0.0
2011-08-10 00:00:00-04:00,13.43911075592041,13.69576037096113,13.229124302688412,13.43911075592041,157700,0.0,0.0,0.0
2011-08-11 00:00:00-04:00,13.571323621212656,13.726867980778517,13.330227416283662,13.563546180725098,166500,0.0,0.0,0.0
2011-08-12 00:00:00-04:00,13.95240873722226,13.95240873722226,13.563545629031859,13.633541107177734,130500,0.0,0.0,0.0
2011-08-15 00:00:00-04:00,13.726866176765597,14.09239841466632,13.695757902298777,13.79686164855957,146700,0.0,0.0,0.0
2011-08-16 00:00:00-04:00,13.773530330855234,13.921298724644465,13.470217586641294,13.711312294006348,66200,0.0,0.0,0.0
2011-08-17 00:00:00-04:00,14.037955826909574,14.271274552186386,13.960184401878818,13.967960357666016,173600,0.0,0.0,0.0
2011-08-18 00:00:00-04:00,14.037959589604807,14.061291913404872,13.71131447338011,13.734646797180176,247500,0.0,0.0,0.0
2011-08-19 00:00:00-04:00,13.82797319291365,14.014627314013884,13.742422831136215,13.750200271606445,120500,0.0,0.0,0.0
2011-08-22 00:00:00-04:00,14.372377245291913,14.387932122520185,14.139060020446777,14.139060020446777,186900,0.0,0.0,0.0
2011-08-23 00:00:00-04:00,14.100174986502545,14.341271170275043,14.04573439126197,14.232388496398926,56300,0.0,0.0,0.0
2011-08-24 00:00:00-04:00,14.037956332280265,14.061288650666372,13.80463908199881,13.983515739440918,80900,0.0,0.0,0.0
2011-08-25 00:00:00-04:00,14.045735130449568,14.045735130449568,13.765754699707031,13.765754699707031,85400,0.0,0.0,0.0
2011-08-26 00:00:00-04:00,13.94463155010818,14.232389424689881,13.687981953380824,14.131285667419434,108500,0.0,0.0,0.0
2011-08-29 00:00:00-04:00,14.30238265870973,14.621250244480361,14.30238265870973,14.56680965423584,112000,0.0,0.0,0.0
2011-08-30 00:00:00-04:00,14.590146077561137,14.823463382383533,14.512373148155255,14.69124984741211,113500,0.0,0.0,0.0
2011-08-31 00:00:00-04:00,14.955676368153613,15.1578853838253,14.877903441603705,15.08011245727539,164500,0.0,0.0,0.0
2011-09-01 00:00:00-04:00,15.243434781306416,15.515639265210924,15.188994181204533,15.196771621704102,127600,0.0,0.0,0.0
2011-09-02 00:00:00-04:00,15.13454852232096,15.344534916016821,14.96344932193623,15.188990592956543,272000,0.0,0.0,0.0
2011-09-06 00:00:00-04:00,14.885682358058538,15.22010493699429,14.885682358058538,15.126778602600098,110900,0.0,0.0,0.0
2011-09-07 00:00:00-04:00,15.406760774527658,16.067828562948133,15.406760774527658,16.036720275878906,306300,0.0,0.0,0.0
2011-09-08 00:00:00-04:00,15.857837048788017,16.083378363162293,15.71007013598594,15.795619010925293,168300,0.0,0.0,0.0
2011-09-09 00:00:00-04:00,15.787840179451646,15.787840179451646,15.414531985173387,15.437864303588867,90000,0.0,0.0,0.0
2011-09-12 00:00:00-04:00,15.624520858226969,15.803397544028849,15.313430647398672,15.554525375366211,96800,0.0,0.0,0.0
2011-09-13 00:00:00-04:00,15.468970461401481,15.780062064127051,15.453417067980963,15.632293701171875,77000,0.0,0.0,0.0
2011-09-14 00:00:00-04:00,15.5623047162971,15.624522766059897,15.290100192311622,15.453423500061035,55600,0.0,0.0,0.0
2011-09-15 00:00:00-04:00,15.406756174818089,15.468974213776757,15.227879498236295,15.414533615112305,46200,0.0,0.0,0.0
2011-09-16 00:00:00-04:00,15.025671246536712,15.165662211990615,14.699026154942647,14.730135917663574,266800,0.0,0.0,0.0
2011-09-19 00:00:00-04:00,14.85457046921826,15.678959812134242,14.652361482579437,15.461195945739746,504800,0.0,0.0,0.0
2011-09-20 00:00:00-04:00,15.266765066532315,15.297874827403966,15.041225233793021,15.150106430053711,66600,0.0,0.0,0.0
2011-09-21 00:00:00-04:00,14.947896392442177,14.947896392442177,14.395711526022753,14.426819801330566,81500,0.0,0.0,0.0
2011-09-22 00:00:00-04:00,14.31793883266325,14.520147817153376,13.874635148101998,13.94463062286377,239100,0.0,0.0,0.0
2011-09-23 00:00:00-04:00,14.146839463778493,14.177947739248584,13.789084653805267,14.08462142944336,118500,0.0,0.0,0.0
2011-09-26 00:00:00-04:00,13.960184139268854,14.170169059654583,13.804638325343674,14.061287879943848,77300,0.0,0.0,0.0
2011-09-27 00:00:00-04:00,14.333493730469964,14.652361345503303,14.185725340963428,14.232388496398926,99700,0.0,0.0,0.0
2011-09-28 00:00:00-04:00,14.232392604432086,14.232392604432086,13.913524897360876,13.936857223510742,102100,0.0,0.0,0.0
2011-09-29 00:00:00-04:00,13.929078329300651,14.209060280328279,13.765756513464694,13.921300888061523,132700,0.0,0.0,0.0
2011-09-30 00:00:00-04:00,13.827973617297202,13.827973617297202,13.415778160095215,13.415778160095215,184100,0.0,0.0,0.0
2011-10-03 00:00:00-04:00,13.369112916558654,13.602430167898913,13.221344532899208,13.338003158569336,283200,0.0,0.0,0.0
2011-10-04 00:00:00-04:00,13.143571046852456,13.314671741525563,12.941362078944591,13.306894302368164,239100,0.0,0.0,0.0
2011-10-05 00:00:00-04:00,13.33800473836727,13.493550579947417,13.104687459392132,13.400222778320312,97000,0.0,0.0,0.0
2011-10-06 00:00:00-04:00,13.423554450228881,13.77353035176196,13.41577701018659,13.641318321228027,132000,0.0,0.0,0.0
2011-10-07 00:00:00-04:00,13.532438050822996,13.63354330595971,13.384669630528332,13.540215492248535,87000,0.0,0.0,0.0
2011-10-10 00:00:00-04:00,13.742425351358296,13.843529129222508,13.672429857684856,13.812420845031738,71900,0.0,0.0,0.0
2011-10-11 00:00:00-04:00,13.602431346492885,13.750199742955846,13.547990748689434,13.633541107177734,61700,0.0,0.0,0.0
2011-10-12 00:00:00-04:00,13.57910009833867,13.773531667788388,13.563546700163007,13.680205345153809,77200,0.0,0.0,0.0
2011-10-13 00:00:00-04:00,13.470217111124384,13.625762939453125,13.361335921331241,13.625762939453125,112600,0.0,0.0,0.0
2011-10-14 00:00:00-04:00,13.695759773254395,13.835750735966279,13.6879823327265,13.695759773254395,46300,0.0,0.0,0.0
2011-10-17 00:00:00-04:00,13.586875570918854,13.602430450236376,13.361335754394531,13.361335754394531,74200,0.0,0.0,0.0
2011-10-18 00:00:00-04:00,13.330228225812748,13.905745506286621,13.299119945368444,13.905745506286621,231600,0.0,0.0,0.0
2011-10-19 00:00:00-04:00,13.633543297068472,13.820197440973821,13.579101207125214,13.757979393005371,178300,0.0,0.0,0.0
2011-10-20 00:00:00-04:00,13.540213231889396,13.695759067643282,13.26023132089041,13.501327514648438,63900,0.0,0.0,0.0
2011-10-21 00:00:00-04:00,13.9290764699855,14.092399747415577,13.87463587197382,13.952408790588379,70800,0.0,0.0,0.0
2011-10-24 00:00:00-04:00,14.053511358698454,14.162392545519873,13.890189578466323,13.960185050964355,243400,0.0,0.0,0.0
2011-10-25 00:00:00-04:00,13.85908260044276,13.89796980596189,13.602432977597346,13.610210418701172,76100,0.0,0.0,0.0
2011-10-26 00:00:00-04:00,14.022405007462197,14.022405007462197,13.703537359405555,13.843526840209961,196300,0.0,0.0,0.0
2011-10-27 00:00:00-04:00,14.263497536045076,14.465706510591017,14.240165217806927,14.341270446777344,111100,0.0,0.0,0.0
2011-10-28 00:00:00-04:00,14.395712154017602,14.520148227467105,14.31793923726291,14.489038467407227,68400,0.0,0.0,0.0
2011-10-31 00:00:00-04:00,14.317941653461787,14.333496536116662,14.09240178854711,14.216837882995605,169200,0.0,0.0,0.0
2011-11-01 00:00:00-04:00,13.820197167718506,13.87463777319008,13.477997168960432,13.734646797180176,64500,0.0,0.0,0.0
2011-11-02 00:00:00-04:00,13.812419726451816,13.921300937394967,13.532437774432006,13.734646797180176,169400,0.0,0.0,0.0
2011-11-03 00:00:00-04:00,13.695761957579728,13.921301835279401,13.672429632274794,13.820198059082031,53400,0.0,0.0,0.0
2011-11-04 00:00:00-04:00,13.695757083307402,13.726865355913983,13.493548119482792,13.656869888305664,27400,0.0,0.0,0.0
2011-11-07 00:00:00-05:00,13.462442454209592,13.602433431964206,13.415779289423142,13.594655990600586,65000,0.0,0.0,0.0
2011-11-08 00:00:00-05:00,13.477995818757062,13.687982261735824,13.431332659226813,13.563546180725098,62500,0.0,0.0,0.0
2011-11-09 00:00:00-05:00,13.299121240957815,13.299121240957815,13.143575373397592,13.236903190612793,107600,0.0,0.0,0.0
2011-11-10 00:00:00-05:00,13.291339464099178,13.43133040256447,13.159125964814718,13.407998085021973,150000,0.0,0.0,0.0
2011-11-11 00:00:00-05:00,13.314674668833707,13.454664154259872,13.275787464497132,13.43911075592041,225000,0.0,0.0,0.0
2011-11-14 00:00:00-05:00,13.003585203594323,13.128021312076916,12.848040809688793,12.941367149353027,195600,0.0,0.0,0.0
2011-11-15 00:00:00-05:00,12.90247927084574,12.949142432898975,12.599166492406946,12.630274772644043,398200,0.0,0.0,0.0
2011-11-16 00:00:00-05:00,12.76248819604022,12.832483680240417,12.684715270996094,12.684715270996094,97400,0.0,0.0,0.0
2011-11-17 00:00:00-05:00,12.68471490688984,12.762487829701547,12.29585251792399,12.428065299987793,151100,0.0,0.0,0.0
2011-11-18 00:00:00-05:00,12.443619552795111,12.443619552795111,12.295851896952579,12.365846633911133,45200,0.0,0.0,0.0
2011-11-21 00:00:00-05:00,12.202525579844934,12.202525579844934,11.945875954729289,11.976984977722168,87200,0.0,0.0,0.0
2011-11-22 00:00:00-05:00,12.186972110903046,12.20252625240797,11.961431496349222,12.070313453674316,57900,0.0,0.0,0.0
2011-11-23 00:00:00-05:00,12.264741625403282,12.264741625403282,12.054755210876465,12.054755210876465,69000,0.0,0.0,0.0
2011-11-25 00:00:00-05:00,12.428064320733688,12.428064320733688,11.922542587382244,12.031424522399902,103100,0.0,0.0,0.0
2011-11-28 00:00:00-05:00,12.358071096195546,12.358071096195546,12.031425992916539,12.14808464050293,248300,0.0,0.0,0.0
2011-11-29 00:00:00-05:00,12.093641913856057,12.21030054096019,12.05475545758886,12.15585994720459,112100,0.0,0.0,0.0
2011-11-30 00:00:00-05:00,12.303627730916249,12.56805474650366,12.256964576222865,12.498059272766113,107200,0.0,0.0,0.0
2011-12-01 00:00:00-05:00,12.194748218070332,12.41251136719371,12.194748218070332,12.319184303283691,76900,0.0,0.0,0.0
2011-12-02 00:00:00-05:00,12.404733316351951,12.53694757751053,12.404733316351951,12.474729537963867,42000,0.0,0.0,0.0
2011-12-05 00:00:00-05:00,12.731380521333634,12.910257219062647,12.731380521333634,12.863594055175781,92300,0.0,0.0,0.0
2011-12-06 00:00:00-05:00,12.739154461938087,12.824704818346678,12.622495828995916,12.700268745422363,75400,0.0,0.0,0.0
2011-12-07 00:00:00-05:00,12.591389051498878,12.715825139237621,12.536948448537572,12.630274772644043,59800,0.0,0.0,0.0
2011-12-08 00:00:00-05:00,12.428065839728825,12.435843280687276,12.132530500283622,12.14808464050293,50400,0.0,0.0,0.0
2011-12-09 00:00:00-05:00,12.085865100144414,12.365846264711978,12.054756081859129,12.21807861328125,82700,0.0,0.0,0.0
2011-12-12 00:00:00-05:00,12.054758577472613,12.078090160592378,11.852549545907571,11.961431503295898,159400,0.0,0.0,0.0
2011-12-13 00:00:00-05:00,11.97698491727379,12.155862354853245,11.860326267063682,11.953653335571289,115000,0.0,0.0,0.0
2011-12-14 00:00:00-05:00,11.829217244227813,12.070312727479006,11.821439803094442,11.953653335571289,253600,0.0,0.0,0.0
2011-12-15 00:00:00-05:00,11.961429257145701,12.046978873651865,11.836993181610364,11.914765357971191,112700,0.0,0.0,0.0
2011-12-16 00:00:00-05:00,11.93809789081211,12.225856506031809,11.76699791305802,12.202524185180664,267900,0.0,0.0,0.0
2011-12-19 00:00:00-05:00,12.12475305932517,12.288075610964674,12.078089155272059,12.14808464050293,271100,0.0,0.0,0.0
2011-12-20 00:00:00-05:00,12.116974258712128,12.435841885252314,12.070311101592717,12.373623847961426,435700,0.0,0.0,0.0
2011-12-21 00:00:00-05:00,12.264743077561649,12.326961117003508,12.078088217538532,12.256965637207031,73900,0.0,0.0,0.0
2011-12-22 00:00:00-05:00,12.054756327268207,12.163638264332057,11.891433792521187,12.02364730834961,213200,0.0,0.0,0.0
2011-12-23 00:00:00-05:00,11.829501411873046,11.90810229940131,11.79020059330853,11.813780784606934,115400,0.163,0.0,0.0
2011-12-27 00:00:00-05:00,11.617277809283586,11.640858750929521,11.381473640029766,11.420774459838867,306600,0.0,0.0,0.0
2011-12-28 00:00:00-05:00,11.475797883825594,11.522958276038059,11.287154066172974,11.295014381408691,116700,0.0,0.0,0.0
2011-12-29 00:00:00-05:00,11.357895046327904,11.467937207358949,11.255713200284983,11.27143383026123,158900,0.0,0.0,0.0
2011-12-30 00:00:00-05:00,11.365753503144589,11.522956029201758,11.295012179018668,11.436494827270508,204300,0.0,0.0,0.0
2012-01-03 00:00:00-05:00,11.515097803181808,11.63300028130094,11.515097803181808,11.59369945526123,104900,0.0,0.0,0.0
2012-01-04 00:00:00-05:00,11.51509498849879,11.538675928119174,11.35003215915973,11.467934608459473,129000,0.0,0.0,0.0
2012-01-05 00:00:00-05:00,11.247853897259034,11.326454800170985,11.224272951744627,11.25571346282959,64100,0.0,0.0,0.0
2012-01-06 00:00:00-05:00,11.177111118372977,11.334313653522923,11.122089668869883,11.31859302520752,121300,0.0,0.0,0.0
2012-01-09 00:00:00-05:00,11.397195054480278,11.507237207621218,11.326453723861162,11.475796699523926,153000,0.0,0.0,0.0
2012-01-10 00:00:00-05:00,11.688020668592635,11.782342198749834,11.67230078836688,11.73518180847168,181200,0.0,0.0,0.0
2012-01-11 00:00:00-05:00,11.695880649581484,11.758761667890994,11.593698807428318,11.743041038513184,179800,0.0,0.0,0.0
2012-01-12 00:00:00-05:00,11.750901948690998,11.970985523927236,11.71160112285573,11.931685447692871,169800,0.0,0.0,0.0
2012-01-13 00:00:00-05:00,11.900243294508645,12.081026018958518,11.900243294508645,11.915963172912598,125500,0.0,0.0,0.0
2012-01-17 00:00:00-05:00,12.253950059179441,12.253950059179441,12.088887201277442,12.167488098144531,141900,0.0,0.0,0.0
2012-01-18 00:00:00-05:00,12.238229741746455,12.529054641723633,12.18320903757806,12.529054641723633,156000,0.0,0.0,0.0
2012-01-19 00:00:00-05:00,12.733418464660645,12.882759940441993,12.599796118455133,12.733418464660645,149600,0.0,0.0,0.0
2012-01-20 00:00:00-05:00,12.87490066626762,12.87490066626762,12.764859254337697,12.85132122039795,66600,0.0,0.0,0.0
2012-01-23 00:00:00-05:00,12.867041850445595,12.867041850445595,12.639097212360127,12.85132122039795,158700,0.0,0.0,0.0
2012-01-24 00:00:00-05:00,12.796299480569022,12.81201861014486,12.733418464660645,12.733418464660645,37400,0.0,0.0,0.0
2012-01-25 00:00:00-05:00,12.654817112823823,12.969222199641456,12.654817112823823,12.9613618850708,98100,0.0,0.0,0.0
2012-01-26 00:00:00-05:00,12.969223549151891,12.984944179929009,12.851321816727248,12.937782287597656,65600,0.0,0.0,0.0
2012-01-27 00:00:00-05:00,12.83560180253959,13.087125910248568,12.83560180253959,13.079265594482422,253100,0.0,0.0,0.0
2012-01-30 00:00:00-05:00,13.016382211378453,13.25218714407255,13.016382211378453,13.197166442871094,154300,0.0,0.0,0.0
2012-01-31 00:00:00-05:00,13.244324989687007,13.480128390419123,13.20502342343068,13.440828323364258,420100,0.0,0.0,0.0
2012-02-01 00:00:00-05:00,13.503710486348261,13.747374221193908,13.487989858499745,13.519431114196777,179300,0.0,0.0,0.0
2012-02-02 00:00:00-05:00,14.093217895345491,14.423343522257145,13.936014644739442,13.998895645141602,483300,0.0,0.0,0.0
2012-02-03 00:00:00-05:00,14.038199061860041,14.148240452300115,14.038199061860041,14.093219757080078,169900,0.0,0.0,0.0
2012-02-06 00:00:00-05:00,13.991037864503246,14.053918876284323,13.880996468686753,13.928156852722168,156300,0.0,0.0,0.0
2012-02-07 00:00:00-05:00,14.077503006741631,14.187544427484728,13.967461585998535,13.967461585998535,62500,0.0,0.0,0.0
2012-02-08 00:00:00-05:00,14.399765817368685,14.399765817368685,14.148241759297875,14.195402145385742,187300,0.0,0.0,0.0
2012-02-09 00:00:00-05:00,14.2111242340318,14.391906981945713,14.132522583007812,14.132522583007812,120600,0.0,0.0,0.0
2012-02-10 00:00:00-05:00,13.92815577016753,13.975317649738901,13.770954002534003,13.778814315795898,142800,0.0,0.0,0.0
2012-02-13 00:00:00-05:00,13.794534630675415,13.818115572491159,13.425108870771615,13.550870895385742,286200,0.0,0.0,0.0
2012-02-14 00:00:00-05:00,13.755236683923735,13.794536760482789,13.456552204150192,13.629474639892578,221600,0.0,0.0,0.0
2012-02-15 00:00:00-05:00,13.456551442389314,13.70021520150591,13.385810109226151,13.495851516723633,169300,0.0,0.0,0.0
2012-02-16 00:00:00-05:00,13.629475834367792,13.825979232788086,13.598034571003607,13.825979232788086,150300,0.0,0.0,0.0
2012-02-17 00:00:00-05:00,13.928158628911401,14.03034122308748,13.849558478562749,13.936018943786621,248800,0.0,0.0,0.0
2012-02-21 00:00:00-05:00,14.250425256003924,14.38404762185512,14.108944073810212,14.344747543334961,322900,0.0,0.0,0.0
2012-02-22 00:00:00-05:00,14.384045872999192,14.643430257620432,14.352606113845985,14.580549240112305,271900,0.0,0.0,0.0
2012-02-23 00:00:00-05:00,14.71417186700332,15.012857830196896,14.596270144353957,14.989276885986328,216500,0.0,0.0,0.0
2012-02-24 00:00:00-05:00,14.957837701376336,15.539487521452736,14.957837701376336,15.468746185302734,497000,0.0,0.0,0.0
2012-02-27 00:00:00-05:00,15.570927300678507,15.783151309377542,15.41372549731766,15.712409973144531,280400,0.0,0.0,0.0
2012-02-28 00:00:00-05:00,15.46088470266917,15.53162603347684,15.154339935303723,15.35870361328125,241800,0.0,0.0,0.0
2012-02-29 00:00:00-05:00,15.36656137849874,15.36656137849874,14.942114921857637,15.060016632080078,218700,0.0,0.0,0.0
2012-03-01 00:00:00-05:00,15.06002052670054,15.586649701138692,15.06002052670054,15.476608276367188,527400,0.0,0.0,0.0
2012-03-02 00:00:00-05:00,15.696687695100524,15.924632309964974,15.673108251632922,15.877471923828125,252000,0.0,0.0,0.0
2012-03-05 00:00:00-05:00,16.136855868694546,16.545581703050505,16.136855868694546,16.396240234375,741200,0.0,0.0,0.0
2012-03-06 00:00:00-05:00,15.81458878337321,15.963930235931654,15.177916909702798,15.460882186889648,693600,0.0,0.0,0.0
2012-03-07 00:00:00-05:00,15.673108685020509,15.87747236286671,15.602367354258298,15.728129386901855,308400,0.0,0.0,0.0
2012-03-08 00:00:00-05:00,15.838170790664545,15.87747236286671,15.484465636055175,15.728129386901855,247600,0.0,0.0,0.0
2012-03-09 00:00:00-05:00,15.877471752689035,15.901051195902479,15.625946197866464,15.830309867858887,178700,0.0,0.0,0.0
2012-03-12 00:00:00-04:00,15.72813238967461,15.75171333749792,15.413727248040333,15.476608276367188,287300,0.0,0.0,0.0
2012-03-13 00:00:00-04:00,15.578787597446382,15.625947988479117,15.327263513002729,15.468746185302734,276400,0.0,0.0,0.0
2012-03-14 00:00:00-04:00,15.775292979612694,15.775292979612694,14.997139682322604,15.044300079345703,308000,0.0,0.0,0.0
2012-03-15 00:00:00-04:00,15.72026940338568,16.01109504699707,15.366562742128815,16.01109504699707,431600,0.0,0.0,0.0
2012-03-16 00:00:00-04:00,15.531626023496086,15.735989701342287,15.531626023496086,15.728129386901855,199700,0.0,0.0,0.0
2012-03-19 00:00:00-04:00,15.767428174577523,15.767428174577523,15.57092482719026,15.657386779785156,111200,0.0,0.0,0.0
2012-03-20 00:00:00-04:00,15.484466573459981,15.69668907939254,15.3665633489175,15.51590633392334,130400,0.0,0.0,0.0
2012-03-21 00:00:00-04:00,15.75956989124701,15.75956989124701,15.531626758494316,15.618088722229004,125600,0.0,0.0,0.0
2012-03-22 00:00:00-04:00,15.610228912441872,15.641668673506878,15.48446686977824,15.555208206176758,152900,0.0,0.0,0.0
2012-03-23 00:00:00-04:00,15.72026914233942,15.798870787891456,15.625946867836639,15.633807182312012,52800,0.0,0.0,0.0
2012-03-26 00:00:00-04:00,15.704547840048415,15.830309867858887,15.704547840048415,15.830309867858887,335300,0.0,0.0,0.0
2012-03-27 00:00:00-04:00,15.633805313497174,15.649525940568726,15.232938318381667,15.350841522216797,279400,0.0,0.0,0.0
2012-03-28 00:00:00-04:00,15.413724495074625,15.413724495074625,15.170059242026127,15.225081443786621,165800,0.0,0.0,0.0
2012-03-29 00:00:00-04:00,15.170058770806056,15.358703315435992,14.808493308535605,14.949975967407227,175000,0.0,0.0,0.0
2012-03-30 00:00:00-04:00,15.44516720204702,15.44516720204702,14.926398337186962,15.044300079345703,337700,0.0,0.0,0.0
2012-04-02 00:00:00-04:00,15.138619952347435,15.908912810451495,15.00499759947618,15.319402694702148,459600,0.0,0.0,0.0
2012-04-03 00:00:00-04:00,15.2879605131321,15.405862217765717,15.272239886060548,15.350841522216797,115000,0.0,0.0,0.0
2012-04-04 00:00:00-04:00,15.209356134437918,15.29581656933796,15.01285282908136,15.036432266235352,151900,0.0,0.0,0.0
2012-04-05 00:00:00-04:00,15.052157180285738,15.335122500387735,15.028577736411686,15.311541557312012,117200,0.0,0.0,0.0
2012-04-09 00:00:00-04:00,15.146478652954102,15.49232347124479,15.036435756951072,15.146478652954102,359400,0.0,0.0,0.0
2012-04-10 00:00:00-04:00,15.091459132220663,15.20936085216579,14.87137482224184,14.88709545135498,357000,0.0,0.0,0.0
2012-04-11 00:00:00-04:00,15.240801511458402,15.688828973235713,15.240801511458402,15.625947952270508,481400,0.0,0.0,0.0
2012-04-12 00:00:00-04:00,15.704546516662948,16.191875457763672,15.704546516662948,16.191875457763672,467300,0.0,0.0,0.0
2012-04-13 00:00:00-04:00,15.99537473154447,16.026814491383057,15.822450805226117,15.869612693786621,162300,0.0,0.0,0.0
2012-04-16 00:00:00-04:00,16.06611395656215,16.286196744152413,16.03467270164837,16.16043472290039,316400,0.0,0.0,0.0
2012-04-17 00:00:00-04:00,16.23903539291206,16.66348331373583,16.2311750796522,16.624181747436523,400100,0.0,0.0,0.0
2012-04-18 00:00:00-04:00,16.404097118014388,16.50627818043518,16.254754181367424,16.372655868530273,353600,0.0,0.0,0.0
2012-04-19 00:00:00-04:00,16.14471707158507,16.18401714462097,15.916772450212136,15.940353393554688,241000,0.0,0.0,0.0
2012-04-20 00:00:00-04:00,16.026812828177682,16.066114397899526,15.853890419006348,15.853890419006348,83700,0.0,0.0,0.0
2012-04-23 00:00:00-04:00,15.861749679624317,15.861749679624317,15.625944774557059,15.735987663269043,156400,0.0,0.0,0.0
2012-04-24 00:00:00-04:00,15.885328498063261,16.00323169557641,15.87746968415039,15.963930130004883,143300,0.0,0.0,0.0
2012-04-25 00:00:00-04:00,16.13685463337677,16.254756336169187,16.13685463337677,16.199735641479492,90000,0.0,0.0,0.0
2012-04-26 00:00:00-04:00,16.026817363994933,16.17616037280095,15.893194987526819,16.113279342651367,153400,0.0,0.0,0.0
2012-04-27 00:00:00-04:00,16.27833859962593,16.37266087773482,16.1761575059429,16.32550048828125,156000,0.0,0.0,0.0
2012-04-30 00:00:00-04:00,16.27047807930459,16.411959232841546,16.21545588163836,16.40410041809082,240000,0.0,0.0,0.0
2012-05-01 00:00:00-04:00,16.333357780166946,16.632042190362988,16.333357780166946,16.616321563720703,320200,0.0,0.0,0.0
2012-05-02 00:00:00-04:00,16.427683900240662,16.427683900240662,16.199740736379585,16.301921844482422,133000,0.0,0.0,0.0
2012-05-03 00:00:00-04:00,16.301920237556015,16.301920237556015,16.113277172513733,16.128997802734375,156000,0.0,0.0,0.0
2012-05-04 00:00:00-04:00,16.176154789909152,16.207596043733602,15.979651451110838,15.97965145111084,166700,0.0,0.0,0.0
2012-05-07 00:00:00-04:00,16.223315093974,16.553440761546796,16.152573772408296,16.537721633911133,165000,0.0,0.0,0.0
2012-05-08 00:00:00-04:00,16.490561118344267,16.624183459117194,16.34121964863459,16.545581817626953,419600,0.0,0.0,0.0
2012-05-09 00:00:00-04:00,16.388375620304185,16.726361538248298,16.372654996399525,16.58487892150879,254600,0.0,0.0,0.0
2012-05-10 00:00:00-04:00,16.482703150099905,16.710647792942613,16.482703150099905,16.60846519470215,183200,0.0,0.0,0.0
2012-05-11 00:00:00-04:00,16.33335716434752,16.33335716434752,15.932490195292058,16.066112518310547,149000,0.0,0.0,0.0
2012-05-14 00:00:00-04:00,15.70454845367243,15.712408768117914,15.350843298835766,15.35870361328125,388800,0.0,0.0,0.0
2012-05-15 00:00:00-04:00,15.122898744914814,15.122898744914814,14.674871313937457,14.682731628417969,761600,0.0,0.0,0.0
2012-05-16 00:00:00-04:00,14.745612715789028,14.769193659343673,14.54910935043875,14.588409423828125,285200,0.0,0.0,0.0
2012-05-17 00:00:00-04:00,14.509808251597942,14.5176685663728,14.281865119934082,14.281865119934082,304800,0.0,0.0,0.0
2012-05-18 00:00:00-04:00,14.266144939988052,14.266144939988052,13.95960015011648,14.132522583007812,339400,0.0,0.0,0.0
2012-05-21 00:00:00-04:00,14.533389669901448,14.863515405203126,14.486229278916008,14.800634384155273,337800,0.0,0.0,0.0
2012-05-22 00:00:00-04:00,14.745610003384288,14.808491008761562,14.588406740340389,14.635568618774414,126600,0.0,0.0,0.0
2012-05-23 00:00:00-04:00,14.384042471870604,14.384042471870604,14.09321839686195,14.242561340332031,351000,0.0,0.0,0.0
2012-05-24 00:00:00-04:00,14.360465745495738,14.360465745495738,14.0539194879205,14.195402145385742,133900,0.0,0.0,0.0
2012-05-25 00:00:00-04:00,14.533393326690707,14.674876034447701,14.415491569960604,14.564834594726562,190200,0.0,0.0,0.0
2012-05-29 00:00:00-04:00,14.305450346820363,14.792778015136719,14.305450346820363,14.792778015136719,187200,0.0,0.0,0.0
2012-05-30 00:00:00-04:00,14.564827455326249,14.714168907685702,14.494086136123796,14.501946449279785,116200,0.0,0.0,0.0
2012-05-31 00:00:00-04:00,14.478369725578851,14.494090356468313,14.03034223964235,14.266145706176758,356300,0.0,0.0,0.0
2012-06-01 00:00:00-04:00,14.116799099217353,14.163960979818933,13.97531795501709,13.97531795501709,163200,0.0,0.0,0.0
2012-06-04 00:00:00-04:00,13.951739570866199,13.983180830361055,13.621613842179041,13.723794937133789,234300,0.0,0.0,0.0
2012-06-05 00:00:00-04:00,13.83383608465134,14.00675849224891,13.810255143032844,13.928156852722168,109300,0.0,0.0,0.0
2012-06-06 00:00:00-04:00,14.23470279444162,14.470506208808994,14.23470279444162,14.407625198364258,101200,0.0,0.0,0.0
2012-06-07 00:00:00-04:00,14.431207372561705,14.74561245164985,14.431207372561705,14.604129791259766,128300,0.0,0.0,0.0
2012-06-08 00:00:00-04:00,14.313303452842147,14.58054813173687,14.313303452842147,14.556968688964844,56900,0.0,0.0,0.0
2012-06-11 00:00:00-04:00,14.596267526153687,14.596267526153687,14.368324436479028,14.3919038772583,144300,0.0,0.0,0.0
2012-06-12 00:00:00-04:00,14.384045339728116,14.454786669202326,14.344745267443182,14.399765968322754,120700,0.0,0.0,0.0
2012-06-13 00:00:00-04:00,14.30544728340041,14.478369725578851,14.148243972909553,14.266145706176758,79900,0.0,0.0,0.0
2012-06-14 00:00:00-04:00,14.274003461267979,14.360465416449303,14.226843076260716,14.305444717407227,53600,0.0,0.0,0.0
2012-06-15 00:00:00-04:00,14.541246618429888,14.63556887776564,14.470505298728439,14.619848251342773,87100,0.0,0.0,0.0
2012-06-18 00:00:00-04:00,14.478367820654093,14.863514231560757,14.439067747803044,14.690591812133789,139100,0.0,0.0,0.0
2012-06-19 00:00:00-04:00,14.541253222874547,14.926399749954536,14.486232504606281,14.863518714904785,197000,0.0,0.0,0.0
2012-06-20 00:00:00-04:00,14.800631783000256,14.894954047596155,14.737750773003503,14.784911155700684,82600,0.0,0.0,0.0
2012-06-21 00:00:00-04:00,14.75347495643296,14.777054403864296,14.29758714927039,14.344747543334961,138800,0.0,0.0,0.0
2012-06-22 00:00:00-04:00,14.258281239048474,14.501946449279785,14.258281239048474,14.501946449279785,52300,0.0,0.0,0.0
2012-06-25 00:00:00-04:00,14.376184913565785,14.376184913565785,14.02247830583286,14.101079940795898,101900,0.0,0.0,0.0
2012-06-26 00:00:00-04:00,13.936017171328157,14.108941078186035,13.912437728903232,14.108941078186035,32400,0.0,0.0,0.0
2012-06-27 00:00:00-04:00,13.96745848933372,14.10894114132272,13.888856849428546,14.014618873596191,63700,0.0,0.0,0.0
2012-06-28 00:00:00-04:00,13.888858795166017,13.983181076106474,13.818117459261122,13.888858795166016,52500,0.0,0.0,0.0
2012-06-29 00:00:00-04:00,14.156100646815212,14.446924747448778,14.156100646815212,14.439065933227539,73200,0.0,0.0,0.0
2012-07-02 00:00:00-04:00,14.258283461581167,14.281864404724848,14.093221357180418,14.23470401763916,68200,0.0,0.0,0.0
2012-07-03 00:00:00-04:00,14.06178009965551,14.258283461581167,14.006759398188594,14.23470401763916,58700,0.0,0.0,0.0
2012-07-05 00:00:00-04:00,14.187539950334088,14.305443148725837,13.857414293080371,13.912436485290527,103400,0.0,0.0,0.0
2012-07-06 00:00:00-04:00,13.849556750309453,14.006758530591691,13.72379322720145,13.80239486694336,80200,0.0,0.0,0.0
2012-07-09 00:00:00-04:00,13.778815725522698,13.778815725522698,13.519431358148072,13.66091251373291,89200,0.0,0.0,0.0
2012-07-10 00:00:00-04:00,13.715934130868389,13.770954827797468,13.362227508893529,13.448689460754395,81100,0.0,0.0,0.0
2012-07-11 00:00:00-04:00,13.53515117288371,13.676633834838867,13.527290858419345,13.676633834838867,106600,0.0,0.0,0.0
2012-07-12 00:00:00-04:00,13.676634547093272,13.77881714124979,13.472270857982005,13.723794937133789,78800,0.0,0.0,0.0
2012-07-13 00:00:00-04:00,14.08536104279919,14.336885106191765,14.014619712569822,14.23470401763916,124000,0.0,0.0,0.0
2012-07-16 00:00:00-04:00,14.10894254826878,14.124661678456063,13.80239627198991,13.865277290344238,96100,0.0,0.0,0.0
2012-07-17 00:00:00-04:00,14.29758714927039,14.360468174423783,14.108944073810212,14.344747543334961,71800,0.0,0.0,0.0
2012-07-18 00:00:00-04:00,14.187542972102719,14.384046345673125,14.148242897069343,14.274004936218262,39400,0.0,0.0,0.0
2012-07-19 00:00:00-04:00,14.486226053532379,14.635569007470234,14.462645113689097,14.611988067626953,45100,0.0,0.0,0.0
2012-07-20 00:00:00-04:00,14.40762490011529,14.40762490011529,14.187540618513854,14.211121559143066,67800,0.0,0.0,0.0
2012-07-23 00:00:00-04:00,14.038199061860041,14.148240452300115,14.014618121393665,14.093219757080078,140800,0.0,0.0,0.0
2012-07-24 00:00:00-04:00,14.093221167596152,14.093221167596152,13.763095464033883,13.786676406860352,114400,0.0,0.0,0.0
2012-07-25 00:00:00-04:00,13.92816034031778,13.95174128784092,13.755237889420624,13.825979232788086,66700,0.0,0.0,0.0
2012-07-26 00:00:00-04:00,14.093221977908529,14.093221977908529,13.936018681763402,13.951739311218262,61000,0.0,0.0,0.0
2012-07-27 00:00:00-04:00,13.920297187467623,14.069640159606934,13.778816028769047,14.069640159606934,42200,0.0,0.0,0.0
2012-07-30 00:00:00-04:00,14.046057519844199,14.053916333093325,13.904574894139017,13.998895645141602,41500,0.0,0.0,0.0
2012-07-31 00:00:00-04:00,13.983180379542501,14.022480453442267,13.865277159439762,13.873137474060059,91900,0.0,0.0,0.0
2012-08-01 00:00:00-04:00,14.061778435610705,14.061778435610705,13.778814647380308,13.849555969238281,83500,0.0,0.0,0.0
2012-08-02 00:00:00-04:00,13.825978226999514,13.873138619413094,13.668774920018453,13.739516258239746,67600,0.0,0.0,0.0
2012-08-03 00:00:00-04:00,13.983179079193011,14.171822114932345,13.983179079193011,14.140380859375,140600,0.0,0.0,0.0
2012-08-06 00:00:00-04:00,14.321163556018266,14.321163556018266,14.108941078186035,14.108941078186035,128000,0.0,0.0,0.0
2012-08-07 00:00:00-04:00,14.069640873276828,14.17968377900419,14.069640873276828,14.116801261901855,87500,0.0,0.0,0.0
2012-08-08 00:00:00-04:00,14.093221165488105,14.187541938376556,14.093221165488105,14.156102180480957,57100,0.0,0.0,0.0
2012-08-09 00:00:00-04:00,14.187543212696038,14.321165568957962,14.163963766956856,14.226844787597656,33800,0.0,0.0,0.0
2012-08-10 00:00:00-04:00,14.179681907838818,14.226842290240514,14.140380339836135,14.171821594238281,52800,0.0,0.0,0.0
2012-08-13 00:00:00-04:00,14.108944335131516,14.108944335131516,13.983182282495406,14.085363388061523,150400,0.0,0.0,0.0
2012-08-14 00:00:00-04:00,14.187541218537895,14.360465125395773,14.093220450435032,14.108941078186035,107800,0.0,0.0,0.0
2012-08-15 00:00:00-04:00,14.132521878523336,14.321164932056261,14.132521878523336,14.297585487365723,106400,0.0,0.0,0.0
2012-08-16 00:00:00-04:00,14.368325730484115,14.376186044518926,14.211122448191091,14.305444717407227,112400,0.0,0.0,0.0
2012-08-17 00:00:00-04:00,14.30544402360846,14.31330283806052,14.20326144531326,14.28972339630127,31300,0.0,0.0,0.0
2012-08-20 00:00:00-04:00,14.368329048156738,14.399768812353875,14.281867073011192,14.368329048156738,50300,0.0,0.0,0.0
2012-08-21 00:00:00-04:00,13.936015925607721,13.998896931789314,13.755233220235827,13.912436485290527,384700,0.0,0.0,0.0
2012-08-22 00:00:00-04:00,13.810254199557798,13.857414580371357,13.645192117109605,13.770954132080078,159300,0.0,0.0,0.0
2012-08-23 00:00:00-04:00,13.32292825726953,13.346507700714264,12.804159512662377,12.906340599060059,512400,0.0,0.0,0.0
2012-08-24 00:00:00-04:00,13.157863353342393,13.401527073070541,13.102842658487795,13.330785751342773,237200,0.0,0.0,0.0
2012-08-27 00:00:00-04:00,12.945642339800537,13.008523362428765,12.898481947629827,12.953502655029297,230000,0.0,0.0,0.0
2012-08-28 00:00:00-04:00,12.922061611694868,13.063544273376465,12.922061611694868,13.063544273376465,183700,0.0,0.0,0.0
2012-08-29 00:00:00-04:00,13.220743874133756,13.299345506399764,13.181443807601473,13.236464500427246,133900,0.0,0.0,0.0
2012-08-30 00:00:00-04:00,13.260045439867481,13.362226512372281,13.1264231147757,13.236464500427246,204200,0.0,0.0,0.0
2012-08-31 00:00:00-04:00,13.34650765832764,13.432969615221456,13.322928214957791,13.401528358459473,101900,0.0,0.0,0.0
2012-09-04 00:00:00-04:00,13.527289953569996,13.558731209324323,13.425108870771615,13.550870895385742,204700,0.0,0.0,0.0
2012-09-05 00:00:00-04:00,13.377947138665771,13.417247205198056,13.236464500427246,13.236464500427246,123700,0.0,0.0,0.0
2012-09-06 00:00:00-04:00,13.291487064476208,13.440830036886517,13.291487064476208,13.362228393554688,195400,0.0,0.0,0.0
2012-09-07 00:00:00-04:00,13.330787505429143,13.362228763312572,13.28362711780569,13.307208061218262,109700,0.0,0.0,0.0
2012-09-10 00:00:00-04:00,13.008521185477464,13.04782275504421,12.969221115112305,12.969221115112305,138400,0.0,0.0,0.0
2012-09-11 00:00:00-04:00,12.89061994987236,13.000662849509949,12.662676834797658,12.694116592407227,342100,0.0,0.0,0.0
2012-09-12 00:00:00-04:00,12.874899890629571,12.874899890629571,12.70983778267872,12.717698097229004,168300,0.0,0.0,0.0
2012-09-13 00:00:00-04:00,13.267906256198632,13.267906256198632,12.780578761164753,12.984942436218262,464200,0.0,0.0,0.0
2012-09-14 00:00:00-04:00,13.134284637617101,13.346508638745279,13.079263933443517,13.244327545166016,208700,0.0,0.0,0.0
2012-09-17 00:00:00-04:00,13.315066700420768,13.315066700420768,13.165723742667817,13.260046005249023,184300,0.0,0.0,0.0
2012-09-18 00:00:00-04:00,13.142145990094578,13.142145990094578,12.874901263691056,12.937782287597656,179300,0.0,0.0,0.0
2012-09-19 00:00:00-04:00,13.142144888272915,13.142144888272915,12.843460424558373,12.94564151763916,190400,0.0,0.0,0.0
2012-09-20 00:00:00-04:00,12.788438995177213,12.788438995177213,12.678396094407756,12.686256408691406,190000,0.0,0.0,0.0
2012-09-21 00:00:00-04:00,12.93778202457178,13.142145722913975,12.914202578087343,12.953502655029297,182400,0.0,0.0,0.0
2012-09-24 00:00:00-04:00,12.75699790862524,12.764858223013995,12.654816819974755,12.733418464660645,130700,0.0,0.0,0.0
2012-09-25 00:00:00-04:00,12.68625733836667,12.709838282945682,12.411153064686124,12.442593574523926,364300,0.0,0.0,0.0
2012-09-26 00:00:00-04:00,12.607655940368922,12.646956011575906,12.529053549152525,12.615514755249023,191400,0.0,0.0,0.0
2012-09-27 00:00:00-04:00,12.599796377378151,12.74127754167815,12.56049480462673,12.717698097229004,187000,0.0,0.0,0.0
2012-09-28 00:00:00-04:00,12.623375069330743,12.623375069330743,12.529053549152525,12.615514755249023,68800,0.0,0.0,0.0
2012-10-01 00:00:00-04:00,12.591937592281315,12.62337735509951,12.44259459608969,12.56049633026123,128100,0.0,0.0,0.0
2012-10-02 00:00:00-04:00,12.513333358607662,12.513333358607662,12.371850707067374,12.387571334838867,114700,0.0,0.0,0.0
2012-10-03 00:00:00-04:00,12.458315227099732,12.56835664576625,12.450454911594711,12.56049633026123,104100,0.0,0.0,0.0
2012-10-04 00:00:00-04:00,12.536915555219782,12.568356066189073,12.489755163566297,12.505475044250488,112100,0.0,0.0,0.0
2012-10-05 00:00:00-04:00,12.623376038171829,12.646956982226822,12.4897544365312,12.536914825439453,247600,0.0,0.0,0.0
2012-10-08 00:00:00-04:00,12.576214424445967,12.639095436600133,12.576214424445967,12.631235122680664,51500,0.0,0.0,0.0
2012-10-09 00:00:00-04:00,12.709837025028051,12.709837025028051,12.552634491397686,12.615514755249023,135900,0.0,0.0,0.0
2012-10-10 00:00:00-04:00,12.709836737745263,12.717697051649317,12.591935027587647,12.5997953414917,81200,0.0,0.0,0.0
2012-10-11 00:00:00-04:00,12.717698863396558,12.87490066626762,12.670538472455418,12.85132122039795,96400,0.0,0.0,0.0
2012-10-12 00:00:00-04:00,12.890620145998009,12.890620145998009,12.717697728510336,12.77271842956543,67400,0.0,0.0,0.0
2012-10-15 00:00:00-04:00,12.725557975504074,12.922061334919261,12.615515074774441,12.867040634155273,249000,0.0,0.0,0.0
2012-10-16 00:00:00-04:00,13.063544695194519,13.354368843195815,13.063544695194519,13.2836275100708,329500,0.0,0.0,0.0
2012-10-17 00:00:00-04:00,13.205026626586914,13.291488594122535,13.118566158253115,13.205026626586914,214400,0.0,0.0,0.0
2012-10-18 00:00:00-04:00,13.197167097959383,13.275767246890679,13.118565449826345,13.157865524291992,140700,0.0,0.0,0.0
2012-10-19 00:00:00-04:00,13.055684933979844,13.06354524901605,12.804160849628454,12.882761001586914,170100,0.0,0.0,0.0
2012-10-22 00:00:00-04:00,12.756997369704294,12.977081665686963,12.756997369704294,12.9220609664917,94800,0.0,0.0,0.0
2012-10-23 00:00:00-04:00,12.756997540349705,12.78843879699707,12.686256212094769,12.78843879699707,78800,0.0,0.0,0.0
2012-10-24 00:00:00-04:00,12.741276519150059,12.84345910090157,12.631235122680664,12.631235122680664,115600,0.0,0.0,0.0
2012-10-25 00:00:00-04:00,12.686258297464882,12.725559874734488,12.639097903943231,12.654818534851074,65300,0.0,0.0,0.0
2012-10-26 00:00:00-04:00,12.639097082517864,12.717698732746815,12.584076377118134,12.646957397460938,70600,0.0,0.0,0.0
2012-10-31 00:00:00-04:00,12.576214370492059,12.5997953121493,12.37971102095312,12.387571334838867,277600,0.0,0.0,0.0
2012-11-01 00:00:00-04:00,12.474032720958508,12.701976579768683,12.450452528557676,12.623374938964844,82900,0.0,0.0,0.0
2012-11-02 00:00:00-04:00,12.301110958957398,12.379712608694224,12.230370373715319,12.316831588745117,190300,0.0,0.0,0.0
2012-11-05 00:00:00-05:00,12.316830908872511,12.316830908872511,12.191068875916194,12.222509384155273,69900,0.0,0.0,0.0
2012-11-06 00:00:00-05:00,12.285389342276352,12.379710858868014,12.159627320154135,12.183207511901855,213100,0.0,0.0,0.0
2012-11-07 00:00:00-05:00,12.293249656059185,12.32469016158974,12.183207511901855,12.183207511901855,162900,0.0,0.0,0.0
2012-11-08 00:00:00-05:00,12.324690484440188,12.466172388233469,12.324690484440188,12.332550048828125,72000,0.0,0.0,0.0
2012-11-09 00:00:00-05:00,12.434733798825492,12.57621647403063,12.403293287624454,12.54477596282959,112200,0.0,0.0,0.0
2012-11-12 00:00:00-05:00,12.576215649263576,12.599796593318569,12.497614001615332,12.536914825439453,55300,0.0,0.0,0.0
2012-11-13 00:00:00-05:00,12.466173769502056,12.4818943992214,12.356132359870193,12.442593574523926,95800,0.0,0.0,0.0
2012-11-14 00:00:00-05:00,12.536913621904116,12.576214441955386,12.214648246765137,12.214648246765137,87800,0.0,0.0,0.0
2012-11-15 00:00:00-05:00,12.324692410444804,12.348272606495144,12.222510561425448,12.253951072692871,73800,0.0,0.0,0.0
2012-11-16 00:00:00-05:00,12.277529189240777,12.395431648724614,12.253948997184326,12.387571334838867,85800,0.0,0.0,0.0
2012-11-19 00:00:00-05:00,12.324691997111216,12.387573017537221,12.324691997111216,12.356132507324219,50600,0.0,0.0,0.0
2012-11-20 00:00:00-05:00,12.356130630637638,12.356130630637638,12.27752899224294,12.308969497680664,60400,0.0,0.0,0.0
2012-11-21 00:00:00-05:00,12.308969962435354,12.363990661628613,12.23036907067367,12.29325008392334,71300,0.0,0.0,0.0
2012-11-23 00:00:00-05:00,12.348270515010922,12.395431648724614,12.301109381297229,12.387571334838867,44300,0.0,0.0,0.0
2012-11-26 00:00:00-05:00,12.308970594412528,12.308970594412528,12.191068875916194,12.222509384155273,102200,0.0,0.0,0.0
2012-11-27 00:00:00-05:00,12.183207511901855,12.222508331215243,12.120326500840747,12.183207511901855,133100,0.0,0.0,0.0
2012-11-28 00:00:00-05:00,12.104605744130533,12.191067695617676,12.06530567483722,12.191067695617676,97900,0.0,0.0,0.0
2012-11-29 00:00:00-05:00,12.308971273851258,12.332551468931952,12.261810883689872,12.316831588745117,72800,0.0,0.0,0.0
2012-11-30 00:00:00-05:00,12.316832095227719,12.340412291278058,12.183209734940938,12.253951072692871,102100,0.0,0.0,0.0
2012-12-03 00:00:00-05:00,12.27752899224294,12.332549689358762,12.27752899224294,12.308969497680664,56000,0.0,0.0,0.0
2012-12-04 00:00:00-05:00,12.340411246228228,12.466173280647745,12.332550931676796,12.426873207092285,116500,0.0,0.0,0.0
2012-12-05 00:00:00-05:00,12.544772842579553,12.694115046238512,12.474031522572409,12.639094352722168,229200,0.0,0.0,0.0
2012-12-06 00:00:00-05:00,12.615514796183504,12.701976752161361,12.576214724849,12.670536994934082,90900,0.0,0.0,0.0
2012-12-07 00:00:00-05:00,12.639096168447637,12.953501247423613,12.631235854073028,12.890620231628418,663000,0.0,0.0,0.0
2012-12-10 00:00:00-05:00,12.922061811419237,12.969222199641456,12.867041108626365,12.9613618850708,191200,0.0,0.0,0.0
2012-12-11 00:00:00-05:00,13.134284689783701,13.134284689783701,13.047824225396845,13.118565559387207,170400,0.0,0.0,0.0
2012-12-12 00:00:00-05:00,13.35436921810913,13.35436921810913,13.181446787394288,13.228607177734375,221300,0.0,0.0,0.0
2012-12-13 00:00:00-05:00,13.197168814248077,13.22074826231327,13.024244866026327,13.047825813293457,127700,0.0,0.0,0.0
2012-12-14 00:00:00-05:00,13.126423835754395,13.150003277288308,13.047822199171135,13.126423835754395,66500,0.0,0.0,0.0
2012-12-17 00:00:00-05:00,13.228606308419819,13.346508026123047,13.157864977957546,13.346508026123047,245600,0.0,0.0,0.0
2012-12-18 00:00:00-05:00,13.346507765047992,13.362228393554688,13.220745735397728,13.362228393554688,200900,0.0,0.0,0.0
2012-12-19 00:00:00-05:00,13.36222865493726,13.401528727771108,13.291487324474987,13.346508026123047,179900,0.0,0.0,0.0
2012-12-20 00:00:00-05:00,13.432970376994255,13.7552357810718,13.322928970490233,13.715935707092285,308800,0.0,0.0,0.0
2012-12-21 00:00:00-05:00,13.448691575290244,13.629474321967818,13.432970945352597,13.558732986450195,213800,0.0,0.0,0.0
2012-12-24 00:00:00-05:00,13.644665698854208,13.941813304954675,13.644665698854208,13.89362621307373,200900,0.367,0.0,0.0
2012-12-26 00:00:00-05:00,13.869532379884891,14.126524042379177,13.781190921480803,13.917717933654785,191000,0.0,0.0,0.0
2012-12-27 00:00:00-05:00,14.022116383931767,14.062272277574328,13.805280685424805,13.805280685424805,228000,0.0,0.0,0.0
2012-12-28 00:00:00-05:00,13.869534198924597,14.054246789094199,13.845440652984125,13.89362621307373,230500,0.0,0.0,0.0
2012-12-31 00:00:00-05:00,14.022117918991475,14.576257057597005,13.981963552743764,14.455792427062988,277200,0.0,0.0,0.0
2013-01-02 00:00:00-05:00,14.873405470949749,15.6604427383768,14.59232029492838,15.218738555908203,656400,0.0,0.0,0.0
2013-01-03 00:00:00-05:00,15.066149069742966,15.194644886525301,14.937653252960631,14.945684432983398,455600,0.0,0.0,0.0
2013-01-04 00:00:00-05:00,15.25086312638267,15.556041870329723,15.2267695839265,15.38739013671875,559600,0.0,0.0,0.0
2013-01-07 00:00:00-05:00,15.564068763215971,15.877278632517417,15.515883218627613,15.77287483215332,724200,0.0,0.0,0.0
2013-01-08 00:00:00-05:00,16.070025527972046,16.20655254119305,15.997746430867329,16.110179901123047,704500,0.0,0.0,0.0
2013-01-09 00:00:00-05:00,15.941531052131605,16.061995713625542,15.877283130548754,16.029870986938477,547200,0.0,0.0,0.0
2013-01-10 00:00:00-05:00,16.535821575332104,16.792813212950374,16.463542485778092,16.75265884399414,634800,0.0,0.0,0.0
2013-01-11 00:00:00-05:00,16.744628485104144,16.792814036573137,15.41951433127383,15.901372909545898,1369600,0.0,0.0,0.0
2013-01-14 00:00:00-05:00,15.724688135338873,16.04592762870719,15.724688135338873,15.917431831359863,501000,0.0,0.0,0.0
2013-01-15 00:00:00-05:00,16.14230206615794,16.17442525322826,15.893341622147057,15.989712715148926,538500,0.0,0.0,0.0
2013-01-16 00:00:00-05:00,16.005777340678094,16.431419203315393,16.005777340678094,16.351110458374023,438800,0.0,0.0,0.0
2013-01-17 00:00:00-05:00,16.222611310822717,16.46354055995946,16.094115507044346,16.407323837280273,492100,0.0,0.0,0.0
2013-01-18 00:00:00-05:00,16.383234937900237,16.383234937900237,16.17442881469768,16.246707916259766,411900,0.0,0.0,0.0
2013-01-22 00:00:00-05:00,15.989715491571662,16.110180144636693,15.756817366551422,15.965621948242188,701700,0.0,0.0,0.0
2013-01-23 00:00:00-05:00,15.901375609009468,16.061996183561615,15.772879762084282,15.837127685546875,333300,0.0,0.0,0.0
2013-01-24 00:00:00-05:00,16.246706244277664,16.367170890553464,15.96562104844008,16.102148056030273,366000,0.0,0.0,0.0
2013-01-25 00:00:00-05:00,16.487635567685185,16.776750386069608,16.46354202790692,16.696441650390625,648800,0.0,0.0,0.0
2013-01-28 00:00:00-05:00,17.065869745680914,17.31483024012813,17.025715370760505,17.234519958496094,1055100,0.0,0.0,0.0
2013-01-29 00:00:00-05:00,17.379071804357896,17.644094564583273,17.23451365663666,17.571815490722656,602000,0.0,0.0,0.0
2013-01-30 00:00:00-05:00,17.66015934911477,18.270515205736704,17.628036162866703,17.97336769104004,1023400,0.0,0.0,0.0
2013-01-31 00:00:00-05:00,17.87699692786378,17.87699692786378,17.114051710167796,17.186330795288086,1076400,0.0,0.0,0.0
2013-02-01 00:00:00-05:00,17.43529359236178,17.724409971892083,17.073899649740003,17.684255599975586,971600,0.0,0.0,0.0
2013-02-04 00:00:00-05:00,17.692285365542674,18.57569373137216,17.692285365542674,18.431137084960938,1492600,0.0,0.0,0.0
2013-02-05 00:00:00-05:00,18.366886935274927,18.374916582603486,18.00549153385817,18.109893798828125,846700,0.0,0.0,0.0
2013-02-06 00:00:00-05:00,18.47129042680985,18.47129042680985,17.909120105451457,18.29460906982422,816800,0.0,0.0,0.0
2013-02-07 00:00:00-05:00,18.390983567899895,18.390983567899895,17.844875504713066,17.893062591552734,779800,0.0,0.0,0.0
2013-02-08 00:00:00-05:00,17.965345218754955,18.46326629290324,17.965345218754955,18.439172744750977,649600,0.0,0.0,0.0
2013-02-11 00:00:00-05:00,18.551600582381777,18.945119192300705,18.471290318118736,18.937088012695312,681800,0.0,0.0,0.0
2013-02-12 00:00:00-05:00,18.832689200590305,18.937091491055224,18.76041010265645,18.808595657348633,389300,0.0,0.0,0.0
2013-02-13 00:00:00-05:00,18.85678124913056,18.864812430226912,18.591758400115538,18.712223052978516,597400,0.0,0.0,0.0
2013-02-14 00:00:00-05:00,18.55160178686961,18.712220794033215,18.479322697519144,18.583724975585938,373300,0.0,0.0,0.0
2013-02-15 00:00:00-05:00,18.567666677659215,18.864812723894136,18.567666677659215,18.68813133239746,556300,0.0,0.0,0.0
2013-02-19 00:00:00-05:00,18.471291630057433,18.63191216999172,18.382950179914474,18.511445999145508,716700,0.0,0.0,0.0
2013-02-20 00:00:00-05:00,18.527511266024728,18.70419419402801,18.390984245200027,18.399015426635742,659300,0.0,0.0,0.0
2013-02-21 00:00:00-05:00,17.708344957558808,17.716376137097196,16.600068221706444,16.98555564880371,1920400,0.0,0.0,0.0
2013-02-22 00:00:00-05:00,17.266641528515663,17.419230882552842,16.961464352232234,17.2425479888916,900700,0.0,0.0,0.0
2013-02-25 00:00:00-05:00,17.579849407725828,17.644097313189317,17.186330795288086,17.186330795288086,841200,0.0,0.0,0.0
2013-02-26 00:00:00-05:00,16.80084671537485,16.80084671537485,16.294894550353174,16.439451217651367,958400,0.0,0.0,0.0
2013-02-27 00:00:00-05:00,16.600071066172422,17.330891679693945,16.53582315064716,17.122085571289062,881000,0.0,0.0,0.0
2013-02-28 00:00:00-05:00,17.314830533552076,17.652132496689706,17.202397056436617,17.21042823791504,998800,0.0,0.0,0.0
2013-03-01 00:00:00-05:00,17.37104281365291,17.37907399307005,16.752657316441624,16.784780502319336,833600,0.0,0.0,0.0
2013-03-04 00:00:00-05:00,16.495667025245883,16.51172785357743,15.837124046341435,15.885311126708984,1331600,0.0,0.0,0.0
2013-03-05 00:00:00-05:00,15.796969260545358,16.335046056108474,15.796969260545358,16.078054428100586,878200,0.0,0.0,0.0
2013-03-06 00:00:00-05:00,16.503698890920283,16.985559036800762,16.423390143099518,16.584009170532227,1361400,0.0,0.0,0.0
2013-03-07 00:00:00-05:00,16.47157409047269,16.60810109295017,16.40732617941217,16.55991554260254,759100,0.0,0.0,0.0
2013-03-08 00:00:00-05:00,16.712503404933,16.85706158803447,16.6803802152388,16.808876037597656,716800,0.0,0.0,0.0
2013-03-11 00:00:00-04:00,16.937373784267468,17.081931983792675,16.889188228356137,17.057838439941406,673200,0.0,0.0,0.0
2013-03-12 00:00:00-04:00,16.98555470530699,17.057833785346702,16.865090082504402,16.87312126159668,873000,0.0,0.0,0.0
2013-03-13 00:00:00-04:00,16.82494080987163,16.873126367214915,16.399297379930733,16.51976203918457,779300,0.0,0.0,0.0
2013-03-14 00:00:00-04:00,16.640221907207014,16.680377803257013,16.31898239776109,16.407323837280273,808700,0.0,0.0,0.0
2013-03-15 00:00:00-04:00,16.656286643297804,16.712503374001884,16.463542910116246,16.55991554260254,705200,0.0,0.0,0.0
2013-03-18 00:00:00-04:00,16.487634627929115,16.840997333790458,16.4555099100558,16.712501525878906,769900,0.0,0.0,0.0
2013-03-19 00:00:00-04:00,16.62416473741517,16.65628792953054,16.302923625514648,16.45551300048828,1140400,0.0,0.0,0.0
2013-03-20 00:00:00-04:00,16.632191156975377,16.857059585282748,16.527788888134253,16.784780502319336,733300,0.0,0.0,0.0
2013-03-21 00:00:00-04:00,16.824936399405036,16.865090764699886,16.712501419355927,16.784780502319336,588600,0.0,0.0,0.0
2013-03-22 00:00:00-04:00,16.600072860717773,16.632196056057506,16.19852296232769,16.600072860717773,995900,0.0,0.0,0.0
2013-03-25 00:00:00-04:00,16.73659805033347,16.784783603949585,16.5599166658803,16.624164581298828,654400,0.0,0.0,0.0
2013-03-26 00:00:00-04:00,16.704471298525768,16.76068955800838,16.479604387759096,16.696441650390625,546200,0.0,0.0,0.0
2013-03-27 00:00:00-04:00,16.575971791917755,16.64825086336547,16.527786254882812,16.527786254882812,265700,0.0,0.0,0.0
2013-03-28 00:00:00-04:00,16.40732823186281,16.439451425515962,16.310955587320922,16.391265869140625,385500,0.0,0.0,0.0
2013-04-01 00:00:00-04:00,16.712503198168804,16.74462791925659,16.487636277718334,16.511728286743164,750300,0.0,0.0,0.0
2013-04-02 00:00:00-04:00,16.78478203280093,16.865092302504387,16.704471763097473,16.75265884399414,562800,0.0,0.0,0.0
2013-04-03 00:00:00-04:00,16.608102375461918,16.70447348359916,16.40732744641966,16.45551300048828,311300,0.0,0.0,0.0
2013-04-04 00:00:00-04:00,16.383235141865892,16.44748306274414,16.29489520802784,16.44748306274414,512700,0.0,0.0,0.0
2013-04-05 00:00:00-04:00,16.487637349374978,16.503698179171774,16.262768882517587,16.423389434814453,357500,0.0,0.0,0.0
2013-04-08 00:00:00-04:00,16.575978861574562,16.624165950951905,16.431420657025043,16.543855667114258,177100,0.0,0.0,0.0
2013-04-09 00:00:00-04:00,16.4153578550604,16.471574587460672,15.98168329347359,16.174427032470703,1064900,0.0,0.0,0.0
2013-04-10 00:00:00-04:00,15.821063937647105,16.08608676455958,15.788939215940845,16.045930862426758,633700,0.0,0.0,0.0
2013-04-11 00:00:00-04:00,16.238676362693777,16.310955462599708,16.078057332073758,16.214584350585938,370900,0.0,0.0,0.0
2013-04-12 00:00:00-04:00,15.973651083660076,16.158365161947998,15.869248806185144,16.1342716217041,432000,0.0,0.0,0.0
2013-04-15 00:00:00-04:00,15.668470582151274,15.668470582151274,15.058114811317653,15.090239524841309,955300,0.0,0.0,0.0
2013-04-16 00:00:00-04:00,15.539979508692275,15.539979508692275,15.186615211623995,15.38739013671875,384700,0.0,0.0,0.0
2013-04-17 00:00:00-04:00,15.34723507360273,15.34723507360273,15.058118704306903,15.13039779663086,448400,0.0,0.0,0.0
2013-04-18 00:00:00-04:00,15.106306122009702,15.106306122009702,14.65657068336684,14.744912147521973,798200,0.0,0.0,0.0
2013-04-19 00:00:00-04:00,14.94568366099609,15.122365016997964,14.817187850850932,15.025992393493652,558300,0.0,0.0,0.0
2013-04-22 00:00:00-04:00,14.857343527052562,14.969776987894969,14.656568614524824,14.696722984313965,508000,0.0,0.0,0.0
2013-04-23 00:00:00-04:00,14.905529081845758,15.058118444316316,14.889468252999663,15.0420560836792,328300,0.0,0.0,0.0
2013-04-24 00:00:00-04:00,15.034024903360642,15.122366355073757,14.92962262280143,15.0420560836792,378600,0.0,0.0,0.0
2013-04-25 00:00:00-04:00,15.234800918553699,15.443607026575256,15.178584184046189,15.202677726745605,569700,0.0,0.0,0.0
2013-04-26 00:00:00-04:00,15.250861783267572,15.588163688992852,15.146459505400905,15.46769905090332,553100,0.0,0.0,0.0
2013-04-29 00:00:00-04:00,15.58013239581854,15.724690573193332,15.395419849968956,15.53997802734375,556600,0.0,0.0,0.0
2013-04-30 00:00:00-04:00,15.692567738089615,15.692567738089615,15.539978377226124,15.668474197387695,179200,0.0,0.0,0.0
2013-05-01 00:00:00-04:00,15.588162422180178,15.668472684976903,15.499820979924692,15.588162422180176,162400,0.0,0.0,0.0
2013-05-02 00:00:00-04:00,15.588167586364976,15.588167586364976,15.355269432067871,15.355269432067871,248800,0.0,0.0,0.0
2013-05-03 00:00:00-04:00,15.628317474982602,15.628317474982602,15.443604934680476,15.483760833740234,231400,0.0,0.0,0.0
2013-05-06 00:00:00-04:00,15.917436152774181,16.158366987053622,15.861219417646321,16.110179901123047,621000,0.0,0.0,0.0
2013-05-07 00:00:00-04:00,16.262768224393774,16.431418418868525,16.15033476141061,16.41535758972168,316100,0.0,0.0,0.0
2013-05-08 00:00:00-04:00,16.27079686861562,16.367167955638834,16.198517787452808,16.310951232910156,332700,0.0,0.0,0.0
2013-05-09 00:00:00-04:00,16.28686130573042,16.399294765537576,16.270798945246252,16.359140396118164,258600,0.0,0.0,0.0
2013-05-10 00:00:00-04:00,16.2627663529804,16.31898307800293,16.094116177912817,16.31898307800293,305200,0.0,0.0,0.0
2013-05-13 00:00:00-04:00,16.31898776675231,16.399298053483797,16.278833389282227,16.278833389282227,295100,0.0,0.0,0.0
2013-05-14 00:00:00-04:00,16.118207825458118,16.222611625421965,16.06199110168874,16.190486907958984,256200,0.0,0.0,0.0
2013-05-15 00:00:00-04:00,16.222611325104015,16.343075949778434,16.15836342315827,16.310951232910156,250200,0.0,0.0,0.0
2013-05-16 00:00:00-04:00,16.407326060569773,16.519759521163543,16.254736698484646,16.286861419677734,695600,0.0,0.0,0.0
2013-05-17 00:00:00-04:00,16.359143254803993,16.575979032067284,16.214585048767617,16.37520408630371,510900,0.0,0.0,0.0
2013-05-20 00:00:00-04:00,16.5277905072615,16.800844507030302,16.471573777625157,16.68037986755371,619400,0.0,0.0,0.0
2013-05-21 00:00:00-04:00,16.832966824422417,16.840998004210455,16.56794401858074,16.72053337097168,642600,0.0,0.0,0.0
2013-05-22 00:00:00-04:00,16.83296615432213,16.929338776151226,16.6402224424548,16.712501525878906,481400,0.0,0.0,0.0
2013-05-23 00:00:00-04:00,16.399292869145018,16.431416054607663,16.142301258280547,16.262765884399414,1871300,0.0,0.0,0.0
2013-05-24 00:00:00-04:00,16.351109138148566,16.752658957597866,16.24670532728879,16.68037986755371,454700,0.0,0.0,0.0
2013-05-28 00:00:00-04:00,17.065868345645118,17.26664326735859,17.01768279333539,17.162240982055664,574000,0.0,0.0,0.0
2013-05-29 00:00:00-04:00,17.154209692844304,17.154209692844304,16.816907765228002,16.88918685913086,391100,0.0,0.0,0.0
2013-05-30 00:00:00-04:00,17.089962344868457,17.242550186562983,16.98555852498154,17.21845817565918,466800,0.0,0.0,0.0
2013-05-31 00:00:00-04:00,17.194363945141216,17.194363945141216,16.792814107035554,16.96146583557129,470800,0.0,0.0,0.0
2013-06-03 00:00:00-04:00,16.857059462616345,17.00964880684993,16.744626015176244,16.953432083129883,208900,0.0,0.0,0.0
2013-06-04 00:00:00-04:00,16.76872025107236,16.816907333631626,16.608101237914607,16.736597061157227,367900,0.0,0.0,0.0
2013-06-05 00:00:00-04:00,16.744630104292522,16.744630104292522,16.367172241210938,16.367172241210938,293000,0.0,0.0,0.0
2013-06-06 00:00:00-04:00,16.6402199721212,16.752654936195356,16.5599112529419,16.728561401367188,247200,0.0,0.0,0.0
2013-06-07 00:00:00-04:00,16.83297202426891,17.33892578467243,16.744632082893347,17.258615493774414,1597800,0.0,0.0,0.0
2013-06-10 00:00:00-04:00,16.792811664979915,17.065865637726812,16.792811664979915,16.881153106689453,384300,0.0,0.0,0.0
2013-06-11 00:00:00-04:00,16.543855837276574,16.624166121940256,16.37520408630371,16.37520408630371,520000,0.0,0.0,0.0
2013-06-12 00:00:00-04:00,16.487633634482474,16.6723461557518,16.246702860322223,16.25473403930664,346800,0.0,0.0,0.0
2013-06-13 00:00:00-04:00,16.367172201765133,16.49566957078343,16.26276990843982,16.463544845581055,280300,0.0,0.0,0.0
2013-06-14 00:00:00-04:00,16.37520450792696,16.463545976510723,16.238677480020826,16.278833389282227,330200,0.0,0.0,0.0
2013-06-17 00:00:00-04:00,16.2547352067899,16.2547352067899,16.03789795400874,16.0941162109375,329200,0.0,0.0,0.0
2013-06-18 00:00:00-04:00,16.037900804018328,16.190490179216194,16.00577761185576,16.110179901123047,208100,0.0,0.0,0.0
2013-06-19 00:00:00-04:00,16.126241312377264,16.150334853922118,15.708629116346144,15.748785018920898,334700,0.0,0.0,0.0
2013-06-20 00:00:00-04:00,15.604227283464926,15.620289644958278,15.138429522695425,15.22676944732666,683400,0.0,0.0,0.0
2013-06-21 00:00:00-04:00,15.59619653611282,15.59619653611282,15.15449230530906,15.379359245300293,842800,0.0,0.0,0.0
2013-06-24 00:00:00-04:00,15.025994011787853,15.178583377190632,14.865374997703237,15.034025192260742,338200,0.0,0.0,0.0
2013-06-25 00:00:00-04:00,14.63247507357673,14.7609708950512,14.584289523471558,14.696722984313965,599700,0.0,0.0,0.0
2013-06-26 00:00:00-04:00,14.632473248615964,14.897496038827317,14.616412421778024,14.817187309265137,245000,0.0,0.0,0.0
2013-06-27 00:00:00-04:00,15.114339326634274,15.19464962008991,15.009937017395956,15.154495239257812,157900,0.0,0.0,0.0
2013-06-28 00:00:00-04:00,14.825217604368808,15.05811721928674,14.712784152637887,14.937652587890625,172800,0.0,0.0,0.0
2013-07-01 00:00:00-04:00,14.881439244635132,15.443608162863852,14.873408063144419,15.266926765441895,339800,0.0,0.0,0.0
2013-07-02 00:00:00-04:00,15.355266808027157,15.539979369833954,15.154491884726436,15.210708618164062,235200,0.0,0.0,0.0
2013-07-03 00:00:00-04:00,15.130400736449081,15.194648660799109,15.017967251784372,15.170555114746094,115000,0.0,0.0,0.0
2013-07-05 00:00:00-04:00,15.05811723939765,15.08221077842541,14.769000898228128,14.841279983520508,266800,0.0,0.0,0.0
2013-07-08 00:00:00-04:00,14.857345793486997,14.857345793486997,14.53610619079688,14.576260566711426,422500,0.0,0.0,0.0
2013-07-09 00:00:00-04:00,14.801125148760766,14.969775321247853,14.672629341592266,14.785062789916992,245500,0.0,0.0,0.0
2013-07-10 00:00:00-04:00,14.66459778466738,14.79309358852808,14.656566605452236,14.752939224243164,185700,0.0,0.0,0.0
2013-07-11 00:00:00-04:00,14.977808259385792,15.114335262007378,14.905529167892539,15.066149711608887,188300,0.0,0.0,0.0
2013-07-12 00:00:00-04:00,15.178582368765664,15.266923816307212,15.06614891319711,15.242830276489258,117500,0.0,0.0,0.0
2013-07-15 00:00:00-04:00,15.178583894637704,15.363296456437949,15.178583894637704,15.22676944732666,77000,0.0,0.0,0.0
2013-07-16 00:00:00-04:00,15.210707375817195,15.307078473327335,15.074180377852015,15.218738555908203,145500,0.0,0.0,0.0
2013-07-17 00:00:00-04:00,15.427544884481366,15.45966960853808,15.379359330187444,15.40345287322998,68300,0.0,0.0,0.0
2013-07-18 00:00:00-04:00,15.258892876831299,15.475730143237154,15.258892876831299,15.443605422973633,112600,0.0,0.0,0.0
2013-07-19 00:00:00-04:00,15.459667383756079,15.564069658333695,15.443605024039236,15.52391529083252,47500,0.0,0.0,0.0
2013-07-22 00:00:00-04:00,15.523915867669393,15.572101416819466,15.379357688428184,15.491792678833008,137100,0.0,0.0,0.0
2013-07-23 00:00:00-04:00,15.467698963171275,15.523915691841466,15.411482234501083,15.443605422973633,94500,0.0,0.0,0.0
2013-07-24 00:00:00-04:00,15.403448311304647,15.403448311304647,15.074177646196734,15.162517547607422,138100,0.0,0.0,0.0
2013-07-25 00:00:00-04:00,15.106302366149572,15.106302366149572,14.945683372464371,15.017962455749512,138800,0.0,0.0,0.0
2013-07-26 00:00:00-04:00,14.985838801306267,15.114334618088602,14.913559712892333,14.945684432983398,168600,0.0,0.0,0.0
2013-07-29 00:00:00-04:00,14.817188891644458,14.817188891644458,14.584289262027646,14.592320442199707,139100,0.0,0.0,0.0
2013-07-30 00:00:00-04:00,14.752943454470179,14.752943454470179,14.656570808045565,14.672633171081543,119900,0.0,0.0,0.0
2013-07-31 00:00:00-04:00,14.608381583279698,15.074179271845303,14.560194506269182,15.058116912841797,855900,0.0,0.0,0.0
2013-08-01 00:00:00-04:00,14.977808431525723,15.186614528040371,14.977808431525723,15.13039779663086,112800,0.0,0.0,0.0
2013-08-02 00:00:00-04:00,14.98583952611518,15.162520899788566,14.98583952611518,15.106304168701172,41400,0.0,0.0,0.0
2013-08-05 00:00:00-04:00,15.186613885212456,15.186613885212456,14.84128079912458,15.009932518005371,106700,0.0,0.0,0.0
2013-08-06 00:00:00-04:00,15.042060170975233,15.042060170975233,14.87340993383218,14.881441116333008,78400,0.0,0.0,0.0
2013-08-07 00:00:00-04:00,15.050085382218954,15.146458002200731,14.793093771321985,14.817187309265137,303900,0.0,0.0,0.0
2013-08-08 00:00:00-04:00,14.817189966063436,14.897498710025388,14.785065243045771,14.865375518798828,141900,0.0,0.0,0.0
2013-08-09 00:00:00-04:00,14.91355859708549,14.91355859708549,14.769000431073216,14.785062789916992,139200,0.0,0.0,0.0
2013-08-12 00:00:00-04:00,14.769000898228128,14.849311163196429,14.720815351963507,14.841279983520508,153700,0.0,0.0,0.0
2013-08-13 00:00:00-04:00,14.833248136103075,14.833248136103075,14.672629145187884,14.817187309265137,114100,0.0,0.0,0.0
2013-08-14 00:00:00-04:00,14.873404108962607,15.034023100701633,14.873404108962607,14.953714370727539,251900,0.0,0.0,0.0
2013-08-15 00:00:00-04:00,15.08221221738586,15.08221221738586,14.841281399494283,14.89749813079834,124400,0.0,0.0,0.0
2013-08-16 00:00:00-04:00,14.937653187742313,15.178582460209546,14.78506383155789,14.809157371520996,167800,0.0,0.0,0.0
2013-08-19 00:00:00-04:00,14.913564314544878,15.058122535976885,14.881441116333008,14.881441116333008,144100,0.0,0.0,0.0
2013-08-20 00:00:00-04:00,14.841283303112785,14.841283303112785,14.624445998735023,14.648539543151855,971000,0.0,0.0,0.0
2013-08-21 00:00:00-04:00,14.624443593550131,14.680661854610229,14.335328767053147,14.34335994720459,1042000,0.0,0.0,0.0
2013-08-22 00:00:00-04:00,14.495947661727417,14.600351471091455,14.42366857271877,14.431699752807617,389800,0.0,0.0,0.0
2013-08-23 00:00:00-04:00,14.335327633331461,14.399575537670913,14.198800645136272,14.2791109085083,409500,0.0,0.0,0.0
2013-08-26 00:00:00-04:00,14.206832598253365,14.3674516019527,14.206832598253365,14.230924606323242,172900,0.0,0.0,0.0
2013-08-27 00:00:00-04:00,14.054242271539943,14.07030463033722,13.757094760953699,13.773157119750977,692200,0.0,0.0,0.0
2013-08-28 00:00:00-04:00,13.789219097346049,13.8133126348759,13.652692114925165,13.741033554077148,215500,0.0,0.0,0.0
2013-08-29 00:00:00-04:00,13.741035286124344,13.75709611471123,13.652693835836985,13.676787376403809,191500,0.0,0.0,0.0
2013-08-30 00:00:00-04:00,13.773160520283335,13.901656358804916,13.757098157520332,13.853470802307129,125100,0.0,0.0,0.0
2013-09-03 00:00:00-04:00,13.917714795443246,14.038179418600796,13.749064629380833,13.813312530517578,287400,0.0,0.0,0.0
2013-09-04 00:00:00-04:00,13.733005284339278,13.917717849161784,13.700880560826949,13.8775634765625,203600,0.0,0.0,0.0
2013-09-05 00:00:00-04:00,13.981963517876455,14.15061522563621,13.94180915172888,14.110459327697754,114300,0.0,0.0,0.0
2013-09-06 00:00:00-04:00,14.190771477750017,14.28714411381944,14.07030683150655,14.222894668579102,289800,0.0,0.0,0.0
2013-09-09 00:00:00-04:00,14.142584010488271,14.327296545168085,14.11045929221828,14.319265365600586,183600,0.0,0.0,0.0
2013-09-10 00:00:00-04:00,14.303203736192952,14.479886632110233,14.303203736192952,14.463824272155762,134500,0.0,0.0,0.0
2013-09-11 00:00:00-04:00,14.45579352981677,14.640506079512365,14.391545619844779,14.632474899291992,198400,0.0,0.0,0.0
2013-09-12 00:00:00-04:00,14.560195746945912,14.560195746945912,14.41563909896926,14.479887008666992,161900,0.0,0.0,0.0
2013-09-13 00:00:00-04:00,14.495947898619015,14.616414070129395,14.495947898619015,14.616414070129395,53300,0.0,0.0,0.0
2013-09-16 00:00:00-04:00,14.584288908232391,14.584288908232391,14.455793092178526,14.463824272155762,184300,0.0,0.0,0.0
2013-09-17 00:00:00-04:00,14.36745328565796,14.431701201025023,14.32729891297522,14.375484466552734,102700,0.0,0.0,0.0
2013-09-18 00:00:00-04:00,14.327297709370084,14.624443718558487,14.134553979460877,14.616414070129395,280500,0.0,0.0,0.0
2013-09-19 00:00:00-04:00,14.48791816354489,14.66459953195727,14.455793442856644,14.592320442199707,118600,0.0,0.0,0.0
2013-09-20 00:00:00-04:00,14.616414851842022,14.616414851842022,14.455794302431901,14.568227767944336,112600,0.0,0.0,0.0
2013-09-23 00:00:00-04:00,14.55216616015966,14.616414070129395,14.536103799719475,14.616414070129395,79800,0.0,0.0,0.0
2013-09-24 00:00:00-04:00,14.616415686525526,14.648538879167324,14.503980682801307,14.640507698059082,83600,0.0,0.0,0.0
2013-09-25 00:00:00-04:00,14.696725637621219,14.752943909982937,14.632477715284837,14.728850364685059,169900,0.0,0.0,0.0
2013-09-26 00:00:00-04:00,14.736881007555663,14.825220940168231,14.5762604416926,14.648539543151855,124500,0.0,0.0,0.0
2013-09-27 00:00:00-04:00,14.672634011339301,14.696726025481697,14.49595107140795,14.51201343536377,82600,0.0,0.0,0.0
2013-09-30 00:00:00-04:00,14.56019673872702,14.656569375733627,14.319267443897154,14.383515357971191,221300,0.0,0.0,0.0
2013-10-01 00:00:00-04:00,14.503982124529925,14.616417139430439,14.463827746788448,14.5842924118042,148100,0.0,0.0,0.0
2013-10-02 00:00:00-04:00,14.616414703812852,14.75294170989144,14.608383523244575,14.736879348754883,86500,0.0,0.0,0.0
2013-10-03 00:00:00-04:00,14.64853725973274,14.744909890586225,14.536103800229508,14.632474899291992,178300,0.0,0.0,0.0
2013-10-04 00:00:00-04:00,14.656566773515125,14.929620742797852,14.656566773515125,14.929620742797852,236000,0.0,0.0,0.0
2013-10-07 00:00:00-04:00,14.865373109726344,15.082210359581762,14.81718756479987,15.017962455749512,215300,0.0,0.0,0.0
2013-10-08 00:00:00-04:00,15.050089799492408,15.07418334450713,14.793098113167147,14.913562774658203,522900,0.0,0.0,0.0
2013-10-09 00:00:00-04:00,14.99386900861864,15.098271278559697,14.937652283897236,15.058116912841797,74300,0.0,0.0,0.0
2013-10-10 00:00:00-04:00,15.114336762168211,15.146461486816404,14.977809745995751,15.146461486816406,172600,0.0,0.0,0.0
2013-10-11 00:00:00-04:00,15.082212159258598,15.146460070757195,14.937653975438991,15.106304168701172,55200,0.0,0.0,0.0
2013-10-14 00:00:00-04:00,15.058118618024983,15.138428890345992,14.937653975438991,15.106304168701172,65900,0.0,0.0,0.0
2013-10-15 00:00:00-04:00,15.07418080495343,15.098272814118085,14.985839353240316,15.0420560836792,78700,0.0,0.0,0.0
2013-10-16 00:00:00-04:00,15.106301100297733,15.363292694091797,15.098269921517828,15.363292694091797,259300,0.0,0.0,0.0
2013-10-17 00:00:00-04:00,15.363297628401998,15.483763817000604,15.282988878391219,15.427545547485352,177000,0.0,0.0,0.0
2013-10-18 00:00:00-04:00,15.491792103189766,15.531946470690942,15.371325937104375,15.52391529083252,274200,0.0,0.0,0.0
2013-10-21 00:00:00-04:00,15.53997802734375,15.53997802734375,15.347234301441016,15.53997802734375,287700,0.0,0.0,0.0
2013-10-22 00:00:00-04:00,15.588163777133154,15.628318146126382,15.419513589212404,15.491792678833008,234500,0.0,0.0,0.0
2013-10-23 00:00:00-04:00,15.363299079112787,15.419517353936563,15.299051153962692,15.371330261230469,120700,0.0,0.0,0.0
2013-10-24 00:00:00-04:00,15.27495592291245,15.379358204875325,15.25889356205938,15.339203834533691,103100,0.0,0.0,0.0
2013-10-25 00:00:00-04:00,15.258892963379004,15.46769905090332,15.258892963379004,15.46769905090332,156900,0.0,0.0,0.0
2013-10-28 00:00:00-04:00,15.35526660255767,15.395420973964065,15.25086278603531,15.258893966674805,70000,0.0,0.0,0.0
2013-10-29 00:00:00-04:00,15.31510954065329,15.419513349276691,15.291017532348633,15.291017532348633,67500,0.0,0.0,0.0
2013-10-30 00:00:00-04:00,15.291018342193219,15.339203893145507,15.034025162935235,15.13039779663086,141400,0.0,0.0,0.0
2013-10-31 00:00:00-04:00,15.034024193439837,15.282986176185847,15.02599301350052,15.242830276489258,176400,0.0,0.0,0.0
2013-11-01 00:00:00-04:00,15.210710278630236,15.258895836581042,15.025996164868154,15.122368812561035,71500,0.0,0.0,0.0
2013-11-04 00:00:00-05:00,15.122364216099522,15.315107921109325,14.977806054394469,15.29904556274414,99600,0.0,0.0,0.0
2013-11-05 00:00:00-05:00,15.355268230048495,15.355268230048495,15.226770857988331,15.266926765441895,67200,0.0,0.0,0.0
2013-11-06 00:00:00-05:00,15.347238246668786,15.475734096968976,15.347238246668786,15.371330261230469,70400,0.0,0.0,0.0
2013-11-07 00:00:00-05:00,15.443607026575256,15.443607026575256,15.154492173137902,15.202677726745605,110900,0.0,0.0,0.0
2013-11-08 00:00:00-05:00,15.194647915382877,15.202679097006557,15.082214436233908,15.122368812561035,97600,0.0,0.0,0.0
2013-11-11 00:00:00-05:00,15.130397999719179,15.250862644612367,15.03402536472999,15.082212448120117,223300,0.0,0.0,0.0
2013-11-12 00:00:00-05:00,15.122365976065245,15.122365976065245,15.009932518005371,15.009932518005371,78300,0.0,0.0,0.0
2013-11-13 00:00:00-05:00,15.090245617857587,15.194647915382877,14.96174824366999,15.122368812561035,138800,0.0,0.0,0.0
2013-11-14 00:00:00-05:00,15.146458412570006,15.33920212596482,15.082210508105069,15.307077407836914,220500,0.0,0.0,0.0
2013-11-15 00:00:00-05:00,15.258895091296981,15.604228225291873,15.258895091296981,15.572103500366211,218200,0.0,0.0,0.0
2013-11-18 00:00:00-05:00,15.652411238653109,15.813031773611335,15.49982188362189,15.796969413757324,356600,0.0,0.0,0.0
2013-11-19 00:00:00-05:00,15.796967320498318,15.821060857086696,15.684533880000703,15.732719421386719,120800,0.0,0.0,0.0
2013-11-20 00:00:00-05:00,15.79696907567069,15.79696907567069,15.556039810180662,15.556039810180664,140600,0.0,0.0,0.0
2013-11-21 00:00:00-05:00,15.63635141842634,15.644382599657755,15.556042669694575,15.572103500366211,188300,0.0,0.0,0.0
2013-11-22 00:00:00-05:00,15.580132746604988,15.676505377621668,15.499822476056256,15.668474197387695,117300,0.0,0.0,0.0
2013-11-25 00:00:00-05:00,15.612257957440175,15.644381147593064,15.564070874524264,15.628318786621094,189600,0.0,0.0,0.0
2013-11-26 00:00:00-05:00,15.668475609751313,15.740754706581344,15.580134151005467,15.724692344665527,105400,0.0,0.0,0.0
2013-11-27 00:00:00-05:00,16.375198017845634,16.375198017845634,15.588160889749151,15.716656684875488,118900,0.0,0.0,0.0
2013-11-29 00:00:00-05:00,15.788940260537649,15.788940260537649,15.724692344665527,15.724692344665527,51400,0.0,0.0,0.0
2013-12-02 00:00:00-05:00,15.788937220267957,15.92546420668089,15.53997678567644,15.54800796508789,166800,0.0,0.0,0.0
2013-12-03 00:00:00-05:00,15.652410326059385,15.708627050479837,15.523914518300968,15.588162422180176,132600,0.0,0.0,0.0
2013-12-04 00:00:00-05:00,15.580130941854305,15.708626747131348,15.580130941854305,15.708626747131348,114600,0.0,0.0,0.0
2013-12-05 00:00:00-05:00,15.507852910384132,15.700596631355785,15.507852910384132,15.636348724365234,225900,0.0,0.0,0.0
2013-12-06 00:00:00-05:00,15.596192444300724,15.74075060024951,15.596192444300724,15.732719421386719,98200,0.0,0.0,0.0
2013-12-09 00:00:00-05:00,15.813034263034416,15.813034263034416,15.700599258146799,15.780909538269043,85900,0.0,0.0,0.0
2013-12-10 00:00:00-05:00,15.660444225560589,15.788940055637283,15.652413044706906,15.756816864013672,154300,0.0,0.0,0.0
2013-12-11 00:00:00-05:00,15.604229752952284,15.604229752952284,15.170555114746094,15.170555114746094,330200,0.0,0.0,0.0
2013-12-12 00:00:00-05:00,15.28298912842332,15.31511232259493,15.138430925172974,15.266926765441895,176000,0.0,0.0,0.0
2013-12-13 00:00:00-05:00,15.258894170313363,15.258894170313363,15.114335980455397,15.22676944732666,108700,0.0,0.0,0.0
2013-12-16 00:00:00-05:00,15.258898055152985,15.258898055152985,15.082216629117202,15.114339828491211,173700,0.0,0.0,0.0
2013-12-17 00:00:00-05:00,15.098272873431545,15.210707866542036,15.06614968382214,15.178583145141602,101100,0.0,0.0,0.0
2013-12-18 00:00:00-05:00,15.202674280406745,15.379355624776668,15.090240836879595,15.331170082092285,118000,0.0,0.0,0.0
2013-12-19 00:00:00-05:00,15.282986352316758,15.411482169244817,15.170551363661483,15.291017532348633,65900,0.0,0.0,0.0
2013-12-20 00:00:00-05:00,15.35526660255767,15.35526660255767,15.170552511431437,15.258893966674805,89400,0.0,0.0,0.0
2013-12-23 00:00:00-05:00,15.448793494882942,15.56488856862177,15.208313892473264,15.365870475769043,293400,0.599,0.0,0.0
2013-12-24 00:00:00-05:00,15.340990298653333,15.382451801933653,15.282943561398898,15.374160766601562,71900,0.0,0.0,0.0
2013-12-26 00:00:00-05:00,15.332695187261137,15.50683695234909,15.258063228174118,15.4487886428833,142300,0.0,0.0,0.0
2013-12-27 00:00:00-05:00,15.282945874999937,15.498549204337527,15.282945874999937,15.365870475769043,142900,0.0,0.0,0.0
2013-12-30 00:00:00-05:00,15.22489508005071,15.481959850581465,15.22489508005071,15.440498352050781,341100,0.0,0.0,0.0
2013-12-31 00:00:00-05:00,15.498541163384187,15.722435413148185,15.440494447458173,15.581465721130371,237800,0.0,0.0,0.0
2014-01-02 00:00:00-05:00,15.465374381693566,15.573176806870269,15.274648960725258,15.407327651977539,162100,0.0,0.0,0.0
2014-01-03 00:00:00-05:00,15.473671349610235,15.55659595037934,15.29123849324237,15.365870475769043,136200,0.0,0.0,0.0
2014-01-06 00:00:00-05:00,15.41562056804608,15.448789450677603,15.340988605056664,15.382450103759766,130200,0.0,0.0,0.0
2014-01-07 00:00:00-05:00,15.49025439693833,15.714150312876308,15.382451956677087,15.697565078735352,205800,0.0,0.0,0.0
2014-01-08 00:00:00-05:00,15.921460451973957,15.96292195425811,15.589762107081015,15.689271926879883,331000,0.0,0.0,0.0
2014-01-09 00:00:00-05:00,15.813654066525373,15.913163861475434,15.805361451808324,15.830239295959473,376600,0.0,0.0,0.0
2014-01-10 00:00:00-05:00,15.879993216472233,16.04584234556018,15.788777618962925,16.004379272460938,245700,0.0,0.0,0.0
2014-01-13 00:00:00-05:00,16.062434357451398,16.062434357451398,15.838538413134936,15.921463012695312,220000,0.0,0.0,0.0
2014-01-14 00:00:00-05:00,16.045843344947006,16.25315397839166,15.971211390374563,16.21169090270996,285000,0.0,0.0,0.0
2014-01-15 00:00:00-05:00,16.170232268833672,16.43558967351385,16.170232268833672,16.419004440307617,819300,0.0,0.0,0.0
2014-01-16 00:00:00-05:00,16.543391706417413,17.729207382111564,16.543391706417413,17.206785202026367,1234900,0.0,0.0,0.0
2014-01-17 00:00:00-05:00,17.49701767551004,18.425768422119038,17.380922645942963,17.82871437072754,2097400,0.0,0.0,0.0
2014-01-21 00:00:00-05:00,18.160412767761265,18.376016035270517,17.637990621544237,17.79554557800293,1244300,0.0,0.0,0.0
2014-01-22 00:00:00-05:00,17.79554312849029,17.944807030193562,17.356045619757918,17.49701690673828,497200,0.0,0.0,0.0
2014-01-23 00:00:00-05:00,17.414094777539056,17.60482019788639,17.098983282254537,17.347755432128906,238100,0.0,0.0,0.0
2014-01-24 00:00:00-05:00,17.264829251059307,17.347753820532034,16.83362275512481,16.875085830688477,754900,0.0,0.0,0.0
2014-01-27 00:00:00-05:00,17.03264373578034,17.148737193463973,16.850209351814932,17.024351119995117,700600,0.0,0.0,0.0
2014-01-28 00:00:00-05:00,17.024350794729187,17.51360404512648,17.024350794729187,17.339462280273438,485900,0.0,0.0,0.0
2014-01-29 00:00:00-05:00,16.999473182228325,17.497019055112293,16.875087109421013,17.215076446533203,488700,0.0,0.0,0.0
2014-01-30 00:00:00-05:00,17.273123667275115,17.712622824149804,17.231662169042785,17.671159744262695,333400,0.0,0.0,0.0
2014-01-31 00:00:00-05:00,17.322879236397373,17.621407110038177,17.289710351356675,17.472143173217773,265200,0.0,0.0,0.0
2014-02-03 00:00:00-05:00,17.314585803200927,17.472142349265166,17.13215298994301,17.3311710357666,394200,0.0,0.0,0.0
2014-02-04 00:00:00-05:00,17.339462811633744,17.579943927215794,17.339462811633744,17.505311965942383,192200,0.0,0.0,0.0
2014-02-05 00:00:00-05:00,17.488728155057412,18.301385597553864,17.38092572150193,17.596529006958008,1060300,0.0,0.0,0.0
2014-02-06 00:00:00-05:00,17.621405127919605,17.828715776483364,17.040934679279186,17.215076446533203,1206100,0.0,0.0,0.0
2014-02-07 00:00:00-05:00,17.040936037296703,17.46384998386798,16.949720420184754,17.206785202026367,470600,0.0,0.0,0.0
2014-02-10 00:00:00-05:00,17.505312678441346,17.994565963745117,17.298002017944995,17.994565963745117,1148600,0.0,0.0,0.0
2014-02-11 00:00:00-05:00,17.87847087208274,18.326262656790544,17.745792176240755,18.284799575805664,695600,0.0,0.0,0.0
2014-02-12 00:00:00-05:00,18.284797152227515,18.63307907806302,18.24333565839301,18.591617584228516,485600,0.0,0.0,0.0
2014-02-13 00:00:00-05:00,18.657959265544747,19.064287966418032,18.450648607038694,18.94819450378418,742900,0.0,0.0,0.0
2014-02-14 00:00:00-05:00,18.79892875338335,18.8403902484015,18.268214025208692,18.442354202270508,370300,0.0,0.0,0.0
2014-02-18 00:00:00-05:00,18.46723211798094,18.823806670439716,18.46723211798094,18.699419021606445,204700,0.0,0.0,0.0
2014-02-19 00:00:00-05:00,18.81551507439332,18.948193764125588,18.500402000038132,18.616497039794922,658000,0.0,0.0,0.0
2014-02-20 00:00:00-05:00,18.33455452465669,18.39260125401151,18.019441448652312,18.26821517944336,338500,0.0,0.0,0.0
2014-02-21 00:00:00-05:00,18.235044029119813,18.24333664466595,17.90334731554773,18.036026000976562,304000,0.0,0.0,0.0
2014-02-24 00:00:00-05:00,18.657960036109696,18.657960036109696,18.243338701973926,18.259923934936523,194800,0.0,0.0,0.0
2014-02-25 00:00:00-05:00,18.442356515642743,18.49211063223651,18.127245001675746,18.22675323486328,444500,0.0,0.0,0.0
2014-02-26 00:00:00-05:00,19.097460338533917,19.19696857882957,18.251632387746067,18.27651023864746,113800,0.0,0.0,0.0
2014-02-27 00:00:00-05:00,18.284798982178973,18.33455467774548,18.176998138427734,18.176998138427734,173000,0.0,0.0,0.0
2014-02-28 00:00:00-05:00,18.334553683985128,18.376015179721843,18.127243041992188,18.127243041992188,277600,0.0,0.0,0.0
2014-03-03 00:00:00-05:00,17.98627056798445,18.03602467595138,17.513602588162183,17.53847885131836,295500,0.0,0.0,0.0
2014-03-04 00:00:00-05:00,17.737499616903754,17.91993401051241,17.571652037397037,17.83700942993164,316600,0.0,0.0,0.0
2014-03-05 00:00:00-05:00,18.06919624098537,18.09407250566322,17.5218946932526,17.555065155029297,389000,0.0,0.0,0.0
2014-03-06 00:00:00-05:00,17.936514122519593,17.936514122519593,17.71261985527601,17.8121280670166,147600,0.0,0.0,0.0
2014-03-07 00:00:00-05:00,17.98627529739965,18.127246625085913,17.837011352595965,18.09407615661621,433700,0.0,0.0,0.0
2014-03-10 00:00:00-04:00,18.251630627908437,18.35113885860942,18.243338011740885,18.34284782409668,270200,0.0,0.0,0.0
2014-03-11 00:00:00-04:00,18.516991367478678,18.657962704512308,18.4008978834469,18.434066772460938,318600,0.0,0.0,0.0
2014-03-12 00:00:00-04:00,18.26821517944336,18.351138174718958,18.16870537079599,18.26821517944336,187400,0.0,0.0,0.0
2014-03-13 00:00:00-04:00,18.384309874749043,18.57503530735941,18.052613126371256,18.193584442138672,190500,0.0,0.0,0.0
2014-03-14 00:00:00-04:00,18.176999652045644,18.28480050477357,18.077489834281106,18.23504638671875,230200,0.0,0.0,0.0
2014-03-17 00:00:00-04:00,18.4174776681843,18.575034207454745,18.243337478718097,18.33455467224121,255600,0.0,0.0,0.0
2014-03-18 00:00:00-04:00,18.317970040593565,18.434063504041596,18.15212087996368,18.284799575805664,304400,0.0,0.0,0.0
2014-03-19 00:00:00-04:00,18.326263891425107,18.425772129183027,18.152122102866368,18.210168838500977,190500,0.0,0.0,0.0
2014-03-20 00:00:00-04:00,18.176998974683958,18.28479982339471,18.110659625864685,18.16041374206543,100400,0.0,0.0,0.0
2014-03-21 00:00:00-04:00,18.309680230404428,18.342850700275793,18.07749168627003,18.135540008544922,189600,0.0,0.0,0.0
2014-03-24 00:00:00-04:00,18.28479820473734,18.425769506205697,18.160412134419303,18.2930908203125,151100,0.0,0.0,0.0
2014-03-25 00:00:00-04:00,18.143827680258994,18.24333748976764,17.92822599269066,18.019441604614258,352800,0.0,0.0,0.0
2014-03-26 00:00:00-04:00,17.745791499869675,17.778961963393304,17.414094772907156,17.505311965942383,441900,0.0,0.0,0.0
2014-03-27 00:00:00-04:00,17.59652981977825,17.82042573213119,17.579946167557814,17.73750114440918,260100,0.0,0.0,0.0
2014-03-28 00:00:00-04:00,17.82871680268611,18.085781578838233,17.82871680268611,17.994565963745117,169700,0.0,0.0,0.0
2014-03-31 00:00:00-04:00,17.82871249045996,18.102362432861305,17.604816651680373,17.986268997192383,221100,0.0,0.0,0.0
2014-04-01 00:00:00-04:00,17.687744976217537,17.745791706404713,17.52189581997866,17.671159744262695,205600,0.0,0.0,0.0
2014-04-02 00:00:00-04:00,17.579945370482736,18.01944297666913,17.579945370482736,18.011150360107422,644800,0.0,0.0,0.0
2014-04-03 00:00:00-04:00,17.92823158807588,18.077493976441367,17.621411029515997,17.696043014526367,374000,0.0,0.0,0.0
2014-04-04 00:00:00-04:00,17.845303651558883,18.027736479924787,17.74579382957887,17.861888885498047,335300,0.0,0.0,0.0
2014-04-07 00:00:00-04:00,18.05261541989232,18.508698309148638,18.05261541989232,18.39260482788086,570400,0.0,0.0,0.0
2014-04-08 00:00:00-04:00,18.40089555577468,18.566743143175717,18.226753770100466,18.23504638671875,559900,0.0,0.0,0.0
2014-04-09 00:00:00-04:00,18.392605362025648,18.41748163350258,18.17700204651334,18.400897979736328,310500,0.0,0.0,0.0
2014-04-10 00:00:00-04:00,18.276507347803275,18.376015572359446,17.878469704614464,17.911640167236328,208400,0.0,0.0,0.0
2014-04-11 00:00:00-04:00,17.91164305073278,18.160415233826377,17.770671725205087,17.961397171020508,142700,0.0,0.0,0.0
2014-04-14 00:00:00-04:00,17.787259956370757,17.870182976937986,17.629703370313603,17.8204288482666,130900,0.0,0.0,0.0
2014-04-15 00:00:00-04:00,17.57994643416365,17.57994643416365,16.899966069855004,17.19849395751953,1026400,0.0,0.0,0.0
2014-04-16 00:00:00-04:00,16.941424091169946,17.107271637900247,16.758989733615753,16.85849952697754,520400,0.0,0.0,0.0
2014-04-17 00:00:00-04:00,16.999475985928743,17.223371902901587,16.858504658388988,17.165325164794922,316700,0.0,0.0,0.0
2014-04-21 00:00:00-04:00,16.576559215511598,16.684361638141212,16.41900268025163,16.642898559570312,439600,0.0,0.0,0.0
2014-04-22 00:00:00-04:00,16.85021356758118,16.999477525750144,16.72582746299208,16.808752059936523,269000,0.0,0.0,0.0
2014-04-23 00:00:00-04:00,16.81704032625864,16.850209207460633,16.543390334309603,16.642898559570312,180700,0.0,0.0,0.0
2014-04-24 00:00:00-04:00,16.833627659758022,16.833627659758022,16.42729889077408,16.477054595947266,445700,0.0,0.0,0.0
2014-04-25 00:00:00-04:00,16.651192091903603,16.775578171154088,16.485342931799746,16.750701904296875,315800,0.0,0.0,0.0
2014-04-28 00:00:00-04:00,16.584850999900695,16.717529681367527,16.543389505062798,16.659482955932617,141000,0.0,0.0,0.0
2014-04-29 00:00:00-04:00,16.659487074457886,16.783873171376694,16.58485509997559,16.63460922241211,198100,0.0,0.0,0.0
2014-04-30 00:00:00-04:00,16.642901001843327,16.817042794086202,16.626315767981158,16.651193618774414,328700,0.0,0.0,0.0
2014-05-01 00:00:00-04:00,16.750704510776764,16.750704510776764,16.377544633305256,16.410715103149414,540700,0.0,0.0,0.0
2014-05-02 00:00:00-04:00,16.518513652884685,16.618023466822564,16.435589071545593,16.468759536743164,311700,0.0,0.0,0.0
2014-05-05 00:00:00-04:00,16.219986195965095,16.269741894998408,15.97121402741802,16.253156661987305,405900,0.0,0.0,0.0
2014-05-06 00:00:00-04:00,16.087308914045348,16.112186765756167,15.888290845323828,15.929752349853516,417400,0.0,0.0,0.0
2014-05-07 00:00:00-04:00,16.17022856001766,16.294614617225353,16.07071876525879,16.07071876525879,326000,0.0,0.0,0.0
2014-05-08 00:00:00-04:00,15.548298959139931,15.631223536586296,15.349280922261512,15.407327651977539,1528000,0.0,0.0,0.0
2014-05-09 00:00:00-04:00,15.755608055759863,15.830240009924777,15.722437595395633,15.797069549560547,471800,0.0,0.0,0.0
2014-05-12 00:00:00-04:00,15.531716212410478,15.938044967090455,15.515130977936598,15.929752349853516,1000900,0.0,0.0,0.0
2014-05-13 00:00:00-04:00,15.747315948606765,15.921457707826802,15.705854453468719,15.913165092468262,914700,0.0,0.0,0.0
2014-05-14 00:00:00-04:00,16.103893396661526,16.39412865978388,15.979507307224786,16.327789306640625,622000,0.0,0.0,0.0
2014-05-15 00:00:00-04:00,16.161941429651584,16.236573405632452,15.871706143243221,15.938045501708984,1212200,0.0,0.0,0.0
2014-05-16 00:00:00-04:00,16.178524027313006,16.294617490289156,15.962920752032431,16.020967483520508,340200,0.0,0.0,0.0
2014-05-19 00:00:00-04:00,16.261449861043566,16.535099888910548,16.19511050827748,16.360958099365234,418300,0.0,0.0,0.0
2014-05-20 00:00:00-04:00,16.41071035789232,16.4190013913009,16.269739065127467,16.302907943725586,223000,0.0,0.0,0.0
2014-05-21 00:00:00-04:00,16.5433901858357,16.758991865850493,16.49363449199717,16.734115600585938,409200,0.0,0.0,0.0
2014-05-22 00:00:00-04:00,16.626313416707678,16.659483879741092,16.327787157680625,16.609729766845703,430100,0.0,0.0,0.0
2014-05-23 00:00:00-04:00,16.609732115773944,16.734118206430306,16.51022229425588,16.651193618774414,212600,0.0,0.0,0.0
2014-05-27 00:00:00-04:00,16.825336628957057,17.032647322275967,16.817044011425693,16.99118423461914,715300,0.0,0.0,0.0
2014-05-28 00:00:00-04:00,16.999474161619464,17.1736143572515,16.958012662179883,17.107275009155273,624200,0.0,0.0,0.0
2014-05-29 00:00:00-04:00,17.215080845143643,17.231666080863558,16.758996352776776,16.808752059936523,672000,0.0,0.0,0.0
2014-05-30 00:00:00-04:00,16.775581588496692,17.057524269114715,16.775581588496692,16.808752059936523,290200,0.0,0.0,0.0
2014-06-02 00:00:00-04:00,16.958009618059418,16.958009618059418,16.750698994766047,16.833621978759766,80100,0.0,0.0,0.0
2014-06-03 00:00:00-04:00,16.833625866518673,16.974597186181946,16.833625866518673,16.9580135345459,243800,0.0,0.0,0.0
2014-06-04 00:00:00-04:00,16.792163322512025,16.792163322512025,16.584852664209407,16.626314163208008,223100,0.0,0.0,0.0
2014-06-05 00:00:00-04:00,16.808752059936523,16.84192094972122,16.659488101767554,16.808752059936523,128900,0.0,0.0,0.0
2014-06-06 00:00:00-04:00,16.833624554698126,17.281416328728596,16.833624554698126,17.223369598388672,610200,0.0,0.0,0.0
2014-06-09 00:00:00-04:00,17.298001470894167,17.306294086850347,17.165322778904866,17.25653839111328,216400,0.0,0.0,0.0
2014-06-10 00:00:00-04:00,17.248243260041157,17.248243260041157,17.032641603238364,17.14873504638672,376300,0.0,0.0,0.0
2014-06-11 00:00:00-04:00,17.07410680200428,17.21507811999754,17.03264530092298,17.181907653808594,192000,0.0,0.0,0.0
2014-06-12 00:00:00-04:00,17.18190881735755,17.28141864100825,17.107276845033265,17.165325164794922,282500,0.0,0.0,0.0
2014-06-13 00:00:00-04:00,17.107276888162794,17.273126067447098,17.107276888162794,17.264833450317383,425900,0.0,0.0,0.0
2014-06-16 00:00:00-04:00,17.17361419223164,17.364341200123572,17.14873792546885,17.356048583984375,216100,0.0,0.0,0.0
2014-06-17 00:00:00-04:00,17.173616337367644,17.356050751908047,17.165325301847627,17.231664657592773,220900,0.0,0.0,0.0
2014-06-18 00:00:00-04:00,17.281413668906282,17.546771013421196,17.23165956222337,17.49701690673828,286300,0.0,0.0,0.0
2014-06-19 00:00:00-04:00,17.414094479355846,17.414094479355846,17.148737102258988,17.215076446533203,1302300,0.0,0.0,0.0
2014-06-20 00:00:00-04:00,17.098983634429548,17.2067844798208,16.667777089554964,16.717531204223633,414400,0.0,0.0,0.0
2014-06-23 00:00:00-04:00,16.95801413975893,16.95801413975893,16.817042815064543,16.90825843811035,153600,0.0,0.0,0.0
2014-06-24 00:00:00-04:00,17.040937423706055,17.082400509089233,16.933136565019755,17.040937423706055,684500,0.0,0.0,0.0
2014-06-25 00:00:00-04:00,17.12385621109779,17.206780772113564,17.040931650082015,17.098979949951172,149200,0.0,0.0,0.0
2014-06-26 00:00:00-04:00,17.206786972965755,17.206786972965755,17.016061521055388,17.14044761657715,375500,0.0,0.0,0.0
2014-06-27 00:00:00-04:00,17.090690905710336,17.289708944727842,17.090690905710336,17.223369598388672,174100,0.0,0.0,0.0
2014-06-30 00:00:00-04:00,17.18191159536236,17.281421435102008,17.040940245030082,17.24825096130371,365300,0.0,0.0,0.0
2014-07-01 00:00:00-04:00,17.297998586210937,17.455553518139517,17.24824289877133,17.364337921142578,237800,0.0,0.0,0.0
2014-07-02 00:00:00-04:00,17.264831388108007,17.48043466276273,17.248246155829612,17.356048583984375,339700,0.0,0.0,0.0
2014-07-03 00:00:00-04:00,17.43068367021701,17.480437794310635,17.3726369284986,17.438976287841797,151600,0.0,0.0,0.0
2014-07-07 00:00:00-04:00,17.629701048327874,17.828719118456224,17.497022334908973,17.77896499633789,139800,0.0,0.0,0.0
2014-07-08 00:00:00-04:00,17.737501376297985,17.77896446152853,17.58823743277798,17.770671844482422,176000,0.0,0.0,0.0
2014-07-09 00:00:00-04:00,17.770671844482422,17.853596433288534,17.6794546386302,17.770671844482422,100000,0.0,0.0,0.0
2014-07-10 00:00:00-04:00,17.579945069584266,17.62140657002827,17.273124588672108,17.463850021362305,331800,0.0,0.0,0.0
2014-07-11 00:00:00-04:00,17.497020030217882,17.637991342363733,17.463849565404825,17.579944610595703,119700,0.0,0.0,0.0
2014-07-14 00:00:00-04:00,17.67116218634337,17.69604003771365,17.497021971716396,17.679454803466797,116700,0.0,0.0,0.0
2014-07-15 00:00:00-04:00,17.64628492101018,17.90334971071262,17.588236604421333,17.787256240844727,128300,0.0,0.0,0.0
2014-07-16 00:00:00-04:00,17.787255159681383,17.994565818504455,17.787255159681383,17.928226470947266,267200,0.0,0.0,0.0
2014-07-17 00:00:00-04:00,17.886768213713527,17.994570671099297,17.621410751925833,17.8204288482666,272900,0.0,0.0,0.0
2014-07-18 00:00:00-04:00,17.853592817747117,17.98627150030607,17.84530020238035,17.93651580810547,94800,0.0,0.0,0.0
2014-07-21 00:00:00-04:00,18.01944694460737,18.03603218138291,17.787259956370757,17.8204288482666,123100,0.0,0.0,0.0
2014-07-22 00:00:00-04:00,17.83701161038957,17.99456817458781,17.820426375915016,17.969690322875977,327800,0.0,0.0,0.0
2014-07-23 00:00:00-04:00,17.96969168830385,18.218463897705078,17.85359820147063,18.218463897705078,285400,0.0,0.0,0.0
2014-07-24 00:00:00-04:00,18.193584600843206,18.21846086865425,17.96968870061456,18.102367401123047,225000,0.0,0.0,0.0
2014-07-25 00:00:00-04:00,17.98627295803145,18.13553688342126,17.98627295803145,18.0526123046875,260300,0.0,0.0,0.0
2014-07-28 00:00:00-04:00,17.853596199881977,17.853596199881977,17.59652981977825,17.73750114440918,259400,0.0,0.0,0.0
2014-07-29 00:00:00-04:00,17.77067224250795,17.80384112978032,17.63799353010844,17.71262550354004,103700,0.0,0.0,0.0
2014-07-30 00:00:00-04:00,17.66286491206297,17.74578947977757,17.472139513477593,17.53847885131836,201700,0.0,0.0,0.0
2014-07-31 00:00:00-04:00,17.521896161803912,17.588235509262685,17.331170735566783,17.356048583984375,511200,0.0,0.0,0.0
2014-08-01 00:00:00-04:00,17.356044635179874,17.57994047503356,17.33945940667491,17.447261810302734,462000,0.0,0.0,0.0
2014-08-04 00:00:00-04:00,17.389221106410456,17.7872588561263,17.389221106410456,17.704334259033203,213600,0.0,0.0,0.0
2014-08-05 00:00:00-04:00,17.679454407500263,17.9033503198532,17.679454407500263,17.73750114440918,226600,0.0,0.0,0.0
2014-08-06 00:00:00-04:00,17.662864167751206,17.903345245824234,17.662864167751206,17.8121280670166,171200,0.0,0.0,0.0
2014-08-07 00:00:00-04:00,17.754081654015586,17.969684892059924,17.654573440551758,17.654573440551758,192600,0.0,0.0,0.0
2014-08-08 00:00:00-04:00,17.61311704406528,17.7872588561263,17.57994815422112,17.704334259033203,535100,0.0,0.0,0.0
2014-08-11 00:00:00-04:00,17.704329759935106,17.74579125711772,17.579943686732534,17.629697799682617,120000,0.0,0.0,0.0
2014-08-12 00:00:00-04:00,17.621409661940103,17.837012981720104,17.57994815422112,17.704334259033203,250800,0.0,0.0,0.0
2014-08-13 00:00:00-04:00,17.812128619104715,18.019439245253476,17.812128619104715,17.977977752685547,152900,0.0,0.0,0.0
2014-08-14 00:00:00-04:00,18.11065742686785,18.23504349309417,18.011147624894004,18.18528938293457,460000,0.0,0.0,0.0
2014-08-15 00:00:00-04:00,18.193582232430913,18.226751112412725,17.911639635139515,18.060903549194336,187900,0.0,0.0,0.0
2014-08-18 00:00:00-04:00,18.11066097014199,18.35943315126585,18.11066097014199,18.30967903137207,218900,0.0,0.0,0.0
2014-08-19 00:00:00-04:00,18.293095876856473,18.309681112591257,18.135540882341424,18.218463897705078,273400,0.0,0.0,0.0
2014-08-20 00:00:00-04:00,18.102367152551437,18.326263049705666,18.102367152551437,18.22675323486328,73300,0.0,0.0,0.0
2014-08-21 00:00:00-04:00,18.235047153811802,18.36772586197598,18.235047153811802,18.27651023864746,148800,0.0,0.0,0.0
2014-08-22 00:00:00-04:00,18.417477573957196,18.57503411242155,18.392601307963446,18.525279998779297,307400,0.0,0.0,0.0
2014-08-25 00:00:00-04:00,18.608206219875818,18.856978391719373,18.608206219875818,18.80722427368164,632400,0.0,0.0,0.0
2014-08-26 00:00:00-04:00,18.807223192733872,19.11404208159614,18.782345344317417,18.94819450378418,463000,0.0,0.0,0.0
2014-08-27 00:00:00-04:00,18.956488400259047,19.055996637336126,18.948195783560138,18.973072052001953,199600,0.0,0.0,0.0
2014-08-28 00:00:00-04:00,18.89015073952681,19.03941310850564,18.856980269761475,18.96478271484375,279700,0.0,0.0,0.0
2014-08-29 00:00:00-04:00,18.98136434959355,19.155506134033203,18.98136434959355,19.155506134033203,211800,0.0,0.0,0.0
2014-09-02 00:00:00-04:00,19.238432370418224,19.313064344209163,19.155507779355514,19.27989387512207,620300,0.0,0.0,0.0
2014-09-03 00:00:00-04:00,19.32135282064681,19.752559371734115,19.238429822222553,19.61988067626953,556200,0.0,0.0,0.0
2014-09-04 00:00:00-04:00,19.536956106400737,19.54524872257846,19.404277410866815,19.462324142456055,399300,0.0,0.0,0.0
2014-09-05 00:00:00-04:00,19.50378393873895,19.545245430990278,19.437444602144108,19.470613479614258,251400,0.0,0.0,0.0
2014-09-08 00:00:00-04:00,19.503785550647187,19.55353966179166,19.462322473314565,19.495492935180664,188200,0.0,0.0,0.0
2014-09-09 00:00:00-04:00,19.321355774890748,19.321355774890748,18.939904862519754,18.96478271484375,867300,0.0,0.0,0.0
2014-09-10 00:00:00-04:00,18.84868483584756,19.047702879736036,18.782345487884736,19.01453399658203,511300,0.0,0.0,0.0
2014-09-11 00:00:00-04:00,18.923318327931344,19.014535531865903,18.84868635774033,18.91502571105957,261800,0.0,0.0,0.0
2014-09-12 00:00:00-04:00,18.939902422893308,19.07258112155434,18.915024573773795,18.95648765563965,207700,0.0,0.0,0.0
2014-09-15 00:00:00-04:00,18.915028152321614,19.031123221855264,18.856981408382364,18.923320770263672,150200,0.0,0.0,0.0
2014-09-16 00:00:00-04:00,18.93990339932461,19.039411637623026,18.774054226620674,19.006242752075195,398600,0.0,0.0,0.0
2014-09-17 00:00:00-04:00,19.022828288520966,19.055997174596843,18.86527173010941,18.981365203857422,186700,0.0,0.0,0.0
2014-09-18 00:00:00-04:00,18.699421999293268,18.906732671487894,18.657960497516306,18.716007232666016,239600,0.0,0.0,0.0
2014-09-19 00:00:00-04:00,18.732593120444157,18.84868659479919,18.359433264795882,18.5335750579834,641200,0.0,0.0,0.0
2014-09-22 00:00:00-04:00,18.334556027172006,18.558450347080896,18.334556027172006,18.48381996154785,382800,0.0,0.0,0.0
2014-09-23 00:00:00-04:00,18.492109535247955,18.649666073712314,18.392601307963446,18.525279998779297,370800,0.0,0.0,0.0
2014-09-24 00:00:00-04:00,18.53357700002462,18.69113357576957,18.450652403229643,18.633085250854492,131000,0.0,0.0,0.0
2014-09-25 00:00:00-04:00,18.516988913854977,18.608206114453118,18.36772497893252,18.425771713256836,122500,0.0,0.0,0.0
2014-09-26 00:00:00-04:00,18.425774251213255,18.533576699796964,18.367727508893616,18.400897979736328,192500,0.0,0.0,0.0
2014-09-29 00:00:00-04:00,18.201874374020836,18.24333586833247,17.828714598597642,18.152118682861328,229700,0.0,0.0,0.0
2014-09-30 00:00:00-04:00,18.1438285094469,18.226753090884703,17.944810462989082,18.16041374206543,320900,0.0,0.0,0.0
2014-10-01 00:00:00-04:00,18.483820917860857,18.558451307255115,18.12724629654902,18.27651023864746,290300,0.0,0.0,0.0
2014-10-02 00:00:00-04:00,18.24333565839301,18.691127383747776,18.18528893436286,18.591617584228516,386300,0.0,0.0,0.0
2014-10-03 00:00:00-04:00,18.633081526527832,18.633081526527832,18.425770866804605,18.599912643432617,128900,0.0,0.0,0.0
2014-10-06 00:00:00-04:00,18.63307899201265,18.765757669655866,18.57503226825057,18.624786376953125,158000,0.0,0.0,0.0
2014-10-07 00:00:00-04:00,18.657958149634002,18.69112861220539,18.351137697467504,18.35943031311035,242900,0.0,0.0,0.0
2014-10-08 00:00:00-04:00,18.351141740531613,18.4257737161052,18.251633494203535,18.39260482788086,525800,0.0,0.0,0.0
2014-10-09 00:00:00-04:00,18.301385738010143,18.508696408502608,18.18529226866393,18.23504638671875,401500,0.0,0.0,0.0
2014-10-10 00:00:00-04:00,18.077491310702904,18.1189543971807,17.754087144451212,17.77896499633789,442200,0.0,0.0,0.0
2014-10-13 00:00:00-04:00,17.837011199196315,18.04432188038411,17.762379227436313,17.770671844482422,140900,0.0,0.0,0.0
2014-10-14 00:00:00-04:00,17.745793993344094,17.91993578800243,17.712625106814635,17.770671844482422,641200,0.0,0.0,0.0
2014-10-15 00:00:00-04:00,17.687743838826734,17.687743838826734,17.289707787434423,17.555065155029297,597100,0.0,0.0,0.0
2014-10-16 00:00:00-04:00,17.07410612593457,17.223370054564782,16.966303696743942,17.107275009155273,555000,0.0,0.0,0.0
2014-10-17 00:00:00-04:00,17.32287797380969,17.3975099367803,17.123859933106328,17.289709091186523,679800,0.0,0.0,0.0
2014-10-20 00:00:00-04:00,17.38091978787709,17.38921240160074,17.173609189748856,17.27311897277832,596400,0.0,0.0,0.0
2014-10-21 00:00:00-04:00,17.33116657865054,17.613109133139528,17.33116657865054,17.57164764404297,380500,0.0,0.0,0.0
2014-10-22 00:00:00-04:00,17.621406320311564,17.68774566907478,17.571652204152862,17.58823585510254,241300,0.0,0.0,0.0
2014-10-23 00:00:00-04:00,17.52189826965332,17.5799465896108,17.497021999897967,17.52189826965332,153300,0.0,0.0,0.0
2014-10-24 00:00:00-04:00,17.463848886537846,17.538480847811257,17.372633275157376,17.505311965942383,129800,0.0,0.0,0.0
2014-10-27 00:00:00-04:00,17.00776740123549,17.10727563619976,16.91655020113918,17.082399368286133,290300,0.0,0.0,0.0
2014-10-28 00:00:00-04:00,17.14874270321931,17.289714053551585,17.11557222942101,17.24825096130371,262700,0.0,0.0,0.0
2014-10-29 00:00:00-04:00,17.405803000657304,17.414095616940138,17.248246454593062,17.3311710357666,123400,0.0,0.0,0.0
2014-10-30 00:00:00-04:00,17.264831442666992,17.46384948567224,17.173614246502368,17.455556869506836,144400,0.0,0.0,0.0
2014-10-31 00:00:00-04:00,17.6960369936075,17.73749849043735,17.588234571202328,17.720914840698242,258400,0.0,0.0,0.0
2014-11-03 00:00:00-05:00,17.803841307682998,17.919936368433895,17.720918297845962,17.87847328186035,762300,0.0,0.0,0.0
2014-11-04 00:00:00-05:00,17.71262375406154,17.71262375406154,17.538481972702808,17.62140655517578,333700,0.0,0.0,0.0
2014-11-05 00:00:00-05:00,17.621406320311564,17.65457678552059,17.480435006482878,17.58823585510254,277800,0.0,0.0,0.0
2014-11-06 00:00:00-05:00,17.58823782671736,17.720918120771884,17.579946791140525,17.71262550354004,372500,0.0,0.0,0.0
2014-11-07 00:00:00-05:00,17.662872540452753,17.787260236573545,17.662872540452753,17.696043014526367,162300,0.0,0.0,0.0
2014-11-10 00:00:00-05:00,17.72091275929319,17.762374251253195,17.455553833123744,17.49701690673828,1060400,0.0,0.0,0.0
2014-11-11 00:00:00-05:00,17.497021023239476,17.563360374975776,17.43897428817708,17.472143173217773,220700,0.0,0.0,0.0
2014-11-12 00:00:00-05:00,17.54677458911559,17.671160671997622,17.480435239468182,17.62140655517578,492800,0.0,0.0,0.0
2014-11-13 00:00:00-05:00,17.521892175266185,17.521892175266185,17.414091353292804,17.447261810302734,126500,0.0,0.0,0.0
2014-11-14 00:00:00-05:00,17.497019350061475,17.52189561604944,17.414094772907156,17.505311965942383,120000,0.0,0.0,0.0
2014-11-17 00:00:00-05:00,17.505316175002847,17.712626876908026,17.438976813659398,17.704334259033203,512800,0.0,0.0,0.0
2014-11-18 00:00:00-05:00,17.50531310346117,17.50531310346117,17.33946393837543,17.463850021362305,280600,0.0,0.0,0.0
2014-11-19 00:00:00-05:00,17.314586429825525,17.35604951274028,17.148738843131163,17.30629539489746,340300,0.0,0.0,0.0
2014-11-20 00:00:00-05:00,17.40579873904032,17.555062632276115,17.40579873904032,17.447261810302734,366200,0.0,0.0,0.0
2014-11-21 00:00:00-05:00,17.579941926002945,17.58823295928529,17.447263250321416,17.53847885131836,263300,0.0,0.0,0.0
2014-11-24 00:00:00-05:00,17.39751115599231,17.43897423924547,17.23166356794436,17.372634887695312,373100,0.0,0.0,0.0
2014-11-25 00:00:00-05:00,17.422384641500948,17.596524802576063,17.331167462849503,17.364337921142578,160600,0.0,0.0,0.0
2014-11-26 00:00:00-05:00,17.206785202026367,17.281417167989233,17.15703108526941,17.206785202026367,203500,0.0,0.0,0.0
2014-11-28 00:00:00-05:00,17.0409359996006,17.057521232367847,16.883381033276283,16.94972038269043,221000,0.0,0.0,0.0
2014-12-01 00:00:00-05:00,16.9497193106978,16.982888192479667,16.875087349620163,16.933134078979492,231600,0.0,0.0,0.0
2014-12-02 00:00:00-05:00,16.924840245314122,17.00776481628418,16.858500904869004,17.00776481628418,217700,0.0,0.0,0.0
2014-12-03 00:00:00-05:00,17.065813992554425,17.09898445836843,17.01605987548828,17.01605987548828,237100,0.0,0.0,0.0
2014-12-04 00:00:00-05:00,17.074103060974252,17.074103060974252,16.825330945684023,16.833621978759766,512700,0.0,0.0,0.0
2014-12-05 00:00:00-05:00,16.91655049999941,17.107275938429485,16.91655049999941,17.05752182006836,141600,0.0,0.0,0.0
2014-12-08 00:00:00-05:00,16.999473823437416,17.032644287653056,16.717531204223633,16.717531204223633,358100,0.0,0.0,0.0
2014-12-09 00:00:00-05:00,16.50192883053438,16.50192883053438,16.211693579459542,16.253156661987305,702500,0.0,0.0,0.0
2014-12-10 00:00:00-05:00,16.344372280238634,16.45217471315594,16.19510992810331,16.253156661987305,418300,0.0,0.0,0.0
2014-12-11 00:00:00-05:00,16.170230714284045,16.294616788062974,16.087306137879846,16.26144790649414,798900,0.0,0.0,0.0
2014-12-12 00:00:00-05:00,16.278031407687923,16.286324023418032,16.170230566505964,16.19510841369629,180400,0.0,0.0,0.0
2014-12-15 00:00:00-05:00,16.22827656781952,16.28632329367465,15.879994631034101,15.913165092468262,404900,0.0,0.0,0.0
2014-12-16 00:00:00-05:00,15.797071289056097,16.070721290575573,15.506837637183,15.523421287536621,794000,0.0,0.0,0.0
2014-12-17 00:00:00-05:00,15.448791156175144,15.457083773162202,15.216604207157408,15.374160766601562,1087800,0.0,0.0,0.0
2014-12-18 00:00:00-05:00,15.639518199583918,15.846828879507756,15.54000837729229,15.838536262512207,782200,0.0,0.0,0.0
2014-12-19 00:00:00-05:00,15.8634079210648,15.8634079210648,15.448786681728867,15.506834983825684,342600,0.0,0.0,0.0
2014-12-22 00:00:00-05:00,15.90750631263438,16.009806104876418,15.72848370871086,15.77110767364502,425500,0.51,0.0,0.0
2014-12-23 00:00:00-05:00,15.856359480089978,15.941609048058256,15.796685270312262,15.881933212280273,197800,0.0,0.0,0.0
2014-12-24 00:00:00-05:00,15.805206811066887,15.881929616266335,15.779631458667138,15.847830772399902,329500,0.0,0.0,0.0
2014-12-26 00:00:00-05:00,15.737011508323654,15.924560907768775,15.728488013803858,15.788162231445312,203900,0.0,0.0,0.0
2014-12-29 00:00:00-05:00,15.634710647316426,15.762584181308615,15.617660409184081,15.74553394317627,442000,0.0,0.0,0.0
2014-12-30 00:00:00-05:00,15.907510226155463,16.08653450012207,15.813735529030076,16.08653450012207,646500,0.0,0.0,0.0
2014-12-31 00:00:00-05:00,16.342277083125573,16.495725953784028,16.333751965200108,16.38490104675293,270300,0.0,0.0,0.0
2015-01-02 00:00:00-05:00,16.35932854124511,16.478676949118668,16.069481014123507,16.18882942199707,1005700,0.0,0.0,0.0
2015-01-05 00:00:00-05:00,16.197356125962827,16.23998009694683,15.881933212280273,15.881933212280273,566800,0.0,0.0,0.0
2015-01-06 00:00:00-05:00,16.086533768409726,16.197357075062097,15.984233955653385,16.10358238220215,247300,0.0,0.0,0.0
2015-01-07 00:00:00-05:00,16.17177833106755,16.18882856729219,15.992755728708877,16.060955047607422,235000,0.0,0.0,0.0
2015-01-08 00:00:00-05:00,16.095053446786984,16.095053446786984,16.009805520032796,16.078004837036133,155000,0.0,0.0,0.0
2015-01-09 00:00:00-05:00,16.308177829870633,16.308177829870633,16.060955895561097,16.18882942199707,246800,0.0,0.0,0.0
2015-01-12 00:00:00-05:00,16.129153185062613,16.154728537526207,15.967179204792984,16.06947898864746,173000,0.0,0.0,0.0
2015-01-13 00:00:00-05:00,16.222932105444773,16.222932105444773,15.95865827202216,15.992758750915527,267000,0.0,0.0,0.0
2015-01-14 00:00:00-05:00,16.00128399483166,16.018334234410677,15.847835090621178,15.864885330200195,293100,0.0,0.0,0.0
2015-01-15 00:00:00-05:00,16.052432348216833,16.103581438597693,15.873409718883686,15.881933212280273,166800,0.0,0.0,0.0
2015-01-16 00:00:00-05:00,15.958654812780313,16.112103682537814,15.958654812780313,16.078004837036133,156000,0.0,0.0,0.0
2015-01-20 00:00:00-05:00,15.873410449989706,15.890459063568382,15.771110638515939,15.864885330200195,261100,0.0,0.0,0.0
2015-01-21 00:00:00-05:00,15.856359775156871,15.856359775156871,15.643236664270354,15.660286903381348,719000,0.0,0.0,0.0
2015-01-22 00:00:00-05:00,15.805211167769956,15.924559593200684,15.737010209237715,15.924559593200684,341600,0.0,0.0,0.0
2015-01-23 00:00:00-05:00,15.92455740396828,15.92455740396828,15.839307843523029,15.898982048034668,175500,0.0,0.0,0.0
2015-01-26 00:00:00-05:00,15.958654177003783,15.958654177003783,15.788156704287877,15.941605567932129,177600,0.0,0.0,0.0
2015-01-27 00:00:00-05:00,15.771109188269671,15.771109188269671,15.617660298169719,15.626185417175293,246900,0.0,0.0,0.0
2015-01-28 00:00:00-05:00,15.805209211251976,15.830782941535462,15.643235206789267,15.668808937072754,176900,0.0,0.0,0.0
2015-01-29 00:00:00-05:00,15.728487968444824,15.745536583435731,15.64323838948839,15.728487968444824,209300,0.0,0.0,0.0
2015-01-30 00:00:00-05:00,15.609135404248985,15.685859850405333,15.549461196349652,15.592086791992188,259900,0.0,0.0,0.0
2015-02-02 00:00:00-05:00,15.685859960428253,15.779634645499366,15.447163127156664,15.711435317993164,439600,0.0,0.0,0.0
2015-02-03 00:00:00-05:00,15.5153584857254,15.668805713861305,15.5153584857254,15.557982444763184,513500,0.0,0.0,0.0
2015-02-04 00:00:00-05:00,15.634712895972099,15.711437352602312,15.54946331904959,15.609137535095215,473400,0.0,0.0,0.0
2015-02-05 00:00:00-05:00,15.75405944379235,16.180305651423097,15.719960592702018,16.112106323242188,1157300,0.0,0.0,0.0
2015-02-06 00:00:00-05:00,16.120632345918832,16.222932156923225,16.026857654664834,16.052433013916016,411100,0.0,0.0,0.0
2015-02-09 00:00:00-05:00,16.060956786389,16.20588055798806,16.060956786389,16.1291561126709,142800,0.0,0.0,0.0
2015-02-10 00:00:00-05:00,16.15473282492041,16.197356797672043,15.958658322662018,16.052433013916016,226800,0.0,0.0,0.0
2015-02-11 00:00:00-05:00,16.129157050662513,16.393429252123603,16.112106811600434,16.376379013061523,611700,0.0,0.0,0.0
2015-02-12 00:00:00-05:00,16.529824448033818,16.700323550918107,16.45310001433588,16.683273315429688,434400,0.0,0.0,0.0
2015-02-13 00:00:00-05:00,16.59802683533918,16.683276402556178,16.580978222695983,16.64917755126953,161700,0.0,0.0,0.0
2015-02-17 00:00:00-05:00,16.708851252352833,16.904924112788557,16.49572815379221,16.853775024414062,697100,0.0,0.0,0.0
2015-02-18 00:00:00-05:00,16.717379067779248,16.73442768265373,16.589503887217585,16.700328826904297,182900,0.0,0.0,0.0
2015-02-19 00:00:00-05:00,16.606550946259425,16.66622515188764,16.55540185943526,16.615076065063477,99700,0.0,0.0,0.0
2015-02-20 00:00:00-05:00,16.666222195131226,16.81114593708888,16.640648469256256,16.74294662475586,345100,0.0,0.0,0.0
2015-02-23 00:00:00-05:00,16.66622543334961,16.708851028089743,16.49572793238962,16.66622543334961,418700,0.0,0.0,0.0
2015-02-24 00:00:00-05:00,16.717375926762386,16.99017322550402,16.6918005702553,16.896398544311523,335400,0.0,0.0,0.0
2015-02-25 00:00:00-05:00,16.77705356219164,16.81115241850478,16.68327886182964,16.72590446472168,326100,0.0,0.0,0.0
2015-02-26 00:00:00-05:00,16.708849967075192,16.82819837276856,16.708849967075192,16.768524169921875,349600,0.0,0.0,0.0
2015-02-27 00:00:00-05:00,16.68327550388957,16.777050185376993,16.67475038502706,16.734424591064453,431600,0.0,0.0,0.0
2015-03-02 00:00:00-05:00,16.65770262415105,16.70032659464059,16.35080483342557,16.367855072021484,943100,0.0,0.0,0.0
2015-03-03 00:00:00-05:00,16.529827741060352,16.529827741060352,16.376378843094816,16.419004440307617,483800,0.0,0.0,0.0
2015-03-04 00:00:00-05:00,16.43605149565569,16.43605149565569,16.069479560629144,16.146203994750977,673700,0.0,0.0,0.0
2015-03-05 00:00:00-05:00,16.078007749332713,16.239980140304585,16.078007749332713,16.16325569152832,275500,0.0,0.0,0.0
2015-03-06 00:00:00-05:00,16.103582055318313,16.146207653935026,15.916034299405778,15.992758750915527,305400,0.0,0.0,0.0
2015-03-09 00:00:00-04:00,16.03538322799278,16.07800882795046,15.992759254035482,16.009809494018555,131600,0.0,0.0,0.0
2015-03-10 00:00:00-04:00,15.9245585309953,16.02685670996944,15.779634755781736,15.80521011352539,206900,0.0,0.0,0.0
2015-03-11 00:00:00-04:00,15.822257265677841,15.839307502599928,15.728484214606533,15.813732147216797,267800,0.0,0.0,0.0
2015-03-12 00:00:00-04:00,15.950130216974511,15.950130216974511,15.728483648958857,15.737007141113281,246200,0.0,0.0,0.0
2015-03-13 00:00:00-04:00,15.745536207771053,15.745536207771053,15.532413078465,15.609137535095215,146500,0.0,0.0,0.0
2015-03-16 00:00:00-04:00,15.361915763184099,15.413064859645182,15.225517088620903,15.319290161132812,309500,0.0,0.0,0.0
2015-03-17 00:00:00-04:00,15.276667554128334,15.327816655173237,15.182892847212173,15.21699333190918,1088500,0.0,0.0,0.0
2015-03-18 00:00:00-04:00,15.089116314230631,15.404537595513284,15.029440479663421,15.327813148498535,259400,0.0,0.0,0.0
2015-03-19 00:00:00-04:00,15.148790078119124,15.148790078119124,14.875992774963379,14.875992774963379,1466400,0.0,0.0,0.0
2015-03-20 00:00:00-04:00,15.02943998291074,15.182888871868451,15.01239137102669,15.0635404586792,174800,0.0,0.0,0.0
2015-03-23 00:00:00-04:00,14.96124322897134,15.046492807045341,14.884518771304782,15.012393951416016,352900,0.0,0.0,0.0
2015-03-24 00:00:00-04:00,14.918619929880336,15.003869511822616,14.705496788024902,14.705496788024902,1252000,0.0,0.0,0.0
2015-03-25 00:00:00-04:00,14.68844255846962,14.773692117266327,14.517945066876294,14.552043914794922,2017700,0.0,0.0,0.0
2015-03-26 00:00:00-04:00,14.560570771400283,14.620244981881386,14.509421680416521,14.594671249389648,204200,0.0,0.0,0.0
2015-03-27 00:00:00-04:00,14.526471417071646,14.61171935709653,14.449746970249066,14.577620506286621,149800,0.0,0.0,0.0
2015-03-30 00:00:00-04:00,14.475319070912544,14.492369307396551,14.398594632734559,14.407119750976562,261800,0.0,0.0,0.0
2015-03-31 00:00:00-04:00,14.483846558901242,14.483846558901242,14.364498135986322,14.390071868896484,207000,0.0,0.0,0.0
2015-04-01 00:00:00-04:00,14.37302530671427,14.37302530671427,14.168427284234419,14.236626625061035,918200,0.0,0.0,0.0
2015-04-02 00:00:00-04:00,14.33039750151132,14.475321281759811,14.193998840806891,14.21104907989502,2509500,0.0,0.0,0.0
2015-04-06 00:00:00-04:00,14.202522218320269,14.262196421808994,14.142848014831543,14.142848014831543,972600,0.0,0.0,0.0
2015-04-07 00:00:00-04:00,14.253672655096594,14.43269690854112,14.253672655096594,14.287773132324219,500000,0.0,0.0,0.0
2015-04-08 00:00:00-04:00,14.441222919412379,14.449748039245605,14.330397987580803,14.449748039245605,593400,0.0,0.0,0.0
2015-04-09 00:00:00-04:00,14.509420788173541,14.705493646554219,14.500895669200442,14.65434455871582,693300,0.0,0.0,0.0
2015-04-10 00:00:00-04:00,14.748114427471007,14.833363972774274,14.73106581921022,14.790740013122559,472700,0.0,0.0,0.0
2015-04-13 00:00:00-04:00,14.858943660245835,14.935668110808232,14.833368301391602,14.833368301391602,550600,0.0,0.0,0.0
2015-04-14 00:00:00-04:00,14.884517652820053,15.131741248057205,14.867469039286723,15.080592155456543,708700,0.0,0.0,0.0
2015-04-15 00:00:00-04:00,15.25961392264197,15.677335011401414,15.208464832957205,15.64323616027832,1802700,0.0,0.0,0.0
2015-04-16 00:00:00-04:00,15.506837335474561,15.762584407122759,15.506837335474561,15.711435317993164,741300,0.0,0.0,0.0
2015-04-17 00:00:00-04:00,15.43011434110393,15.5324125289917,15.353389887187914,15.5324125289917,827100,0.0,0.0,0.0
2015-04-20 00:00:00-04:00,15.387484234019748,15.515359370424267,15.378960742526024,15.498309135437012,446800,0.0,0.0,0.0
2015-04-21 00:00:00-04:00,15.396013487840271,15.4386390867603,15.344864395136579,15.36191463470459,342300,0.0,0.0,0.0
2015-04-22 00:00:00-04:00,15.302238749534252,15.63471025476642,15.27666339297787,15.60060977935791,771900,0.0,0.0,0.0
2015-04-23 00:00:00-04:00,15.523881976733108,15.685855947876343,15.464207783680287,15.557982444763184,345300,0.0,0.0,0.0
2015-04-24 00:00:00-04:00,15.51536067026649,15.75405747608595,15.421585995980253,15.5835599899292,549600,0.0,0.0,0.0
2015-04-27 00:00:00-04:00,15.506837779057534,15.73700949972503,15.447163569032618,15.694385528564453,398600,0.0,0.0,0.0
2015-04-28 00:00:00-04:00,15.75406092210494,15.75406092210494,15.685861587524414,15.685861587524414,143200,0.0,0.0,0.0
2015-04-29 00:00:00-04:00,15.600611862917004,15.711436796795864,15.387488741150376,15.5324125289917,300400,0.0,0.0,0.0
2015-04-30 00:00:00-04:00,15.498312110697535,15.592086795129767,15.34486321835396,15.370438575744629,357900,0.0,0.0,0.0
2015-05-01 00:00:00-04:00,15.523886404800779,15.523886404800779,15.319288416259779,15.447163581848145,219300,0.0,0.0,0.0
2015-05-04 00:00:00-04:00,15.16584025819303,15.16584025819303,14.773692916902956,14.84189224243164,1571800,0.0,0.0,0.0
2015-05-05 00:00:00-04:00,14.935666356037926,14.952716593270875,14.705493031393479,14.739593505859375,884600,0.0,0.0,0.0
2015-05-06 00:00:00-04:00,14.731071322833815,14.833369514617136,14.577622409158394,14.603196144104004,267400,0.0,0.0,0.0
2015-05-07 00:00:00-04:00,14.611719743541212,14.782218880100729,14.611719743541212,14.72254467010498,380200,0.0,0.0,0.0
2015-05-08 00:00:00-04:00,14.952715854429721,14.961239346624916,14.696967186572863,14.756641387939453,725100,0.0,0.0,0.0
2015-05-11 00:00:00-04:00,14.74811892568241,14.858943856178476,14.492371837768973,14.51794719696045,456000,0.0,0.0,0.0
2015-05-12 00:00:00-04:00,14.49237071721657,14.6543447275714,14.37302230221838,14.586145401000977,573700,0.0,0.0,0.0
2015-05-13 00:00:00-04:00,14.66287085699329,14.782219280215227,14.603195019382007,14.645820617675781,270600,0.0,0.0,0.0
2015-05-14 00:00:00-04:00,14.739595711084602,14.739595711084602,14.517947471895319,14.569096565246582,322100,0.0,0.0,0.0
2015-05-15 00:00:00-04:00,14.492371279532014,14.526471757140452,14.373022859903012,14.466795921325684,285000,0.0,0.0,0.0
2015-05-18 00:00:00-04:00,14.355975244048425,14.355975244048425,14.194001197814941,14.194001197814941,672300,0.0,0.0,0.0
2015-05-19 00:00:00-04:00,14.26220053949211,14.304826144290692,14.194001197814941,14.194001197814941,532000,0.0,0.0,0.0
2015-05-20 00:00:00-04:00,14.620246159002084,14.662871759920707,14.51794796879822,14.61172103881836,512900,0.0,0.0,0.0
2015-05-21 00:00:00-04:00,14.884517652820053,15.089117275223376,14.731070375018065,15.080592155456543,1061200,0.0,0.0,0.0
2015-05-22 00:00:00-04:00,15.046490778941077,15.259613882399167,15.029440540424373,15.140265464782715,361500,0.0,0.0,0.0
2015-05-26 00:00:00-04:00,15.251088989455857,15.259614108840715,15.08911659914433,15.13174057006836,343000,0.0,0.0,0.0
2015-05-27 00:00:00-04:00,15.14878996772282,15.285188618306693,15.097639254253737,15.22551441192627,376300,0.0,0.0,0.0
2015-05-28 00:00:00-04:00,15.259613882399167,15.319288091207394,15.131740345524362,15.140265464782715,247500,0.0,0.0,0.0
2015-05-29 00:00:00-04:00,15.046491676389211,15.165841727124539,14.918618131887387,15.080592155456543,279000,0.0,0.0,0.0
2015-06-01 00:00:00-04:00,15.148791660443491,15.165841900171706,14.986817635026158,15.03796672821045,302200,0.0,0.0,0.0
2015-06-02 00:00:00-04:00,15.114688695073784,15.165839405845672,14.944191203834427,14.9612398147583,242100,0.0,0.0,0.0
2015-06-03 00:00:00-04:00,14.93566907512383,14.961242809628914,14.773695043923171,14.807795524597168,360300,0.0,0.0,0.0
2015-06-04 00:00:00-04:00,14.82484312992037,14.867468727861668,14.68844446850882,14.773694038391113,297500,0.0,0.0,0.0
2015-06-05 00:00:00-04:00,14.875995724691377,14.995344161987303,14.68844632208291,14.995344161987305,310400,0.0,0.0,0.0
2015-06-08 00:00:00-04:00,15.089115871784227,15.165840316549245,15.072065633836402,15.123214721679688,137700,0.0,0.0,0.0
2015-06-09 00:00:00-04:00,14.893043841099983,15.06354299666857,14.833369624451114,14.978293418884277,255000,0.0,0.0,0.0
2015-06-10 00:00:00-04:00,15.012392097585177,15.148790755259979,15.012392097585177,15.072066307067871,117500,0.0,0.0,0.0
2015-06-11 00:00:00-04:00,15.140265457132681,15.396012530753069,15.089116367608652,15.387487411499023,322200,0.0,0.0,0.0
2015-06-12 00:00:00-04:00,15.34486093536589,15.592084475360107,15.327810699642157,15.472734451293945,583100,0.0,0.0,0.0
2015-06-15 00:00:00-04:00,15.430113843410101,15.549462267429744,15.39601336454716,15.489788055419922,601300,0.0,0.0,0.0
2015-06-16 00:00:00-04:00,15.413063603978632,15.51536341456713,15.37043963140028,15.489788055419922,441700,0.0,0.0,0.0
2015-06-17 00:00:00-04:00,15.489786539575055,15.515361896219435,15.259613207776157,15.41306209564209,489900,0.0,0.0,0.0
2015-06-18 00:00:00-04:00,15.404537201030939,15.64323565518644,15.378963470014408,15.626185417175293,533100,0.0,0.0,0.0
2015-06-19 00:00:00-04:00,15.59208628243842,15.609134894138064,15.353387832641602,15.353387832641602,355200,0.0,0.0,0.0
2015-06-22 00:00:00-04:00,15.549463141883468,15.68586181300522,15.532412901493144,15.677336692810059,289200,0.0,0.0,0.0
2015-06-23 00:00:00-04:00,15.66881175114084,15.677336871433134,15.557988439341884,15.609137535095215,183400,0.0,0.0,0.0
2015-06-24 00:00:00-04:00,15.481263837198993,15.566513413320218,15.344865165805203,15.4556884765625,194600,0.0,0.0,0.0
2015-06-25 00:00:00-04:00,15.404536529169535,15.506836326774478,15.387486291902025,15.4301118850708,202600,0.0,0.0,0.0
2015-06-26 00:00:00-04:00,15.34486232473337,15.4301118850708,15.34486232473337,15.4301118850708,396300,0.0,0.0,0.0
2015-06-29 00:00:00-04:00,15.43863983540747,15.73701091231451,15.43863983540747,15.651762962341309,1002200,0.0,0.0,0.0
2015-06-30 00:00:00-04:00,15.711434537262589,15.898982272084988,15.711434537262589,15.890457153320312,629200,0.0,0.0,0.0
2015-07-01 00:00:00-04:00,15.941610160086649,16.01833461401009,15.822260106205528,16.009809494018555,756000,0.0,0.0,0.0
2015-07-02 00:00:00-04:00,16.197354657884155,16.436053101360386,15.958656214407924,16.308177947998047,1011400,0.0,0.0,0.0
2015-07-06 00:00:00-04:00,16.444581175518508,16.65770430142621,16.367856720111703,16.62360382080078,607300,0.0,0.0,0.0
2015-07-07 00:00:00-04:00,16.615077660153347,16.623602779775833,16.112106984428824,16.28260612487793,897200,0.0,0.0,0.0
2015-07-08 00:00:00-04:00,15.933082298322612,16.112104909337425,15.85635785760195,15.907506942749023,617800,0.0,0.0,0.0
2015-07-09 00:00:00-04:00,15.916030692385476,16.197353075498878,15.907505574594165,16.146203994750977,583200,0.0,0.0,0.0
2015-07-10 00:00:00-04:00,16.31670278199752,16.41047745922742,16.163253901439532,16.231454849243164,779700,0.0,0.0,0.0
2015-07-13 00:00:00-04:00,16.427529451411175,16.538352751433035,16.32522964477539,16.32522964477539,358900,0.0,0.0,0.0
2015-07-14 00:00:00-04:00,16.504255934843766,16.742952803091207,16.41900635646948,16.700328826904297,565100,0.0,0.0,0.0
2015-07-15 00:00:00-04:00,16.683276356044676,16.717376833236504,16.367855072021484,16.367855072021484,340200,0.0,0.0,0.0
2015-07-16 00:00:00-04:00,16.495729062638706,16.495729062638706,16.31670480446418,16.350805282592773,341800,0.0,0.0,0.0
2015-07-17 00:00:00-04:00,16.359329672507965,16.401953642267408,16.28260522614079,16.3422794342041,252100,0.0,0.0,0.0
2015-07-20 00:00:00-04:00,16.291130404333575,16.342279493430322,16.078007302763538,16.18030548095703,450900,0.0,0.0,0.0
2015-07-21 00:00:00-04:00,16.16325286320224,16.16325286320224,15.950129793006008,15.97570514678955,135700,0.0,0.0,0.0
2015-07-22 00:00:00-04:00,16.03538046861676,16.078006061239407,15.873408094651008,15.907506942749023,272700,0.0,0.0,0.0
2015-07-23 00:00:00-04:00,16.060955943100584,16.197354588502705,15.924557297698465,16.02685546875,272300,0.0,0.0,0.0
2015-07-24 00:00:00-04:00,16.069479817995887,16.069479817995887,15.881930475583212,15.97570514678955,206500,0.0,0.0,0.0
2015-07-27 00:00:00-04:00,15.856358304261763,15.890457153320312,15.609134738086643,15.890457153320312,478300,0.0,0.0,0.0
2015-07-28 00:00:00-04:00,15.81373596700566,15.856361569607044,15.62618819356102,15.788162231445312,401200,0.0,0.0,0.0
2015-07-29 00:00:00-04:00,15.762587504345161,15.762587504345161,15.685863042574914,15.702913284301758,361800,0.0,0.0,0.0
2015-07-30 00:00:00-04:00,15.77110980561858,15.84783425367188,15.702910476904565,15.762584686279297,719400,0.0,0.0,0.0
2015-07-31 00:00:00-04:00,15.839309536045878,15.839309536045878,15.651761783825851,15.660286903381348,445800,0.0,0.0,0.0
2015-08-03 00:00:00-04:00,15.685859508881865,15.685859508881865,15.216989349024054,15.310762405395508,643400,0.0,0.0,0.0
2015-08-04 00:00:00-04:00,15.23404015062435,15.285189240174224,15.140265464782715,15.140265464782715,462200,0.0,0.0,0.0
2015-08-05 00:00:00-04:00,15.336339725241789,15.464213273752344,15.293715751071733,15.344864845275879,478400,0.0,0.0,0.0
2015-08-06 00:00:00-04:00,15.234039642340353,15.234039642340353,15.072065633836402,15.123214721679688,250400,0.0,0.0,0.0
2015-08-07 00:00:00-04:00,15.020917375070175,15.276664454402699,15.020917375070175,15.251089096069336,320500,0.0,0.0,0.0
2015-08-10 00:00:00-04:00,15.430114741926428,15.515364318047652,15.378965646653862,15.4556884765625,314100,0.0,0.0,0.0
2015-08-11 00:00:00-04:00,15.336337030290172,15.37043750443428,15.157314419033915,15.276662826538086,371100,0.0,0.0,0.0
2015-08-12 00:00:00-04:00,15.02091519336806,15.225513152317449,14.841890963037319,14.952715873718262,639500,0.0,0.0,0.0
2015-08-13 00:00:00-04:00,14.816312859980336,14.833363093229963,14.59466633173414,14.66286563873291,504300,0.0,0.0,0.0
2015-08-14 00:00:00-04:00,14.500895613023452,14.662869620884434,14.492370494083382,14.620244026184082,198700,0.0,0.0,0.0
2015-08-17 00:00:00-04:00,14.526468880975852,14.56056772583263,14.330394425549576,14.441219329833984,396600,0.0,0.0,0.0
2015-08-18 00:00:00-04:00,14.53499491027395,14.59467074469169,14.449746970249066,14.577620506286621,459300,0.0,0.0,0.0
2015-08-19 00:00:00-04:00,14.355971099291331,14.390069947284848,14.117272659336335,14.142848014831543,472300,0.0,0.0,0.0
2015-08-20 00:00:00-04:00,13.921200921968891,14.074649815176178,13.853001594543457,13.853001594543457,751100,0.0,0.0,0.0
2015-08-21 00:00:00-04:00,13.60577849667157,13.631353040580702,13.298881530761719,13.298881530761719,895300,0.0,0.0,0.0
2015-08-24 00:00:00-04:00,11.977518441801523,12.642462289448122,10.519756398076211,12.216216087341309,1182800,0.0,0.0,0.0
2015-08-25 00:00:00-04:00,12.599838240837428,12.881160685580742,12.446390151977539,12.446390151977539,458600,0.0,0.0,0.0
2015-08-26 00:00:00-04:00,12.949359437701705,13.230682682863211,12.812960781259838,13.188057899475098,640300,0.0,0.0,0.0
2015-08-27 00:00:00-04:00,13.341505115995506,13.801851771123852,13.341505115995506,13.622827529907227,857100,0.0,0.0,0.0
2015-08-28 00:00:00-04:00,13.622830533884764,14.06612704931543,13.571681436258302,14.057601928710938,549000,0.0,0.0,0.0
2015-08-31 00:00:00-04:00,13.639878768551103,13.98087541256483,13.639878768551103,13.87857723236084,348400,0.0,0.0,0.0
2015-09-01 00:00:00-04:00,13.256255917818587,13.70807662588699,13.256255917818587,13.418229103088379,680200,0.0,0.0,0.0
2015-09-02 00:00:00-04:00,13.384132531149943,13.725130030255814,13.384132531149943,13.69102954864502,283500,0.0,0.0,0.0
2015-09-03 00:00:00-04:00,13.55462905357601,13.605778956121632,13.273306622075383,13.281831741333008,269400,0.0,0.0,0.0
2015-09-04 00:00:00-04:00,12.95788397822068,13.324455960785503,12.949358859323803,13.205106735229492,200100,0.0,0.0,0.0
2015-09-08 00:00:00-04:00,13.401180851411036,13.639878497476849,13.401180851411036,13.631353378295898,178600,0.0,0.0,0.0
2015-09-09 00:00:00-04:00,13.76775086639771,13.904149509732912,13.452328800435042,13.546103477478027,269000,0.0,0.0,0.0
2015-09-10 00:00:00-04:00,13.537580283490827,13.759227703919397,13.503480617809496,13.673979759216309,167100,0.0,0.0,0.0
2015-09-11 00:00:00-04:00,13.63987844246774,13.673978919054015,13.443805580097319,13.57167911529541,107100,0.0,0.0,0.0
2015-09-14 00:00:00-04:00,13.375607398062247,13.418232187035086,13.102810049436448,13.256258964538574,310500,0.0,0.0,0.0
2015-09-15 00:00:00-04:00,13.02608443375318,13.460855779220767,13.02608443375318,13.264782905578613,399600,0.0,0.0,0.0
2015-09-16 00:00:00-04:00,13.512004852294922,13.571679060077892,13.443805525400066,13.512004852294922,143400,0.0,0.0,0.0
2015-09-17 00:00:00-04:00,13.273306615735386,13.708077941665092,13.273306615735386,13.503479957580566,324200,0.0,0.0,0.0
2015-09-18 00:00:00-04:00,13.38413078779465,13.503480018885856,13.298882033872465,13.341506004333496,223500,0.0,0.0,0.0
2015-09-21 00:00:00-04:00,13.469380455283975,13.708078106248465,13.435280790860476,13.656929016113281,314300,0.0,0.0,0.0
2015-09-22 00:00:00-04:00,13.51200457128129,13.546104234019536,13.452329551739293,13.486429214477539,60300,0.0,0.0,0.0
2015-09-23 00:00:00-04:00,13.554628567707923,13.563153686659962,13.2647818403394,13.392655372619629,294800,0.0,0.0,0.0
2015-09-24 00:00:00-04:00,13.367081661315698,13.554629411941198,13.350031422349666,13.520529747009277,183200,0.0,0.0,0.0
2015-09-25 00:00:00-04:00,13.426755571255804,13.691027765314738,13.324456578749109,13.341506004333496,160200,0.0,0.0,0.0
2015-09-28 00:00:00-04:00,13.264782834184704,13.273307140775323,13.03460948323477,13.077234268188477,559500,0.0,0.0,0.0
2015-09-29 00:00:00-04:00,13.04313551293709,13.247733519390955,13.00051072500915,13.171009063720703,850500,0.0,0.0,0.0
2015-09-30 00:00:00-04:00,13.298881643015342,13.546104404223955,13.171007296390135,13.196581840515137,124300,0.0,0.0,0.0
2015-10-01 00:00:00-04:00,13.171007072642073,13.290356298198084,13.171007072642073,13.205106735229492,175100,0.0,0.0,0.0
2015-10-02 00:00:00-04:00,13.213631912571573,13.51200457128129,13.213631912571573,13.486429214477539,86300,0.0,0.0,0.0
2015-10-05 00:00:00-04:00,13.750702342714394,13.946776839688225,13.716603490632178,13.929726600646973,604300,0.0,0.0,0.0
2015-10-06 00:00:00-04:00,14.100225710984436,14.39859676361084,14.100225710984436,14.39859676361084,584000,0.0,0.0,0.0
2015-10-07 00:00:00-04:00,14.407119671935112,14.756641387939453,14.390069435544648,14.756641387939453,1001500,0.0,0.0,0.0
2015-10-08 00:00:00-04:00,14.901565388796245,15.003865182810893,14.66286857942884,14.969764709472656,240800,0.0,0.0,0.0
2015-10-09 00:00:00-04:00,15.106164316598791,15.276663442190268,15.003866142044041,15.191413879394531,1006000,0.0,0.0,0.0
2015-10-12 00:00:00-04:00,15.319289409216415,15.327814529208233,14.944193885578665,15.029441833496094,163000,0.0,0.0,0.0
2015-10-13 00:00:00-04:00,14.893043500879608,14.918618861430783,14.577622184083877,14.61172103881836,257600,0.0,0.0,0.0
2015-10-14 00:00:00-04:00,14.620244082823433,14.696968527581122,14.543519638065744,14.65434455871582,169700,0.0,0.0,0.0
2015-10-15 00:00:00-04:00,14.739594122938435,14.901566505432129,14.731069003965054,14.901566505432129,171000,0.0,0.0,0.0
2015-10-16 00:00:00-04:00,14.910089939389026,14.99533949348845,14.833365503299547,14.89303970336914,117700,0.0,0.0,0.0
2015-10-19 00:00:00-04:00,14.816316380160298,14.875992210712257,14.67991773375607,14.799267768859863,546100,0.0,0.0,0.0
2015-10-20 00:00:00-04:00,14.552047001391436,14.65434681884605,14.543521881103516,14.543521881103516,182600,0.0,0.0,0.0
2015-10-21 00:00:00-04:00,14.54352219553329,14.56909755694999,14.330399061728873,14.34744930267334,462600,0.0,0.0,0.0
2015-10-22 00:00:00-04:00,14.739595237593358,14.935668110808232,14.62877030855865,14.833368301391602,292700,0.0,0.0,0.0
2015-10-23 00:00:00-04:00,14.961243084785862,15.0038686864123,14.790745556281443,14.8589448928833,424300,0.0,0.0,0.0
2015-10-26 00:00:00-04:00,14.893038166686612,14.893038166686612,14.679915116428361,14.790740013122559,250600,0.0,0.0,0.0
2015-10-27 00:00:00-04:00,14.560570608748623,14.654345296171563,14.458270801923575,14.466795921325684,184900,0.0,0.0,0.0
2015-10-28 00:00:00-04:00,14.509422249040115,14.637295794511022,14.441222916388943,14.475321769714355,164300,0.0,0.0,0.0
2015-10-29 00:00:00-04:00,14.47532070185644,14.637294714704133,14.441221851046532,14.577620506286621,158500,0.0,0.0,0.0
2015-10-30 00:00:00-04:00,14.696969495579076,14.696969495579076,14.449747533077026,14.458271026611328,239100,0.0,0.0,0.0
2015-11-02 00:00:00-05:00,14.500896227834696,14.654345123261557,14.441222018724305,14.534995079040527,114400,0.0,0.0,0.0
2015-11-03 00:00:00-05:00,14.816318062155444,14.910092751953997,14.705494759121045,14.833368301391602,187200,0.0,0.0,0.0
2015-11-04 00:00:00-05:00,14.816318235985015,14.91009292688376,14.765169143676758,14.765169143676758,167400,0.0,0.0,0.0
2015-11-05 00:00:00-05:00,14.8845130495563,14.910088400947231,14.790740013122559,14.790740013122559,125700,0.0,0.0,0.0
2015-11-06 00:00:00-05:00,14.534994462783557,14.671393113824326,14.517945850903594,14.620244026184082,115500,0.0,0.0,0.0
2015-11-09 00:00:00-05:00,14.586146368542824,14.662870819273934,14.381548375259971,14.390071868896484,135700,0.0,0.0,0.0
2015-11-10 00:00:00-05:00,14.270723919384416,14.373023732419592,14.108749892912208,14.125800132751465,240300,0.0,0.0,0.0
2015-11-11 00:00:00-05:00,14.142851508755372,14.236626209404301,13.997927710479981,14.057601928710938,273900,0.0,0.0,0.0
2015-11-12 00:00:00-05:00,13.929726095967462,14.19399828753104,13.861526768273627,13.912675857543945,162300,0.0,0.0,0.0
2015-11-13 00:00:00-05:00,13.852999244432471,14.032021838803624,13.84447412670052,13.895623207092285,408400,0.0,0.0,0.0
2015-11-16 00:00:00-05:00,14.049074229346667,14.159899150862257,13.98087490302946,14.083174705505371,421500,0.0,0.0,0.0
2015-11-17 00:00:00-05:00,14.270723184992379,14.270723184992379,14.08317543441313,14.091700553894043,262100,0.0,0.0,0.0
2015-11-18 00:00:00-05:00,13.989398066688482,14.07464761916921,13.946774103448103,14.049072265625,296400,0.0,0.0,0.0
2015-11-19 00:00:00-05:00,14.066122886089738,14.108746850496065,13.9723482131958,13.9723482131958,399600,0.0,0.0,0.0
2015-11-20 00:00:00-05:00,14.023500442504883,14.12579861857411,13.997925085487479,14.023500442504883,289300,0.0,0.0,0.0
2015-11-23 00:00:00-05:00,14.040551592097316,14.066126953737013,13.929728276992934,13.963827133178711,268800,0.0,0.0,0.0
2015-11-24 00:00:00-05:00,13.844478108524894,13.861528348892636,13.750703412502732,13.801854133605957,348500,0.0,0.0,0.0
2015-11-25 00:00:00-05:00,13.767751749688445,13.938250877796118,13.767751749688445,13.827425956726074,485800,0.0,0.0,0.0
2015-11-27 00:00:00-05:00,13.588730075910476,13.810379133763721,13.401182311496548,13.426756858825684,538500,0.0,0.0,0.0
2015-11-30 00:00:00-05:00,13.44380635294761,13.554629656223515,13.230683240032144,13.264782905578613,336300,0.0,0.0,0.0
2015-12-01 00:00:00-05:00,13.273306622075383,13.40118097193938,13.230682651787506,13.281831741333008,450200,0.0,0.0,0.0
2015-12-02 00:00:00-05:00,13.222155956729136,13.341504360111589,13.11985697682988,13.145431518554688,255000,0.0,0.0,0.0
2015-12-03 00:00:00-05:00,13.307405438809795,13.315930557524615,13.111332586369324,13.15395736694336,320000,0.0,0.0,0.0
2015-12-04 00:00:00-05:00,13.085758270012459,13.367080688476562,13.085758270012459,13.367080688476562,596700,0.0,0.0,0.0
2015-12-07 00:00:00-05:00,13.11133515949591,13.145434828047255,12.881161787024157,12.974936485290527,505400,0.0,0.0,0.0
2015-12-08 00:00:00-05:00,12.983459270545612,13.145433286925442,12.932310180215238,13.119858741760254,644700,0.0,0.0,0.0
2015-12-09 00:00:00-05:00,12.923784424013366,12.923784424013366,12.727711565741439,12.855585098266602,439100,0.0,0.0,0.0
2015-12-10 00:00:00-05:00,12.847060483460858,12.915259811883997,12.804436512946488,12.872635841369629,229100,0.0,0.0,0.0
2015-12-11 00:00:00-05:00,12.804436661290085,12.847060632298266,12.625413218855265,12.676562309265137,277100,0.0,0.0,0.0
2015-12-14 00:00:00-05:00,12.599836431368361,12.61688666823762,12.463437788414447,12.565736770629883,244500,0.0,0.0,0.0
2015-12-15 00:00:00-05:00,12.736236486603364,12.838536293162543,12.693612515703858,12.770336151123047,475700,0.0,0.0,0.0
2015-12-16 00:00:00-05:00,12.787385856312351,12.881159726578606,12.659512322949267,12.82148551940918,308200,0.0,0.0,0.0
2015-12-17 00:00:00-05:00,12.881160210005465,12.889685329349643,12.710661888122559,12.710661888122559,198200,0.0,0.0,0.0
2015-12-18 00:00:00-05:00,12.608363237997116,12.727712473062052,12.454914337627935,12.574263572692871,732600,0.0,0.0,0.0
2015-12-21 00:00:00-05:00,12.741024617020388,12.776318281387363,12.511616219368722,12.626320838928223,425100,0.499,0.0,0.0
2015-12-22 00:00:00-05:00,12.564557707268033,12.723379635502472,12.476323957168011,12.608675003051758,416800,0.0,0.0,0.0
2015-12-23 00:00:00-05:00,12.652790876836619,12.679260914745017,12.58220354810267,12.626320838928223,169100,0.0,0.0,0.0
2015-12-24 00:00:00-05:00,12.635145262881998,12.917495455910062,12.61749884914318,12.732203483581543,85200,0.0,0.0,0.0
2015-12-28 00:00:00-05:00,12.926316690875618,12.970433982129709,12.82925932329049,12.882200241088867,221200,0.0,0.0,0.0
2015-12-29 00:00:00-05:00,13.065435197618804,13.19821367086977,13.030027548472884,13.136250495910645,295300,0.047,0.0,0.0
2015-12-30 00:00:00-05:00,13.171659200129719,13.198214728070067,13.047731996099737,13.074288368225098,317500,0.0,0.0,0.0
2015-12-31 00:00:00-05:00,13.10084354836733,13.10084354836733,13.01232399866948,13.091991424560547,80700,0.0,0.0,0.0
2016-01-04 00:00:00-05:00,12.941507111807324,13.251324653625488,12.879543941117646,13.251324653625488,834400,0.0,0.0,0.0
2016-01-05 00:00:00-05:00,13.171657724593205,13.31328831665578,13.100842428561918,13.277880668640137,1132600,0.0,0.0,0.0
2016-01-06 00:00:00-05:00,13.207066345624147,13.207066345624147,12.98576831817627,12.98576831817627,604500,0.0,0.0,0.0
2016-01-07 00:00:00-05:00,12.764471274418284,12.77332339880278,12.613988536622024,12.693655967712402,764600,0.0,0.0,0.0
2016-01-08 00:00:00-05:00,12.693655639651029,12.764470944526723,12.339578271087534,12.366134643554688,471100,0.0,0.0,0.0
2016-01-11 00:00:00-05:00,12.5520260137724,12.587433668985625,12.304171583094728,12.419246673583984,623700,0.0,0.0,0.0
2016-01-12 00:00:00-05:00,12.543172685366692,12.569728213182254,12.304170402471605,12.436949729919434,432600,0.0,0.0,0.0
2016-01-13 00:00:00-05:00,12.472357024532856,12.481209148279525,12.029760967419184,12.047464370727539,592400,0.0,0.0,0.0
2016-01-14 00:00:00-05:00,11.967797789562466,12.135983919824268,11.835018465917374,12.047464370727539,625100,0.0,0.0,0.0
2016-01-15 00:00:00-05:00,11.66683286383365,11.808463473452294,11.357015272154097,11.43668270111084,540500,0.0,0.0,0.0
2016-01-19 00:00:00-05:00,11.60486910894691,11.666833135235281,11.516350397968587,11.534053802490234,314400,0.0,0.0,0.0
2016-01-20 00:00:00-05:00,11.33046052631961,11.392423711260369,10.96753185306361,11.215385437011719,1194000,0.0,0.0,0.0
2016-01-21 00:00:00-05:00,11.241938979298856,11.392421696848068,11.100308384943112,11.339310646057129,430500,0.0,0.0,0.0
2016-01-22 00:00:00-05:00,11.418978699947294,11.596017809987131,11.348163393605377,11.480942726135254,417600,0.0,0.0,0.0
2016-01-25 00:00:00-05:00,11.675683792397576,12.02090902609168,11.675683792397576,11.861574172973633,257800,0.0,0.0,0.0
2016-01-26 00:00:00-05:00,11.888130187988281,11.985501015203315,11.684535565757793,11.888130187988281,186500,0.0,0.0,0.0
2016-01-27 00:00:00-05:00,11.985501626228627,12.10057670654113,11.826166769767466,11.905834197998047,94300,0.0,0.0,0.0
2016-01-28 00:00:00-05:00,11.905833401567929,12.020908474182587,11.879277875329148,12.012056350708008,52800,0.0,0.0,0.0
2016-01-29 00:00:00-05:00,12.18024437465354,12.357282638549805,12.127132473392145,12.357282638549805,253000,0.0,0.0,0.0
2016-02-01 00:00:00-05:00,12.189096321263767,12.224503973527026,12.091724644401038,12.135984420776367,353500,0.0,0.0,0.0
2016-02-02 00:00:00-05:00,11.976649328358896,11.976649328358896,11.737647891320515,11.746500015258789,510000,0.0,0.0,0.0
2016-02-03 00:00:00-05:00,11.958946738520265,12.118280759327485,11.799611873527985,12.100577354431152,395800,0.0,0.0,0.0
2016-02-04 00:00:00-05:00,12.109428035499233,12.224503108255874,11.967797436471049,12.074020385742188,162300,0.0,0.0,0.0
2016-02-05 00:00:00-05:00,12.180244166260284,12.242207346517583,12.003205905392987,12.020909309387207,69000,0.0,0.0,0.0
2016-02-08 00:00:00-05:00,12.00320585377945,12.00320585377945,11.781907817600652,11.852723121643066,125100,0.0,0.0,0.0
2016-02-09 00:00:00-05:00,11.74649945535058,11.896981334203362,11.640275661524557,11.835018157958984,332600,0.0,0.0,0.0
2016-02-10 00:00:00-05:00,11.923539112389031,12.118280787628777,11.666833409404765,11.693388938903809,542900,0.0,0.0,0.0
2016-02-11 00:00:00-05:00,11.578311920166016,11.604867445233918,11.436681327557306,11.578311920166016,212800,0.0,0.0,0.0
2016-02-12 00:00:00-05:00,11.649128940695118,11.817315927450544,11.640276816300611,11.764204025268555,118600,0.0,0.0,0.0
2016-02-16 00:00:00-05:00,12.11827985922669,12.286466836267362,12.003205625485174,12.268762588500977,261100,0.0,0.0,0.0
2016-02-17 00:00:00-05:00,12.215651761115009,12.277614941081563,12.082872432948806,12.25991153717041,224100,0.0,0.0,0.0
2016-02-18 00:00:00-05:00,12.33072566986084,12.392688843941368,12.259910372573113,12.33072566986084,149000,0.0,0.0,0.0
2016-02-19 00:00:00-05:00,12.259909168333882,12.339575736818565,12.18024175566435,12.28646469116211,82800,0.0,0.0,0.0
2016-02-22 00:00:00-05:00,12.463504158201518,12.702506420011764,12.436948632728692,12.675950050354004,475900,0.0,0.0,0.0
2016-02-23 00:00:00-05:00,12.675951101973942,12.693655349881226,12.481209440103843,12.613987922668457,385000,0.0,0.0,0.0
2016-02-24 00:00:00-05:00,12.516617091733407,12.693655349881226,12.481209440103843,12.613987922668457,126100,0.0,0.0,0.0
2016-02-25 00:00:00-05:00,12.507764446418314,12.525467849402663,12.348429598634333,12.472356796264648,175200,0.0,0.0,0.0
2016-02-26 00:00:00-05:00,12.543173526575886,12.560876931578537,12.401542909814404,12.445802688598633,124000,0.0,0.0,0.0
2016-02-29 00:00:00-05:00,12.445802192590454,12.498913249666819,12.348430514308735,12.357282638549805,162100,0.0,0.0,0.0
2016-03-01 00:00:00-05:00,12.366134094068618,12.578579999255721,12.366134094068618,12.516616821289062,269200,0.0,0.0,0.0
2016-03-02 00:00:00-05:00,12.490060719872481,12.613987922668457,12.445801788474279,12.613987922668457,192400,0.0,0.0,0.0
2016-03-03 00:00:00-05:00,12.61398774099815,12.844137895368128,12.61398774099815,12.799878120422363,167100,0.0,0.0,0.0
2016-03-04 00:00:00-05:00,12.835285805535154,12.923805355661118,12.737914975744589,12.914953231811523,205400,0.0,0.0,0.0
2016-03-07 00:00:00-05:00,12.99462117716301,13.056584358215332,12.835286318245581,13.056584358215332,299900,0.0,0.0,0.0
2016-03-08 00:00:00-05:00,13.03002912406925,13.03002912406925,12.791026830295326,12.808731079101562,236300,0.0,0.0,0.0
2016-03-09 00:00:00-05:00,12.782172575557267,12.870692116465293,12.782172575557267,12.817580223083496,104800,0.0,0.0,0.0
2016-03-10 00:00:00-05:00,12.861839757203754,12.897247404079375,12.782172340687385,12.835284233093262,219200,0.0,0.0,0.0
2016-03-11 00:00:00-05:00,12.835284468939063,12.844136591866848,12.746764928031038,12.817580223083496,192200,0.0,0.0,0.0
2016-03-14 00:00:00-04:00,12.746767119384945,12.85299092440995,12.56972885131836,12.56972885131836,215000,0.0,0.0,0.0
2016-03-15 00:00:00-04:00,12.490061623197798,12.516617996979374,12.383838660626687,12.445802688598633,334600,0.0,0.0,0.0
2016-03-16 00:00:00-04:00,12.454653313672125,12.658247947692871,12.428097785472904,12.658247947692871,131400,0.0,0.0,0.0
2016-03-17 00:00:00-04:00,12.729063241916023,12.729063241916023,12.569728384481234,12.596283912658691,198500,0.0,0.0,0.0
2016-03-18 00:00:00-04:00,12.534320712197,12.605136016680653,12.498913059955173,12.543172836303711,194000,0.0,0.0,0.0
2016-03-21 00:00:00-04:00,12.498911765007584,12.605134710727855,12.410393065666492,12.560874938964844,430200,0.0,0.0,0.0
2016-03-22 00:00:00-04:00,12.54317125613947,12.560874657937633,12.419244066812672,12.46350383758545,92300,0.0,0.0,0.0
2016-03-23 00:00:00-04:00,12.445802192590454,12.463505596887565,12.321874985770553,12.357282638549805,177800,0.0,0.0,0.0
2016-03-24 00:00:00-04:00,12.25991002915861,12.348428726196289,12.224502381506555,12.348428726196289,93200,0.0,0.0,0.0
2016-03-28 00:00:00-04:00,12.401543631320559,12.48121106893011,12.38383938110283,12.454654693603516,55500,0.0,0.0,0.0
2016-03-29 00:00:00-04:00,12.286467146504211,12.560876240332115,12.233355246048962,12.543172836303711,170800,0.0,0.0,0.0
2016-03-30 00:00:00-04:00,12.498913988332445,12.569729298076021,12.428098678588867,12.428098678588867,85300,0.0,0.0,0.0
2016-03-31 00:00:00-04:00,12.43694947982093,12.43694947982093,12.366134177613471,12.39268970489502,76400,0.0,0.0,0.0
2016-04-01 00:00:00-04:00,12.224504122905197,12.259911775601124,12.144836693293106,12.242207527160645,186800,0.0,0.0,0.0
2016-04-04 00:00:00-04:00,12.259911505554532,12.304170437310786,12.065168997923976,12.14483642578125,139800,0.0,0.0,0.0
2016-04-05 00:00:00-04:00,12.171392192581513,12.171392192581513,12.118280291572473,12.127132415771484,83700,0.0,0.0,0.0
2016-04-06 00:00:00-04:00,12.18909649889461,12.383838167087987,12.18909649889461,12.357282638549805,540700,0.0,0.0,0.0
2016-04-07 00:00:00-04:00,12.259910211655683,12.348428910011023,12.206798317294542,12.224502563476562,127900,0.0,0.0,0.0
2016-04-08 00:00:00-04:00,12.304170120713316,12.392689670318155,12.215651415293465,12.27761459350586,158600,0.0,0.0,0.0
2016-04-11 00:00:00-04:00,12.42809618980421,12.560874657937633,12.410392788006044,12.46350383758545,135500,0.0,0.0,0.0
2016-04-12 00:00:00-04:00,12.498911806893599,12.702506420011764,12.498911806893599,12.675950050354004,223500,0.0,0.0,0.0
2016-04-13 00:00:00-04:00,12.605135798714814,12.684803225927585,12.525468371502045,12.613987922668457,168500,0.0,0.0,0.0
2016-04-14 00:00:00-04:00,12.658248314359462,12.702508092096899,12.62284066100652,12.693655967712402,242600,0.0,0.0,0.0
2016-04-15 00:00:00-04:00,12.631692409141996,12.66710006144028,12.560876260360407,12.596283912658691,85300,0.0,0.0,0.0
2016-04-18 00:00:00-04:00,12.543171977403514,12.596283030036938,12.419244780950589,12.481208801269531,546700,0.0,0.0,0.0
2016-04-19 00:00:00-04:00,12.348429693521005,12.41924499437249,12.277614392669522,12.410393714904785,300300,0.0,0.0,0.0
2016-04-20 00:00:00-04:00,12.374985220294068,12.525467945649716,12.330726290400621,12.410393714904785,263800,0.0,0.0,0.0
2016-04-21 00:00:00-04:00,12.525466495469601,12.578578387051486,12.321872740139614,12.374983787536621,221500,0.0,0.0,0.0
2016-04-22 00:00:00-04:00,12.622839250583896,12.737914322169212,12.622839250583896,12.720210075378418,268300,0.0,0.0,0.0
2016-04-25 00:00:00-04:00,12.729063401335416,12.782174458355499,12.684803624361995,12.764471054077148,177500,0.0,0.0,0.0
2016-04-26 00:00:00-04:00,12.773323813328455,13.109696953190047,12.773323813328455,12.959214210510254,275300,0.0,0.0,0.0
2016-04-27 00:00:00-04:00,12.844137929384749,12.95036088302491,12.835285805535154,12.914953231811523,201900,0.0,0.0,0.0
2016-04-28 00:00:00-04:00,12.826435434907665,12.86184309096086,12.720212466748082,12.7467679977417,166100,0.0,0.0,0.0
2016-04-29 00:00:00-04:00,12.782174458355499,12.861841888070652,12.737915525567107,12.764471054077148,101600,0.0,0.0,0.0
2016-05-02 00:00:00-04:00,12.782174605495602,12.932657342426479,12.764471201013462,12.870694160461426,331400,0.0,0.0,0.0
2016-05-03 00:00:00-04:00,12.808728708982768,12.888396125499137,12.702505768355907,12.835284233093262,165500,0.0,0.0,0.0
2016-05-04 00:00:00-04:00,12.764469645965491,12.83528494363697,12.49891185760498,12.49891185760498,495600,0.0,0.0,0.0
2016-05-05 00:00:00-04:00,12.69365488158623,12.773322305859905,12.569727683362183,12.640542984008789,244800,0.0,0.0,0.0
2016-05-06 00:00:00-04:00,12.737915060337187,12.835285890774392,12.640543385714981,12.79102611541748,161900,0.0,0.0,0.0
2016-05-09 00:00:00-04:00,12.729063922121597,12.729063922121597,12.428098439410915,12.445802688598633,441300,0.0,0.0,0.0
2016-05-10 00:00:00-04:00,12.392688911097762,12.569727155276457,12.392688911097762,12.49891185760498,287100,0.0,0.0,0.0
2016-05-11 00:00:00-04:00,12.746766504698295,12.746766504698295,12.552024841308594,12.552024841308594,147600,0.0,0.0,0.0
2016-05-12 00:00:00-04:00,12.693655110816731,12.773322536529095,12.587432157928578,12.631691932678223,320800,0.0,0.0,0.0
2016-05-13 00:00:00-04:00,12.596283912658691,12.658247937319453,12.525468608062123,12.596283912658691,146900,0.0,0.0,0.0
2016-05-16 00:00:00-04:00,12.667098354235703,12.817580223083496,12.667098354235703,12.817580223083496,307200,0.0,0.0,0.0
2016-05-17 00:00:00-04:00,12.98576797176434,13.065435394589942,12.817581002646966,13.003471374511719,705500,0.0,0.0,0.0
2016-05-18 00:00:00-04:00,13.00347195943894,13.056583858440096,12.906101129485986,12.968064308166504,547400,0.0,0.0,0.0
2016-05-19 00:00:00-04:00,12.861840578340848,12.950360123273688,12.711357858465988,12.782173156738281,644500,0.0,0.0,0.0
2016-05-20 00:00:00-04:00,12.746766340060569,12.844138014682775,12.711358688612039,12.79102611541748,122900,0.0,0.0,0.0
2016-05-23 00:00:00-04:00,12.773323048856676,12.79102645295561,12.711359024047852,12.711359024047852,108500,0.0,0.0,0.0
2016-05-24 00:00:00-04:00,12.737916716867234,12.81758330984809,12.720212466748082,12.7467679977417,229600,0.0,0.0,0.0
2016-05-25 00:00:00-04:00,12.702507408888657,12.817581642957627,12.605135734266451,12.79102611541748,466800,0.0,0.0,0.0
2016-05-26 00:00:00-04:00,12.613988021097589,12.649395673003445,12.498912941357304,12.552024841308594,117900,0.0,0.0,0.0
2016-05-27 00:00:00-04:00,12.52546843736631,12.64939564081395,12.436949729919434,12.436949729919434,332200,0.0,0.0,0.0
2016-05-31 00:00:00-04:00,12.578581842535302,12.799879903914047,12.578581842535302,12.7467679977417,162800,0.0,0.0,0.0
2016-06-01 00:00:00-04:00,12.808730831050571,12.81758211109723,12.658248095851954,12.764471054077148,112900,0.0,0.0,0.0
2016-06-02 00:00:00-04:00,12.764470954667805,12.87954603622849,12.755618830505055,12.826434135437012,159400,0.0,0.0,0.0
2016-06-03 00:00:00-04:00,12.826433140795505,13.083138812313543,12.80872973802786,13.065435409545898,588700,0.0,0.0,0.0
2016-06-06 00:00:00-04:00,13.083139517499836,13.127399293082004,12.985768686567067,13.0211763381958,338100,0.0,0.0,0.0
2016-06-07 00:00:00-04:00,13.189362156701671,13.269029582005752,13.136251102622273,13.15395450592041,294400,0.0,0.0,0.0
2016-06-08 00:00:00-04:00,13.277882120552261,13.419512728101884,13.277882120552261,13.366401672363281,476200,0.0,0.0,0.0
2016-06-09 00:00:00-04:00,13.304435729980469,13.366399744987246,13.277880205940356,13.304435729980469,307100,0.0,0.0,0.0
2016-06-10 00:00:00-04:00,13.295585579009172,13.295585579009172,13.118546485900879,13.118546485900879,245500,0.0,0.0,0.0
2016-06-13 00:00:00-04:00,13.012324671833778,13.065436573237113,12.844138531729106,12.932657241821289,409900,0.0,0.0,0.0
2016-06-14 00:00:00-04:00,12.932657241821289,13.118547630455415,12.844138531729106,12.932657241821289,433000,0.0,0.0,0.0
2016-06-15 00:00:00-04:00,13.04773124296693,13.074287613559422,12.941508293151855,12.941508293151855,521900,0.0,0.0,0.0
2016-06-16 00:00:00-04:00,12.959212540213517,12.994620190151874,12.87069299327514,12.941508293151855,437900,0.0,0.0,0.0
2016-06-17 00:00:00-04:00,12.835286479532071,12.835286479532071,12.702507991555755,12.755619049072266,175600,0.0,0.0,0.0
2016-06-20 00:00:00-04:00,12.976917018959897,13.047732324707656,12.923805961741595,12.932657241821289,102500,0.0,0.0,0.0
2016-06-21 00:00:00-04:00,12.941507221684486,12.985766991489271,12.879544050468722,12.950359344482422,97700,0.0,0.0,0.0
2016-06-22 00:00:00-04:00,13.083139398066441,13.091991521939066,12.985768568022554,13.030028343200684,100500,0.0,0.0,0.0
2016-06-23 00:00:00-04:00,13.277881466358851,13.277881466358851,13.065435565501502,13.171658515930176,191600,0.0,0.0,0.0
2016-06-24 00:00:00-04:00,12.596282587538267,12.764469551400728,12.490059641817997,12.560874938964844,476700,0.0,0.0,0.0
2016-06-27 00:00:00-04:00,12.54317074072519,12.729061094984468,12.321872740139614,12.374983787536621,185200,0.0,0.0,0.0
2016-06-28 00:00:00-04:00,12.631692785391017,12.720211496680847,12.58743300765358,12.693655967712402,128000,0.0,0.0,0.0
2016-06-29 00:00:00-04:00,12.852990053234345,12.932656635325719,12.835285805535154,12.914953231811523,119800,0.0,0.0,0.0
2016-06-30 00:00:00-04:00,12.87954511680597,12.950360416682686,12.835285343336782,12.941508293151855,93800,0.0,0.0,0.0
2016-07-01 00:00:00-04:00,12.968064308166504,13.038879610711378,12.852990074669828,12.968064308166504,97500,0.0,0.0,0.0
2016-07-05 00:00:00-04:00,13.030028343200684,13.091991521939066,12.994620691895179,13.030028343200684,279300,0.0,0.0,0.0
2016-07-06 00:00:00-04:00,12.941508792844424,13.056583870633562,12.941508792844424,13.030028343200684,330500,0.0,0.0,0.0
2016-07-07 00:00:00-04:00,13.26017854806842,13.525736372845563,13.100844528550176,13.207067489624023,206500,0.0,0.0,0.0
2016-07-08 00:00:00-04:00,13.260177872516055,13.428364852119989,13.215918940795554,13.366401672363281,272600,0.0,0.0,0.0
2016-07-11 00:00:00-04:00,13.277881332024359,13.339844508101285,13.118546485900879,13.118546485900879,190900,0.0,0.0,0.0
2016-07-12 00:00:00-04:00,13.295586141446964,13.384104847560723,13.198214467281337,13.375252723693848,343300,0.0,0.0,0.0
2016-07-13 00:00:00-04:00,13.658514629480845,13.915220309531271,13.587699327686586,13.676218032836914,431700,0.0,0.0,0.0
2016-07-14 00:00:00-04:00,13.631959181713958,13.631959181713958,13.54344047056662,13.56114387512207,315900,0.0,0.0,0.0
2016-07-15 00:00:00-04:00,13.65851384666948,13.65851384666948,13.46377135580407,13.490326881408691,172800,0.0,0.0,0.0
2016-07-18 00:00:00-04:00,13.711625696534716,13.85325630025545,13.62310699130175,13.738182067871094,182900,0.0,0.0,0.0
2016-07-19 00:00:00-04:00,13.605401620786038,13.747032212816915,13.54343844781876,13.56999397277832,103100,0.0,0.0,0.0
2016-07-20 00:00:00-04:00,13.45492037998929,13.45492037998929,13.29558636858847,13.366401672363281,149600,0.0,0.0,0.0
2016-07-21 00:00:00-04:00,13.330994238464928,13.410660823375546,13.286734461835682,13.295586585998535,143100,0.0,0.0,0.0
2016-07-22 00:00:00-04:00,13.260175911895526,13.277880157314023,13.145101693414837,13.189360618591309,117700,0.0,0.0,0.0
2016-07-25 00:00:00-04:00,13.189362253880189,13.207066501493754,13.056583773518405,13.091991424560547,245700,0.0,0.0,0.0
2016-07-26 00:00:00-04:00,13.09199095960862,13.153954135685545,13.056583309823953,13.118546485900879,145400,0.0,0.0,0.0
2016-07-27 00:00:00-04:00,13.277882814941085,13.286734939422125,13.180511978204803,13.260178565979004,209900,0.0,0.0,0.0
2016-07-28 00:00:00-04:00,13.277881039654654,13.43721588226969,13.260176793059676,13.313288688659668,186200,0.0,0.0,0.0
2016-07-29 00:00:00-04:00,13.269030497610414,13.44606876373291,13.162807537936917,13.44606876373291,180600,0.0,0.0,0.0
2016-08-01 00:00:00-04:00,13.366401134219727,13.42836431148174,13.162806510925293,13.162806510925293,282500,0.0,0.0,0.0
2016-08-02 00:00:00-04:00,13.003470254341815,13.038877900971379,12.879543913230785,12.897247314453125,132400,0.0,0.0,0.0
2016-08-03 00:00:00-04:00,12.897248519682668,12.941508293151855,12.782173446336762,12.941508293151855,400500,0.0,0.0,0.0
2016-08-04 00:00:00-04:00,12.879544239393075,12.879544239393075,12.764469173886607,12.817580223083496,99300,0.0,0.0,0.0
2016-08-05 00:00:00-04:00,12.764472247860851,12.826435434907665,12.711360341688506,12.7467679977417,250800,0.0,0.0,0.0
2016-08-08 00:00:00-04:00,12.808730831050571,12.808730831050571,12.702507872825375,12.764471054077148,394800,0.0,0.0,0.0
2016-08-09 00:00:00-04:00,12.941508293151855,12.985768066621045,12.8883972403368,12.941508293151855,149700,0.0,0.0,0.0
2016-08-10 00:00:00-04:00,13.136251102622273,13.215918527926354,13.109695575582574,13.15395450592041,139200,0.0,0.0,0.0
2016-08-11 00:00:00-04:00,13.277881120197058,13.587698684008968,13.277881120197058,13.543438911437988,530400,0.0,0.0,0.0
2016-08-12 00:00:00-04:00,13.446068255971186,13.446068255971186,13.33984530030897,13.366401672363281,495000,0.0,0.0,0.0
2016-08-15 00:00:00-04:00,13.508030565108712,13.60540138439189,13.481474196425651,13.587697982788086,244600,0.0,0.0,0.0
2016-08-16 00:00:00-04:00,13.543438658156834,13.543438658156834,13.463771237855953,13.499178886413574,100400,0.0,0.0,0.0
2016-08-17 00:00:00-04:00,13.46377135580407,13.490326881408691,13.366400532463834,13.490326881408691,160900,0.0,0.0,0.0
2016-08-18 00:00:00-04:00,13.463772802896901,13.587700009346452,13.40180962176464,13.578847885131836,130200,0.0,0.0,0.0
2016-08-19 00:00:00-04:00,13.543438212501222,13.596549261497536,13.490326319320005,13.587697982788086,203100,0.0,0.0,0.0
2016-08-22 00:00:00-04:00,13.401809463788126,13.50803242055632,13.375253091457314,13.410660743713379,113500,0.0,0.0,0.0
2016-08-23 00:00:00-04:00,13.45491994687882,13.543439495840417,13.43721654359749,13.508031845092773,98100,0.0,0.0,0.0
2016-08-24 00:00:00-04:00,13.437216746576974,13.499179925275103,13.357549320145095,13.375252723693848,136900,0.0,0.0,0.0
2016-08-25 00:00:00-04:00,13.384105295072006,13.516884624959749,13.295586585998535,13.295586585998535,288800,0.0,0.0,0.0
2016-08-26 00:00:00-04:00,13.525735954740762,13.552292327327109,13.41066087275501,13.463772773742676,130900,0.0,0.0,0.0
2016-08-29 00:00:00-04:00,13.40180924692985,13.508032201979221,13.198214616613136,13.481475830078125,143000,0.0,0.0,0.0
2016-08-30 00:00:00-04:00,13.392956983538628,13.48147568973243,13.330993804784466,13.437216758728027,220000,0.0,0.0,0.0
2016-08-31 00:00:00-04:00,13.384104859663749,13.516884185231948,13.384104859663749,13.437216758728027,87800,0.0,0.0,0.0
2016-09-01 00:00:00-04:00,13.35754841938965,13.35754841938965,13.145102526020754,13.198213577270508,624900,0.0,0.0,0.0
2016-09-02 00:00:00-04:00,13.39295728852906,13.39295728852906,13.207066903848398,13.242474555969238,230700,0.0,0.0,0.0
2016-09-06 00:00:00-04:00,13.25132476613309,13.25132476613309,12.93265509888655,12.950359344482422,852900,0.0,0.0,0.0
2016-09-07 00:00:00-04:00,13.065435394589942,13.07428751805611,12.976915848298171,13.003471374511719,202000,0.0,0.0,0.0
2016-09-08 00:00:00-04:00,13.00347245718118,13.065436482418528,12.99462117716301,13.056584358215332,179300,0.0,0.0,0.0
2016-09-09 00:00:00-04:00,12.976916879612853,12.976916879612853,12.844138393807848,12.888398170471191,272600,0.0,0.0,0.0
2016-09-12 00:00:00-04:00,12.826433736122864,13.100843667329995,12.77332268116987,13.083139419555664,124600,0.0,0.0,0.0
2016-09-13 00:00:00-04:00,13.056583166738971,13.074287413529767,12.684802425981777,12.720210075378418,367300,0.0,0.0,0.0
2016-09-14 00:00:00-04:00,12.720208512124517,12.870691214612856,12.693652989386823,12.702505111694336,359700,0.0,0.0,0.0
2016-09-15 00:00:00-04:00,12.755620122801275,12.773324372920428,12.667101404760844,12.7467679977417,101900,0.0,0.0,0.0
2016-09-16 00:00:00-04:00,12.622840856181107,12.640544261038785,12.419246213114931,12.507765769958496,413700,0.0,0.0,0.0
2016-09-19 00:00:00-04:00,12.640541985452352,12.90609976399152,12.640541985452352,12.817580223083496,197700,0.0,0.0,0.0
2016-09-20 00:00:00-04:00,12.976916928756618,13.056584358215332,12.95921352453525,13.056584358215332,128400,0.0,0.0,0.0
2016-09-21 00:00:00-04:00,13.065434297371567,13.277880177608937,13.065434297371567,13.251324653625488,347400,0.0,0.0,0.0
2016-09-22 00:00:00-04:00,13.277881503712468,13.375252330833103,13.260177256498732,13.286733627319336,285000,0.0,0.0,0.0
2016-09-23 00:00:00-04:00,13.242473935510725,13.277881585972587,13.127398860463432,13.162806510925293,123700,0.0,0.0,0.0
2016-09-26 00:00:00-04:00,13.242472510661914,13.269028034604775,13.1539529719392,13.189360618591309,148100,0.0,0.0,0.0
2016-09-27 00:00:00-04:00,13.277881290869272,13.366400837149051,13.215918114984403,13.357548713684082,108500,0.0,0.0,0.0
2016-09-28 00:00:00-04:00,13.32214133710687,13.454919815063477,13.32214133710687,13.454919815063477,112600,0.0,0.0,0.0
2016-09-29 00:00:00-04:00,13.339843376762246,13.45491843984925,13.286732328682023,13.304435729980469,152800,0.0,0.0,0.0
2016-09-30 00:00:00-04:00,13.29558636858847,13.419512728101884,13.29558636858847,13.366401672363281,171500,0.0,0.0,0.0
2016-10-03 00:00:00-04:00,13.322142575166954,13.322142575166954,13.207067489624023,13.207067489624023,148100,0.0,0.0,0.0
2016-10-04 00:00:00-04:00,13.215918408710573,13.277881585972587,13.10969545732499,13.162806510925293,256300,0.0,0.0,0.0
2016-10-05 00:00:00-04:00,13.277881290869272,13.384104239894032,13.251325764659322,13.357548713684082,223700,0.0,0.0,0.0
2016-10-06 00:00:00-04:00,13.260177256498732,13.330993401168705,13.2336217298631,13.286733627319336,82200,0.0,0.0,0.0
2016-10-07 00:00:00-04:00,13.260177959937149,13.277882208090077,13.207066903848398,13.242474555969238,52300,0.0,0.0,0.0
2016-10-10 00:00:00-04:00,13.215916986719055,13.242472510661914,13.180509340066946,13.189360618591309,127800,0.0,0.0,0.0
2016-10-11 00:00:00-04:00,13.180510974258397,13.215918625300537,13.083139300753762,13.091991424560547,154000,0.0,0.0,0.0
2016-10-12 00:00:00-04:00,13.127399194806491,13.215918745308146,13.065436015966332,13.083139419555664,125300,0.0,0.0,0.0
2016-10-13 00:00:00-04:00,13.065436015966332,13.10969579121716,12.994620713239007,13.083139419555664,297100,0.0,0.0,0.0
2016-10-14 00:00:00-04:00,13.083140015373733,13.171659569906648,13.07428873526847,13.109696388244629,35200,0.0,0.0,0.0
2016-10-17 00:00:00-04:00,13.091991016436118,13.10969526349778,12.941508293151855,12.941508293151855,75000,0.0,0.0,0.0
2016-10-18 00:00:00-04:00,13.16280731609861,13.16280731609861,12.99462117716301,13.056584358215332,130000,0.0,0.0,0.0
2016-10-19 00:00:00-04:00,13.242473349435262,13.2513254727052,13.109694877125937,13.198213577270508,46500,0.0,0.0,0.0
2016-10-20 00:00:00-04:00,13.14510440826416,13.180512062228987,13.065436975797034,13.14510440826416,121300,0.0,0.0,0.0
2016-10-21 00:00:00-04:00,13.065436482418528,13.118547539267654,13.012324581384377,13.056584358215332,50100,0.0,0.0,0.0
2016-10-24 00:00:00-04:00,12.923806062277928,13.012324773058712,12.870694160461426,12.870694160461426,111000,0.0,0.0,0.0
2016-10-25 00:00:00-04:00,12.835286239755437,12.835286239755437,12.755618810783902,12.773323059082031,109700,0.0,0.0,0.0
2016-10-26 00:00:00-04:00,12.791026094054088,12.791026094054088,12.658247612390118,12.7379150390625,106300,0.0,0.0,0.0
2016-10-27 00:00:00-04:00,12.88839757306029,12.914953100153369,12.808730147596071,12.861841201782227,124400,0.0,0.0,0.0
2016-10-28 00:00:00-04:00,12.879545678016312,12.941508857062168,12.835285902618558,12.85299015045166,75900,0.0,0.0,0.0
2016-10-31 00:00:00-04:00,12.702507256637766,12.755618311081477,12.658247481811348,12.684803009033203,88200,0.0,0.0,0.0
2016-11-01 00:00:00-04:00,12.6848033249093,12.6848033249093,12.490060817334587,12.552024841308594,75900,0.0,0.0,0.0
2016-11-02 00:00:00-04:00,12.516616905850567,12.569727960413665,12.39268970489502,12.39268970489502,164200,0.0,0.0,0.0
2016-11-03 00:00:00-04:00,12.516615685682227,12.516615685682227,12.348428726196289,12.348428726196289,75300,0.0,0.0,0.0
2016-11-04 00:00:00-04:00,12.472358458224873,12.472358458224873,12.348431244081073,12.428098678588867,177000,0.0,0.0,0.0
2016-11-07 00:00:00-05:00,12.543172717285877,12.640543548980727,12.516617189402737,12.552024841308594,92000,0.0,0.0,0.0
2016-11-08 00:00:00-05:00,12.507764601463771,12.596283305852724,12.490060354074993,12.578579902648926,73200,0.0,0.0,0.0
2016-11-09 00:00:00-05:00,12.428098798433563,12.5520260137724,12.38383901837076,12.419246673583984,166900,0.0,0.0,0.0
2016-11-10 00:00:00-05:00,12.498911921225574,12.498911921225574,12.003204835002034,12.029760360717773,672000,0.0,0.0,0.0
2016-11-11 00:00:00-05:00,12.047463434859173,12.16253850207169,12.047463434859173,12.109427452087402,200300,0.0,0.0,0.0
2016-11-14 00:00:00-05:00,12.038613091165853,12.162539446879292,11.99435331661749,12.047464370727539,183300,0.0,0.0,0.0
2016-11-15 00:00:00-05:00,12.127130854020525,12.206798273181876,12.065167680977215,12.109427452087402,355800,0.0,0.0,0.0
2016-11-16 00:00:00-05:00,12.07402089493742,12.295318926297956,12.07402089493742,12.153687477111816,298200,0.0,0.0,0.0
2016-11-17 00:00:00-05:00,12.135984333052289,12.3926900211516,12.118280084956123,12.25991153717041,295800,0.0,0.0,0.0
2016-11-18 00:00:00-05:00,12.251059381529277,12.259911505554532,12.047464749873468,12.14483642578125,104600,0.0,0.0,0.0
2016-11-21 00:00:00-05:00,12.295318446739152,12.295318446739152,12.153687003077117,12.189095497131348,73900,0.0,0.0,0.0
2016-11-22 00:00:00-05:00,12.251058325593249,12.339577025661214,12.171390904602623,12.206798553466797,222000,0.0,0.0,0.0
2016-11-23 00:00:00-05:00,12.144835008655157,12.197946058239376,12.082870991893685,12.171390533447266,66500,0.0,0.0,0.0
2016-11-25 00:00:00-05:00,12.038612912711042,12.091723966033799,11.861573817141931,11.888130187988281,557300,0.0,0.0,0.0
2016-11-28 00:00:00-05:00,11.870425889211257,11.923537786488351,11.675683391441869,11.711091041564941,259000,0.0,0.0,0.0
2016-11-29 00:00:00-05:00,11.666833897396746,11.817316644494056,11.666833897396746,11.781908988952637,295400,0.0,0.0,0.0
2016-11-30 00:00:00-05:00,11.73764815950688,11.861574520734223,11.73764815950688,11.843871116638184,132700,0.0,0.0,0.0
2016-12-01 00:00:00-05:00,11.896980466373709,11.896980466373709,11.711090107015451,11.773054122924805,192000,0.0,0.0,0.0
2016-12-02 00:00:00-05:00,11.74650062066459,11.817315927450544,11.728796371875578,11.764204025268555,293200,0.0,0.0,0.0
2016-12-05 00:00:00-05:00,11.746501333411215,11.835020050172218,11.693389428006537,11.781908988952637,187400,0.0,0.0,0.0
2016-12-06 00:00:00-05:00,11.657981752646895,11.719944938692771,11.613721972249087,11.666833877563477,171500,0.0,0.0,0.0
2016-12-07 00:00:00-05:00,11.649127785040886,11.888130054871995,11.640275661524557,11.835018157958984,289900,0.0,0.0,0.0
2016-12-08 00:00:00-05:00,11.826165940122928,11.941241012362536,11.781907011264195,11.896981239318848,154600,0.0,0.0,0.0
2016-12-09 00:00:00-05:00,11.896981490365617,11.941241264343262,11.861573840020494,11.941241264343262,222400,0.0,0.0,0.0
2016-12-12 00:00:00-05:00,11.861572819076178,11.870424941946785,11.68453458258853,11.773054122924805,191900,0.0,0.0,0.0
2016-12-13 00:00:00-05:00,11.728795131037836,11.728795131037836,11.569460285533609,11.604867935180664,243200,0.0,0.0,0.0
2016-12-14 00:00:00-05:00,11.693388301952586,11.755351482136845,11.542905569346514,11.560609817504883,401200,0.0,0.0,0.0
2016-12-15 00:00:00-05:00,11.61372099332297,11.68453629831637,11.489793787492006,11.5517578125,225000,0.0,0.0,0.0
2016-12-16 00:00:00-05:00,11.64912721647037,11.675682741538273,11.560608518182386,11.578311920166016,173700,0.0,0.0,0.0
2016-12-19 00:00:00-05:00,11.69444282198154,11.748877290959355,11.685370122078474,11.712587356567383,145200,0.318,0.0,0.0
2016-12-20 00:00:00-05:00,11.676296480398545,11.676296480398545,11.385977028679115,11.422266960144043,651600,0.0,0.0,0.0
2016-12-21 00:00:00-05:00,11.531136114286166,11.585571441071211,11.340613768368765,11.395049095153809,406100,0.0,0.0,0.0
2016-12-22 00:00:00-05:00,11.440411254834643,11.458556652799043,11.349686860673232,11.385976791381836,231500,0.0,0.0,0.0
2016-12-23 00:00:00-05:00,11.413192926508046,11.576498031616211,11.395048395507201,11.576498031616211,211100,0.0,0.0,0.0
2016-12-27 00:00:00-05:00,11.54020793965612,11.603715095082672,11.4948453149714,11.55835247039795,198700,0.0,0.0,0.0
2016-12-28 00:00:00-05:00,11.549281125963105,11.612789154052734,11.512991195006261,11.612789154052734,164100,0.0,0.0,0.0
2016-12-29 00:00:00-05:00,11.422264730709541,11.866816520690918,11.422264730709541,11.866816520690918,321100,0.0,0.0,0.0
2016-12-30 00:00:00-05:00,11.866818188760213,11.91218081691884,11.794238329794474,11.830528259277344,159300,0.0,0.0,0.0
2017-01-03 00:00:00-05:00,11.966614734335971,12.084557216096751,11.948470203029766,12.030122756958008,299500,0.0,0.0,0.0
2017-01-04 00:00:00-05:00,12.111775080518617,12.184354934803213,12.057339757195114,12.138992309570312,159600,0.0,0.0,0.0
2017-01-05 00:00:00-05:00,12.138991783999955,12.338586807250977,12.129919086302165,12.338586807250977,430000,0.0,0.0,0.0
2017-01-06 00:00:00-05:00,12.338587431242383,12.338587431242383,12.193426856396846,12.2206449508667,348700,0.0,0.0,0.0
2017-01-09 00:00:00-05:00,12.184354524787953,12.238788981059571,12.07548474702463,12.084556579589844,231000,0.0,0.0,0.0
2017-01-10 00:00:00-05:00,12.093629684337412,12.193426767673705,12.093629684337412,12.138992309570312,123300,0.0,0.0,0.0
2017-01-11 00:00:00-05:00,12.184354392292366,12.311368699025017,12.175281694605728,12.275078773498535,155100,0.0,0.0,0.0
2017-01-12 00:00:00-05:00,12.229716631227165,12.302297350354486,12.211572100360414,12.266007423400879,159300,0.0,0.0,0.0
2017-01-13 00:00:00-05:00,12.302298703288974,12.320443236151153,12.23879067522084,12.256936073303223,170500,0.0,0.0,0.0
2017-01-17 00:00:00-05:00,12.184354934803213,12.21157216385491,12.12991961147971,12.138992309570312,192300,0.0,0.0,0.0
2017-01-18 00:00:00-05:00,12.193427009653695,12.211572406194996,12.138992550470045,12.17528247833252,208200,0.0,0.0,0.0
2017-01-19 00:00:00-05:00,12.002905771080668,12.075486498671385,11.957544006014254,11.984761238098145,164000,0.0,0.0,0.0
2017-01-20 00:00:00-05:00,12.03012204635695,12.09362920000759,12.002903953175183,12.066411972045898,144800,0.0,0.0,0.0
2017-01-23 00:00:00-05:00,12.15713566680171,12.26600630293763,12.084555819524448,12.2478609085083,178800,0.0,0.0,0.0
2017-01-24 00:00:00-05:00,12.247862667003432,12.483747637131891,12.238789968486149,12.438385009765625,351000,0.0,0.0,0.0
2017-01-25 00:00:00-05:00,12.356731596286695,12.52910939527555,12.356731596286695,12.520036697387695,265400,0.0,0.0,0.0
2017-01-26 00:00:00-05:00,12.293222921205901,12.447455305345088,12.293222921205901,12.365802764892578,176900,0.0,0.0,0.0
2017-01-27 00:00:00-05:00,12.347657371360917,12.411165383501748,12.184353155675884,12.365802764892578,95300,0.0,0.0,0.0
2017-01-30 00:00:00-05:00,12.2660069561088,12.347658639728694,12.25693425841101,12.338586807250977,86800,0.0,0.0,0.0
2017-01-31 00:00:00-05:00,12.302298545837402,12.329515777392432,12.256935916432226,12.302298545837402,106000,0.0,0.0,0.0
2017-02-01 00:00:00-05:00,12.338588475776382,12.447458267211914,12.338588475776382,12.447458267211914,125100,0.0,0.0,0.0
2017-02-02 00:00:00-05:00,12.465603916071133,12.483749315545312,12.347661415149787,12.40209674835205,134600,0.0,0.0,0.0
2017-02-03 00:00:00-05:00,12.465603916071133,12.465603916071133,12.374879514361053,12.40209674835205,200700,0.0,0.0,0.0
2017-02-06 00:00:00-05:00,12.456529697205552,12.456529697205552,12.365805306559709,12.393022537231445,155600,0.0,0.0,0.0
2017-02-07 00:00:00-05:00,12.456530333377424,12.510965662721148,12.374878637192152,12.42024040222168,187100,0.0,0.0,0.0
2017-02-08 00:00:00-05:00,12.438385009765625,12.465602240097324,12.420239612731057,12.438385009765625,168800,0.0,0.0,0.0
2017-02-09 00:00:00-05:00,12.438385568287238,12.447458267211914,12.420240170437888,12.447458267211914,161400,0.0,0.0,0.0
2017-02-10 00:00:00-05:00,12.456530100916398,12.47467549876575,12.429312869362564,12.447458267211914,202300,0.0,0.0,0.0
2017-02-13 00:00:00-05:00,12.556328447384391,12.746850804600086,12.556328447384391,12.728705406188965,289700,0.0,0.0,0.0
2017-02-14 00:00:00-05:00,12.656122620180211,12.728702466622677,12.610759999848666,12.71055793762207,269200,0.0,0.0,0.0
2017-02-15 00:00:00-05:00,12.71056032243489,12.783140182495117,12.71056032243489,12.783140182495117,169700,0.0,0.0,0.0
2017-02-16 00:00:00-05:00,12.728702199405433,12.728702199405433,12.58354250956788,12.610759735107422,258900,0.0,0.0,0.0
2017-02-17 00:00:00-05:00,12.58354250956788,12.628905128947116,12.52003536156895,12.610759735107422,194200,0.0,0.0,0.0
2017-02-21 00:00:00-05:00,12.674271818066234,12.701489052345297,12.63798188395406,12.647053718566895,209800,0.0,0.0,0.0
2017-02-22 00:00:00-05:00,12.628906797183655,12.628906797183655,12.538181546440681,12.574471473693848,196600,0.0,0.0,0.0
2017-02-23 00:00:00-05:00,12.547254244340523,12.601689567829382,12.492819786071777,12.492819786071777,189000,0.0,0.0,0.0
2017-02-24 00:00:00-05:00,12.483747637131891,12.483747637131891,12.429312311248342,12.438385009765625,106000,0.0,0.0,0.0
2017-02-27 00:00:00-05:00,12.474674466141208,12.538181622916579,12.45652906979389,12.510964393615723,59500,0.0,0.0,0.0
2017-02-28 00:00:00-05:00,12.447458427067216,12.510965589915148,12.247863374262032,12.256936073303223,271600,0.0,0.0,0.0
2017-03-01 00:00:00-05:00,12.338586807250977,12.402093960695362,12.2660069561088,12.338586807250977,184400,0.0,0.0,0.0
2017-03-02 00:00:00-05:00,12.284152417471912,12.284152417471912,12.12992000579834,12.12992000579834,127400,0.0,0.0,0.0
2017-03-03 00:00:00-05:00,12.202499707924344,12.220645104465648,12.129919852199393,12.17528247833252,78800,0.0,0.0,0.0
2017-03-06 00:00:00-05:00,12.247862014598379,12.247862014598379,12.175282160766516,12.202499389648438,141300,0.0,0.0,0.0
2017-03-07 00:00:00-05:00,12.193427801006264,12.193427801006264,12.084558010353195,12.157137870788574,162900,0.0,0.0,0.0
2017-03-08 00:00:00-05:00,12.211574169672447,12.22064686925329,12.048269038098292,12.07548713684082,558000,0.0,0.0,0.0
2017-03-09 00:00:00-05:00,12.09363007747633,12.229717092378829,12.066412847539858,12.12992000579834,215500,0.0,0.0,0.0
2017-03-10 00:00:00-05:00,12.175282325303726,12.275079409366173,12.15713692899049,12.2206449508667,112000,0.0,0.0,0.0
2017-03-13 00:00:00-04:00,12.211572406194996,12.211572406194996,12.11177532087822,12.17528247833252,305800,0.0,0.0,0.0
2017-03-14 00:00:00-04:00,12.193427009653695,12.202499707924344,12.129919852199393,12.17528247833252,96300,0.0,0.0,0.0
2017-03-15 00:00:00-04:00,12.166208364016374,12.2478609085083,12.129918440377743,12.2478609085083,153800,0.0,0.0,0.0
2017-03-16 00:00:00-04:00,12.34765942932078,12.411167452046369,12.284152271815321,12.320442199707031,86600,0.0,0.0,0.0
2017-03-17 00:00:00-04:00,12.365803569540141,12.438383417949618,12.347658174827751,12.411166191101074,147100,0.0,0.0,0.0
2017-03-20 00:00:00-04:00,12.474675573735059,12.520038203410863,12.429312944059257,12.46560287475586,170600,0.0,0.0,0.0
2017-03-21 00:00:00-04:00,12.54725535972277,12.556328058647447,12.374878406254892,12.447458267211914,296800,0.0,0.0,0.0
2017-03-22 00:00:00-04:00,12.474675736876272,12.574472831292006,12.40209587453388,12.483748435974121,174300,0.0,0.0,0.0
2017-03-23 00:00:00-04:00,12.592615931780003,12.65612308343673,12.574470536895195,12.637978553771973,141800,0.0,0.0,0.0
2017-03-24 00:00:00-04:00,12.701489052345297,12.701489052345297,12.61076378445472,12.647053718566895,118600,0.0,0.0,0.0
2017-03-27 00:00:00-04:00,12.610762602225028,12.701487861610323,12.556328138770008,12.674270629882812,295300,0.0,0.0,0.0
2017-03-28 00:00:00-04:00,12.556328447384391,12.737778105394526,12.556328447384391,12.728705406188965,236800,0.0,0.0,0.0
2017-03-29 00:00:00-04:00,12.701486101361603,12.701486101361603,12.61983355227478,12.62890625,106600,0.0,0.0,0.0
2017-03-30 00:00:00-04:00,12.692413330078125,12.764993181019095,12.647050706935001,12.692413330078125,146800,0.0,0.0,0.0
2017-03-31 00:00:00-04:00,12.68334230693511,12.737777634937746,12.656125075543885,12.719633102416992,178100,0.0,0.0,0.0
2017-04-03 00:00:00-04:00,12.792212962940383,12.810357495461139,12.68334230693511,12.719633102416992,56400,0.0,0.0,0.0
2017-04-04 00:00:00-04:00,12.810357332772421,12.882937192374063,12.746850171926027,12.846647262573242,121200,0.0,0.0,0.0
2017-04-05 00:00:00-04:00,12.746850169747047,12.846647260377202,12.683342143691334,12.70148754119873,101400,0.0,0.0,0.0
2017-04-06 00:00:00-04:00,12.70148730154642,12.719632698711449,12.665197372436523,12.665197372436523,46100,0.0,0.0,0.0
2017-04-07 00:00:00-04:00,12.7740674029716,12.86479266008374,12.746850171926027,12.846647262573242,157300,0.0,0.0,0.0
2017-04-10 00:00:00-04:00,12.84664718721318,12.855719885915208,12.81942995632727,12.828502655029297,93700,0.0,0.0,0.0
2017-04-11 00:00:00-04:00,12.86479226482171,12.86479226482171,12.792212407450036,12.855719566345215,46900,0.0,0.0,0.0
2017-04-12 00:00:00-04:00,12.728703347902258,12.8103558971083,12.610760872962425,12.774065971374512,98400,0.0,0.0,0.0
2017-04-13 00:00:00-04:00,12.77406820015132,12.801285432895414,12.728705568764344,12.746850967407227,84300,0.0,0.0,0.0
2017-04-17 00:00:00-04:00,12.619834098845592,12.701486651468825,12.483747087953615,12.492819786071777,238000,0.0,0.0,0.0
2017-04-18 00:00:00-04:00,12.574471792202182,12.628907117070822,12.520037332553677,12.54725456237793,130200,0.0,0.0,0.0
2017-04-19 00:00:00-04:00,12.701486420508845,12.746849045054681,12.583543942777707,12.601689338684082,103100,0.0,0.0,0.0
2017-04-20 00:00:00-04:00,12.610763076429663,12.610763076429663,12.492821446102075,12.538183212280273,400000,0.0,0.0,0.0
2017-04-21 00:00:00-04:00,12.520037332553677,12.583544490550311,12.492820102729425,12.54725456237793,180600,0.0,0.0,0.0
2017-04-24 00:00:00-04:00,12.529109001159668,12.583543456334315,12.50189090835228,12.529109001159668,187400,0.0,0.0,0.0
2017-04-25 00:00:00-04:00,12.610761080605956,12.628906476381664,12.474674073168519,12.520036697387695,254200,0.0,0.0,0.0
2017-04-26 00:00:00-04:00,12.529111455440562,12.647053086495465,12.520038756060883,12.61983585357666,224500,0.0,0.0,0.0
2017-04-27 00:00:00-04:00,12.746849929238833,12.746849929238833,12.5744721170517,12.665197372436523,208500,0.0,0.0,0.0
2017-04-28 00:00:00-04:00,12.610762520686814,12.78314033936028,12.610762520686814,12.737777709960938,157100,0.0,0.0,0.0
2017-05-01 00:00:00-04:00,12.79221200339494,12.819429232744598,12.728703981285578,12.801283836364746,94600,0.0,0.0,0.0
2017-05-02 00:00:00-04:00,12.801283836364746,12.819429232744598,12.755922075855358,12.801283836364746,66800,0.0,0.0,0.0
2017-05-03 00:00:00-04:00,12.774067640436373,12.774067640436373,12.61983521961072,12.737777709960938,118000,0.0,0.0,0.0
2017-05-04 00:00:00-04:00,12.755922064550736,12.755922064550736,12.647051416808349,12.656124114990234,70900,0.0,0.0,0.0
2017-05-05 00:00:00-04:00,12.610762912177323,12.755923503805649,12.538183048973268,12.728705406188965,293000,0.0,0.0,0.0
2017-05-08 00:00:00-04:00,12.701486027750764,12.728703255548611,12.637978874482434,12.692413330078125,76200,0.0,0.0,0.0
2017-05-09 00:00:00-04:00,12.783140736202114,12.783140736202114,12.701488173792498,12.728705406188965,269800,0.0,0.0,0.0
2017-05-10 00:00:00-04:00,12.72870477223965,12.783140099541665,12.683342143691334,12.70148754119873,213600,0.0,0.0,0.0
2017-05-11 00:00:00-04:00,12.701486027750764,12.710558725423404,12.647050706935001,12.692413330078125,102700,0.0,0.0,0.0
2017-05-12 00:00:00-04:00,12.701485467176276,12.783138012186186,12.637978316710806,12.683340072631836,74800,0.0,0.0,0.0
2017-05-15 00:00:00-04:00,12.728703512820749,12.82850145879675,12.70148628447279,12.792211532592773,137200,0.0,0.0,0.0
2017-05-16 00:00:00-04:00,12.78314089947276,12.792213598794202,12.737778268085785,12.746850967407227,121700,0.0,0.0,0.0
2017-05-17 00:00:00-04:00,12.75592319028554,12.764995024047911,12.656125231917676,12.674270629882812,117100,0.0,0.0,0.0
2017-05-18 00:00:00-04:00,12.674270871475988,12.674270871475988,12.483748515311346,12.565401077270508,98700,0.0,0.0,0.0
2017-05-19 00:00:00-04:00,12.68334293737737,12.77406820015132,12.68334293737737,12.746850967407227,100700,0.0,0.0,0.0
2017-05-22 00:00:00-04:00,12.83757480246334,12.873864732938777,12.710560478409407,12.737777709960938,447800,0.0,0.0,0.0
2017-05-23 00:00:00-04:00,12.764995337790992,12.783140736202114,12.71056087299806,12.728705406188965,64800,0.0,0.0,0.0
2017-05-24 00:00:00-04:00,12.755921382932065,12.919225615379167,12.755921382932065,12.901081085205078,143800,0.0,0.0,0.0
2017-05-25 00:00:00-04:00,12.783138003983213,13.03716747090212,12.783138003983213,13.019022941589355,295300,0.0,0.0,0.0
2017-05-26 00:00:00-04:00,13.02809477363572,13.109747318593234,12.955514925944605,13.019022941589355,178800,0.0,0.0,0.0
2017-05-30 00:00:00-04:00,13.009951199222908,13.164183603191834,12.991805803358282,13.100675582885742,180100,0.0,0.0,0.0
2017-05-31 00:00:00-04:00,13.118820978750367,13.146038207327209,13.073458354308901,13.100675582885742,237900,0.0,0.0,0.0
2017-06-01 00:00:00-04:00,13.118821081547216,13.24583625793457,13.064385758746893,13.24583625793457,285000,0.0,0.0,0.0
2017-06-02 00:00:00-04:00,13.227691331949318,13.273053958358116,13.218618633623532,13.254908561706543,192000,0.0,0.0,0.0
2017-06-05 00:00:00-04:00,13.254908804867503,13.291198733616252,13.164184415605707,13.20954704284668,132500,0.0,0.0,0.0
2017-06-06 00:00:00-04:00,13.209547039718515,13.318416825938979,13.17325711097836,13.29119873046875,267200,0.0,0.0,0.0
2017-06-07 00:00:00-04:00,13.300271912791152,13.336561842851447,13.273054681550974,13.282127380371094,135700,0.0,0.0,0.0
2017-06-08 00:00:00-04:00,13.273053169250488,13.300270397389598,13.209546015185872,13.273053169250488,96400,0.0,0.0,0.0
2017-06-09 00:00:00-04:00,13.245836730259581,13.273053960020215,13.118821549343073,13.173256874084473,149100,0.0,0.0,0.0
2017-06-12 00:00:00-04:00,13.173257183979338,13.173257183979338,13.046242000074855,13.082531929016113,78800,0.0,0.0,0.0
2017-06-13 00:00:00-04:00,13.082531621255518,13.227691333605737,13.082531621255518,13.173256874084473,107200,0.0,0.0,0.0
2017-06-14 00:00:00-04:00,13.245834576150116,13.309341723670427,13.218616485595703,13.218616485595703,120000,0.0,0.0,0.0
2017-06-15 00:00:00-04:00,13.173256874084473,13.18232870719126,13.082531621255518,13.173256874084473,131400,0.0,0.0,0.0
2017-06-16 00:00:00-04:00,13.236763093074098,13.318415641784668,13.182327772193691,13.318415641784668,51100,0.0,0.0,0.0
2017-06-19 00:00:00-04:00,13.390996383489142,13.527083396911621,13.390996383489142,13.527083396911621,297100,0.0,0.0,0.0
2017-06-20 00:00:00-04:00,13.490794983355299,13.490794983355299,13.318418022655795,13.390997886657715,478200,0.0,0.0,0.0
2017-06-21 00:00:00-04:00,13.390995253207759,13.390995253207759,13.336559933301361,13.363777160644531,209900,0.0,0.0,0.0
2017-06-22 00:00:00-04:00,13.318417629532629,13.454504654214258,13.263982300527857,13.400070190429688,138600,0.0,0.0,0.0
2017-06-23 00:00:00-04:00,13.345633038678393,13.454502816598302,13.3274876430817,13.418212890625,114300,0.0,0.0,0.0
2017-06-26 00:00:00-04:00,13.490792683125436,13.563372534752224,13.427285529257016,13.545228004455566,272300,0.0,0.0,0.0
2017-06-27 00:00:00-04:00,13.427285662896036,13.427285662896036,13.309343186523627,13.354705810546875,147600,0.0,0.0,0.0
2017-06-28 00:00:00-04:00,13.273052873935038,13.445429801940918,13.273052873935038,13.445429801940918,112400,0.0,0.0,0.0
2017-06-29 00:00:00-04:00,13.481720119547862,13.481720119547862,13.318415884372294,13.354705810546875,132900,0.0,0.0,0.0
2017-06-30 00:00:00-04:00,13.436358227015385,13.563372534752224,13.436358227015385,13.545228004455566,76900,0.0,0.0,0.0
2017-07-03 00:00:00-04:00,13.56337498404696,13.7901872776438,13.56337498404696,13.78111457824707,248700,0.0,0.0,0.0
2017-07-05 00:00:00-04:00,13.663170739516014,13.772040519026806,13.65409804158509,13.726677894592285,160300,0.0,0.0,0.0
2017-07-06 00:00:00-04:00,13.744823700373425,13.753896399146043,13.672243840632825,13.699461936950684,116300,0.0,0.0,0.0
2017-07-07 00:00:00-04:00,13.481721646413417,13.563374205858764,13.463577113881222,13.508939743041992,116000,0.0,0.0,0.0
2017-07-10 00:00:00-04:00,13.381923267105227,13.427285891902146,13.227690861927762,13.24583625793457,293000,0.0,0.0,0.0
2017-07-11 00:00:00-04:00,13.22769173470903,13.336561522272953,13.209547202725123,13.309344291687012,171600,0.0,0.0,0.0
2017-07-12 00:00:00-04:00,13.345634542798003,13.481721564230554,13.345634542798003,13.427287101745605,325700,0.0,0.0,0.0
2017-07-13 00:00:00-04:00,13.42728669783277,13.42728669783277,13.327488744245468,13.372851371765137,231200,0.0,0.0,0.0
2017-07-14 00:00:00-04:00,13.445430602745017,13.499865926274317,13.418213373590422,13.490793228149414,88900,0.0,0.0,0.0
2017-07-17 00:00:00-04:00,13.28212673498083,13.309343964898497,13.18232878324915,13.191401481628418,94200,0.0,0.0,0.0
2017-07-18 00:00:00-04:00,13.273054201851952,13.273054201851952,13.19140164586223,13.20954704284668,77500,0.0,0.0,0.0
2017-07-19 00:00:00-04:00,13.282126897198824,13.36377858794906,13.24583696845867,13.29119873046875,74300,0.0,0.0,0.0
2017-07-20 00:00:00-04:00,13.300271508303922,13.300271508303922,13.200474419978178,13.227691650390625,94500,0.0,0.0,0.0
2017-07-21 00:00:00-04:00,13.227690861927762,13.263980788721277,13.182328237130843,13.24583625793457,138500,0.0,0.0,0.0
2017-07-24 00:00:00-04:00,13.309343964898497,13.309343964898497,13.17325695009002,13.191401481628418,248600,0.0,0.0,0.0
2017-07-25 00:00:00-04:00,13.345632869614834,13.490792571669152,13.291197548734429,13.318415641784668,120100,0.0,0.0,0.0
2017-07-26 00:00:00-04:00,13.390995662450043,13.445430118799955,13.390995662450043,13.418212890625,70800,0.0,0.0,0.0
2017-07-27 00:00:00-04:00,13.472648041522397,13.518009799499318,13.273053018587676,13.318415641784668,103100,0.0,0.0,0.0
2017-07-28 00:00:00-04:00,13.463575102936252,13.463575102936252,13.30934270595819,13.363777160644531,91800,0.0,0.0,0.0
2017-07-31 00:00:00-04:00,13.445430513892706,13.4635759100226,13.318416201863885,13.409140586853027,461000,0.0,0.0,0.0
2017-08-01 00:00:00-04:00,13.409140586853027,13.445430513892706,13.409140586853027,13.409140586853027,121900,0.0,0.0,0.0
2017-08-02 00:00:00-04:00,13.42728669783277,13.436359396380734,13.345634141341398,13.372851371765137,188100,0.0,0.0,0.0
2017-08-03 00:00:00-04:00,13.418212798513045,13.418212798513045,13.31841571907656,13.336560249328613,88900,0.0,0.0,0.0
2017-08-04 00:00:00-04:00,13.38192367553711,13.418213603438236,13.327488351075356,13.38192367553711,92700,0.0,0.0,0.0
2017-08-07 00:00:00-04:00,13.345634542798003,13.445431634167194,13.345634542798003,13.427287101745605,71000,0.0,0.0,0.0
2017-08-08 00:00:00-04:00,13.40914081723021,13.427286213671852,13.245836575356043,13.300271034240723,130100,0.0,0.0,0.0
2017-08-09 00:00:00-04:00,13.227691730064114,13.227691730064114,13.109749243939573,13.1641845703125,146700,0.0,0.0,0.0
2017-08-10 00:00:00-04:00,13.064386764740822,13.127894790434844,12.792212725441356,12.828502655029297,348000,0.0,0.0,0.0
2017-08-11 00:00:00-04:00,12.982734197402772,13.028095957416431,12.937371572169003,12.991806030273438,186500,0.0,0.0,0.0
2017-08-14 00:00:00-04:00,13.064384697481279,13.109747318593234,12.9736603204774,13.019022941589355,108600,0.0,0.0,0.0
2017-08-15 00:00:00-04:00,12.991807147424161,13.019025244036943,12.964589916031564,13.009952545166016,35500,0.0,0.0,0.0
2017-08-16 00:00:00-04:00,13.073458825110711,13.091604221628788,12.973661739921667,13.028096199035645,33300,0.0,0.0,0.0
2017-08-17 00:00:00-04:00,13.009951568632442,13.009951568632442,12.801283836364746,12.801283836364746,89700,0.0,0.0,0.0
2017-08-18 00:00:00-04:00,12.873863220214844,12.910153146426088,12.764993441581113,12.873863220214844,118000,0.0,0.0,0.0
2017-08-21 00:00:00-04:00,12.910153861569922,12.910153861569922,12.783139545404795,12.837574005126953,49400,0.0,0.0,0.0
2017-08-22 00:00:00-04:00,12.79221367307354,12.819430905975672,12.728705642674916,12.764995574951172,128100,0.0,0.0,0.0
2017-08-23 00:00:00-04:00,12.76499470421635,12.910154423419636,12.76499470421635,12.846647262573242,98200,0.0,0.0,0.0
2017-08-24 00:00:00-04:00,12.928299903869629,12.955517135089808,12.901082672649448,12.928299903869629,47100,0.0,0.0,0.0
2017-08-25 00:00:00-04:00,12.964589835132912,13.127894952909845,12.964589835132912,13.07345962524414,67800,0.0,0.0,0.0
2017-08-28 00:00:00-04:00,13.136966310608589,13.227691565024784,13.07345915164934,13.146039009094238,47700,0.0,0.0,0.0
2017-08-29 00:00:00-04:00,13.1097486870192,13.182328542286369,13.073458759385614,13.155111312866211,59300,0.0,0.0,0.0
2017-08-30 00:00:00-04:00,13.191401087292336,13.30934356703671,13.182328389184281,13.20047378540039,22400,0.0,0.0,0.0
2017-08-31 00:00:00-04:00,13.25490762322085,13.327487474248008,13.236763093074098,13.318415641784668,46800,0.0,0.0,0.0
2017-09-01 00:00:00-04:00,13.36377858794906,13.372851286439136,13.218618872988442,13.29119873046875,185200,0.0,0.0,0.0
2017-09-05 00:00:00-04:00,13.309344127448902,13.336561357698981,13.200474341228439,13.29119873046875,130600,0.0,0.0,0.0
2017-09-06 00:00:00-04:00,13.291198423174231,13.38192367553711,13.24583666221292,13.38192367553711,44200,0.0,0.0,0.0
2017-09-07 00:00:00-04:00,13.381922649289288,13.472647894694529,13.345632724171205,13.445429801940918,56100,0.0,0.0,0.0
2017-09-08 00:00:00-04:00,13.472649410271824,13.518011172857257,13.445431314456371,13.454504013061523,37900,0.0,0.0,0.0
2017-09-11 00:00:00-04:00,13.454505051354339,13.454505051354339,13.327489856740863,13.390997886657715,79800,0.0,0.0,0.0
2017-09-12 00:00:00-04:00,13.372851774040477,13.427287101745605,13.354707241618888,13.427287101745605,51000,0.0,0.0,0.0
2017-09-13 00:00:00-04:00,13.445430118799955,13.463575514396648,13.390995662450043,13.418212890625,71300,0.0,0.0,0.0
2017-09-14 00:00:00-04:00,13.499864656468011,13.563371806928576,13.481719261924974,13.518009185791016,96900,0.0,0.0,0.0
2017-09-15 00:00:00-04:00,13.518009203778353,13.608734446174196,13.463574750516877,13.581517219543457,110800,0.0,0.0,0.0
2017-09-18 00:00:00-04:00,13.599662386824518,13.635952312441137,13.536155233300452,13.608735084533691,135200,0.0,0.0,0.0
2017-09-19 00:00:00-04:00,13.608734768574076,13.672241920623671,13.545227616524482,13.63595199584961,107000,0.0,0.0,0.0
2017-09-20 00:00:00-04:00,13.499866724931488,13.608736513210754,13.454504096843419,13.53615665435791,94100,0.0,0.0,0.0
2017-09-21 00:00:00-04:00,13.445429355949695,13.599661748890606,13.445429355949695,13.581517219543457,196100,0.0,0.0,0.0
2017-09-22 00:00:00-04:00,13.472647429873488,13.572444504200094,13.454502035330451,13.518009185791016,104200,0.0,0.0,0.0
2017-09-25 00:00:00-04:00,13.499865515245196,13.518010045722441,13.33656041484954,13.354705810546875,170900,0.0,0.0,0.0
2017-09-26 00:00:00-04:00,13.463577031808965,13.47264973062985,13.372851774040477,13.427287101745605,65100,0.0,0.0,0.0
2017-09-27 00:00:00-04:00,13.427286071715326,13.545228551678717,13.427286071715326,13.490793228149414,117600,0.0,0.0,0.0
2017-09-28 00:00:00-04:00,13.436358377342444,13.54522815600067,13.436358377342444,13.499865531921387,57500,0.0,0.0,0.0
2017-09-29 00:00:00-04:00,13.58151872141269,13.590590554479427,13.49986616727115,13.527083396911621,18400,0.0,0.0,0.0
2017-10-02 00:00:00-04:00,13.518011172857257,13.518011172857257,13.436359481071381,13.454504013061523,90000,0.0,0.0,0.0
2017-10-03 00:00:00-04:00,13.463577113881222,13.527084275574188,13.454504415005031,13.508939743041992,34100,0.0,0.0,0.0
2017-10-04 00:00:00-04:00,13.554301267059639,13.563373965775236,13.472649574279785,13.472649574279785,83300,0.0,0.0,0.0
2017-10-05 00:00:00-04:00,13.508938005393004,13.608735084533691,13.508938005393004,13.608735084533691,65400,0.0,0.0,0.0
2017-10-06 00:00:00-04:00,13.536154598345536,13.608734446174196,13.490791977147616,13.581517219543457,62400,0.0,0.0,0.0
2017-10-09 00:00:00-04:00,13.599662793869191,13.690388043236231,13.545228336425048,13.66317081451416,93500,0.0,0.0,0.0
2017-10-10 00:00:00-04:00,13.717605273411277,13.74482250213623,13.608735493291357,13.74482250213623,119800,0.0,0.0,0.0
2017-10-11 00:00:00-04:00,13.753895923882554,13.781113154039748,13.68131606664994,13.772041320800781,99600,0.0,0.0,0.0
2017-10-12 00:00:00-04:00,13.772042744070577,13.78111457824707,13.726680112307161,13.78111457824707,59600,0.0,0.0,0.0
2017-10-13 00:00:00-04:00,13.799257371028883,13.88090991973877,13.78111197566221,13.88090991973877,151000,0.0,0.0,0.0
2017-10-16 00:00:00-04:00,13.880909603844145,13.917199528531553,13.844619679156738,13.908126831054688,127400,0.0,0.0,0.0
2017-10-17 00:00:00-04:00,13.94441802019408,13.980707948172185,13.799258308281658,13.817402839660645,132200,0.0,0.0,0.0
2017-10-18 00:00:00-04:00,13.862765247493419,14.016997655275057,13.862765247493419,13.98978042602539,197500,0.0,0.0,0.0
2017-10-19 00:00:00-04:00,13.980707651686489,14.062360204210671,13.935345026370818,14.053287506103516,169400,0.0,0.0,0.0
2017-10-20 00:00:00-04:00,14.053287824505608,14.062360522818324,13.971635270131442,14.026070594787598,122400,0.0,0.0,0.0
2017-10-23 00:00:00-04:00,14.016998931840613,14.053288862551895,13.94441907041805,13.962564468383789,66300,0.0,0.0,0.0
2017-10-24 00:00:00-04:00,13.989782252093491,14.144014680006887,13.989782252093491,14.11679744720459,190100,0.0,0.0,0.0
2017-10-25 00:00:00-04:00,14.153084754943848,14.180301982699259,14.071432206457546,14.153084754943848,118800,0.0,0.0,0.0
2017-10-26 00:00:00-04:00,14.153085871005635,14.325462814009692,14.153085871005635,14.252882957458496,173300,0.0,0.0,0.0
2017-10-27 00:00:00-04:00,14.334535843324488,14.515985488891602,14.325463144741093,14.515985488891602,269800,0.0,0.0,0.0
2017-10-30 00:00:00-04:00,14.334534989802231,14.633926238246174,14.334534989802231,14.597637176513672,247100,0.0,0.0,0.0
2017-10-31 00:00:00-04:00,14.51598565273826,14.588565511784338,14.407115864169144,14.534131050109863,375800,0.0,0.0,0.0
2017-11-01 00:00:00-04:00,14.534130283125004,14.897029559204729,14.515984886710957,14.842595100402832,409000,0.0,0.0,0.0
2017-11-02 00:00:00-04:00,14.597637011176246,14.715578623521303,14.515984460152673,14.57949161529541,129300,0.0,0.0,0.0
2017-11-03 00:00:00-04:00,14.588564403061746,14.779087600103257,14.588564403061746,14.661144256591797,203600,0.0,0.0,0.0
2017-11-06 00:00:00-05:00,14.642998695373535,14.770014735448079,14.615782332131994,14.642998695373535,117300,0.0,0.0,0.0
2017-11-07 00:00:00-05:00,14.679288936493354,14.733723391375396,14.561345598735453,14.615781784057617,89400,0.0,0.0,0.0
2017-11-08 00:00:00-05:00,14.624856863900172,14.833523750305176,14.615784164868598,14.833523750305176,172900,0.0,0.0,0.0
2017-11-09 00:00:00-05:00,14.633927274773011,14.67929076820202,14.416188562854945,14.534131050109863,287400,0.0,0.0,0.0
2017-11-10 00:00:00-05:00,14.606709634238085,14.715578548084624,14.543202479420906,14.642998695373535,249100,0.0,0.0,0.0
2017-11-13 00:00:00-05:00,14.733725236401028,14.851668588928344,14.67929077470245,14.824450492858887,403600,0.0,0.0,0.0
2017-11-14 00:00:00-05:00,14.797231609367712,14.9242476538258,14.770015245186887,14.842595100402832,266900,0.0,0.0,0.0
2017-11-15 00:00:00-05:00,14.824450328819477,14.860739392736862,14.60671075399421,14.806304931640625,345600,0.0,0.0,0.0
2017-11-16 00:00:00-05:00,14.951464675043878,15.250856807271372,14.951464675043878,15.223640441894531,455500,0.0,0.0,0.0
2017-11-17 00:00:00-05:00,15.178274321810513,15.223637806987604,15.151057961144279,15.196419715881348,162800,0.0,0.0,0.0
2017-11-20 00:00:00-05:00,15.305293153566206,15.414162077054334,15.296220454868806,15.405089378356934,304900,0.0,0.0,0.0
2017-11-21 00:00:00-05:00,15.432305877568842,15.513958426955991,15.259928081035953,15.296218872070312,528300,0.0,0.0,0.0
2017-11-22 00:00:00-05:00,15.423233179810252,15.423233179810252,15.259928081035953,15.296218872070312,193300,0.0,0.0,0.0
2017-11-24 00:00:00-05:00,15.396017088151188,15.459525980718027,15.314364528148491,15.377873420715332,93200,0.0,0.0,0.0
2017-11-27 00:00:00-05:00,15.414162486027427,15.495815046030122,15.377873420715332,15.377873420715332,317600,0.0,0.0,0.0
2017-11-28 00:00:00-05:00,15.441379382366422,15.48674114309003,15.405088589435335,15.423233985900879,193400,0.0,0.0,0.0
2017-11-29 00:00:00-05:00,15.468596538798398,15.4776692374958,15.332509519218068,15.405089378356934,182400,0.0,0.0,0.0
2017-11-30 00:00:00-05:00,15.405087315410084,15.468594467347092,15.332507465990629,15.36879825592041,156800,0.0,0.0,0.0
2017-12-01 00:00:00-05:00,15.513959305678876,15.513959305678876,15.04218937815174,15.214567184448242,443500,0.0,0.0,0.0
2017-12-04 00:00:00-05:00,15.532104086530794,15.849639861278993,15.513958690705127,15.559320449829102,205300,0.0,0.0,0.0
2017-12-05 00:00:00-05:00,15.414160482051662,15.468594938163042,15.278073476553132,15.296218872070312,189500,0.0,0.0,0.0
2017-12-06 00:00:00-05:00,15.051262545486267,15.232713055710024,14.969609988929607,15.141987800598145,337300,0.0,0.0,0.0
2017-12-07 00:00:00-05:00,14.996827050560055,15.13291405862448,14.987754352630402,15.060334205627441,135900,0.0,0.0,0.0
2017-12-08 00:00:00-05:00,15.187349562933928,15.187349562933928,15.060335244041486,15.141987800598145,137000,0.0,0.0,0.0
2017-12-11 00:00:00-05:00,15.033116416915261,15.042189115029032,14.878884009861588,14.969609260559082,245600,0.0,0.0,0.0
2017-12-12 00:00:00-05:00,14.942391319799603,14.942391319799603,14.81537700578176,14.842595100402832,173700,0.0,0.0,0.0
2017-12-13 00:00:00-05:00,14.851667344565975,15.07847960148675,14.842594646636321,15.060334205627441,122400,0.0,0.0,0.0
2017-12-14 00:00:00-05:00,15.141986533192295,15.259928143657637,15.069406681265892,15.250855445861816,130100,0.0,0.0,0.0
2017-12-15 00:00:00-05:00,15.259926864689255,15.423231950446741,15.141985264108861,15.196419715881348,108000,0.0,0.0,0.0
2017-12-18 00:00:00-05:00,15.399673993970413,15.500385858969619,15.39051821112621,15.472918510437012,160000,0.152,0.0,0.0
2017-12-19 00:00:00-05:00,15.472917528885842,15.472917528885842,15.335584287508818,15.390517234802246,115400,0.0,0.0,0.0
2017-12-20 00:00:00-05:00,15.610253777130238,15.66518848129217,15.491232077353876,15.619409561157227,136600,0.0,0.0,0.0
2017-12-21 00:00:00-05:00,15.646873798352187,15.646873798352187,15.500384775657018,15.509540557861328,140000,0.0,0.0,0.0
2017-12-22 00:00:00-05:00,15.509542990895213,15.610253118367565,15.381363766213864,15.58278751373291,156900,0.0,0.0,0.0
2017-12-26 00:00:00-05:00,15.610253562359546,15.65603248186465,15.537009037438605,15.591943740844727,94200,0.0,0.0,0.0
2017-12-27 00:00:00-05:00,15.688218994367723,15.862429395192391,15.624036031026574,15.825754165649414,150100,0.025,0.0,0.0
2017-12-28 00:00:00-05:00,15.990793747785416,16.20168108318451,15.871595341617772,16.17417335510254,305500,0.0,0.0,0.0
2017-12-29 00:00:00-05:00,16.293371717262985,16.50425905209249,16.284202474593762,16.394229888916016,457900,0.0,0.0,0.0
2018-01-02 00:00:00-05:00,16.458416546896235,16.504261016845703,16.348387370621317,16.504261016845703,346100,0.0,0.0,0.0
2018-01-03 00:00:00-05:00,16.52260313566465,16.816012005076548,16.52260313566465,16.779335021972656,415000,0.0,0.0,0.0
2018-01-04 00:00:00-05:00,16.834346708473998,16.98105111016774,16.806838977336014,16.971881866455078,644900,0.0,0.0,0.0
2018-01-05 00:00:00-05:00,16.91686938802557,16.981052349845367,16.852684677351228,16.95354461669922,322200,0.0,0.0,0.0
2018-01-08 00:00:00-05:00,17.091081027939005,17.237785451014087,17.091081027939005,17.21027946472168,417500,0.0,0.0,0.0
2018-01-09 00:00:00-05:00,17.320308088119116,17.37532356216302,17.228619129088855,17.24695587158203,522000,0.0,0.0,0.0
2018-01-10 00:00:00-05:00,17.24695413623652,17.31113710064169,16.843517860302704,16.889362335205078,489600,0.0,0.0,0.0
2018-01-11 00:00:00-05:00,17.091080882949186,17.411997461523974,17.091080882949186,17.402828216552734,815300,0.0,0.0,0.0
2018-01-12 00:00:00-05:00,17.421162941395167,17.522022865426088,17.24695082230202,17.512853622436523,368600,0.0,0.0,0.0
2018-01-16 00:00:00-05:00,17.632051580924898,17.751249999705337,17.512854910998865,17.522024154663086,455400,0.0,0.0,0.0
2018-01-17 00:00:00-05:00,17.476176027020646,17.4853452696831,17.24695020702196,17.356979370117188,515300,0.0,0.0,0.0
2018-01-18 00:00:00-05:00,17.457840539471896,17.512854250528044,17.14609326206316,17.173599243164062,490100,0.0,0.0,0.0
2018-01-19 00:00:00-05:00,17.512856221589832,17.512856221589832,17.33864407664116,17.366151809692383,329300,0.0,0.0,0.0
2018-01-22 00:00:00-05:00,17.68706691959806,17.82460207589365,17.57703774524895,17.797094345092773,519200,0.0,0.0,0.0
2018-01-23 00:00:00-05:00,17.879614548293947,18.01714969504843,17.806262353434608,17.9804744720459,540000,0.0,0.0,0.0
2018-01-24 00:00:00-05:00,17.980477597585867,18.03549131607982,17.72374399652312,17.769588470458984,615100,0.0,0.0,0.0
2018-01-25 00:00:00-05:00,17.952970504760742,17.980478239416925,17.861279804761445,17.952970504760742,302100,0.0,0.0,0.0
2018-01-26 00:00:00-05:00,18.062997645193374,18.228038787841797,17.98964544328704,18.228038787841797,457200,0.0,0.0,0.0
2018-01-29 00:00:00-05:00,18.07216520487112,18.13634991201654,18.044659222091813,18.090503692626953,552600,0.0,0.0,0.0
2018-01-30 00:00:00-05:00,17.815432270021613,17.888784467654492,17.66872787475586,17.66872787475586,444700,0.0,0.0,0.0
2018-01-31 00:00:00-05:00,17.732913857837012,18.044661188236372,17.71457536808302,18.035491943359375,560400,0.0,0.0,0.0
2018-02-01 00:00:00-05:00,17.86127791489826,17.952968605195966,17.558699861113954,17.870447158813477,584500,0.0,0.0,0.0
2018-02-02 00:00:00-05:00,17.870449357155927,17.870449357155927,17.008559560498817,17.017728805541992,1025000,0.0,0.0,0.0
2018-02-05 00:00:00-05:00,16.632629051343606,16.724319751781447,15.825754734970864,16.064149856567383,1126100,0.0,0.0,0.0
2018-02-06 00:00:00-05:00,15.69738626408916,16.62345711700965,15.596526335039567,16.540937423706055,791300,0.0,0.0,0.0
2018-02-07 00:00:00-05:00,16.550105623497434,16.68764253219073,16.146669387817383,16.146669387817383,638100,0.0,0.0,0.0
2018-02-08 00:00:00-05:00,16.24752895302126,16.403402613779253,15.633203554605,15.660711288452148,464000,0.0,0.0,0.0
2018-02-09 00:00:00-05:00,15.770742060980373,15.908277246338244,15.183922588542817,15.844094276428223,1291000,0.0,0.0,0.0
2018-02-12 00:00:00-05:00,16.192515675870652,16.394233816354976,15.954120555923014,16.091655731201172,488700,0.0,0.0,0.0
2018-02-13 00:00:00-05:00,16.165003567995416,16.52259702560091,16.10998986253848,16.45841407775879,348700,0.0,0.0,0.0
2018-02-14 00:00:00-05:00,16.458419537299406,17.063575744628906,16.440081046445847,17.063575744628906,478400,0.0,0.0,0.0
2018-02-15 00:00:00-05:00,17.118586848475683,17.39365717376284,17.017726913071638,17.375320434570312,371000,0.0,0.0,0.0
2018-02-16 00:00:00-05:00,17.23778280790694,17.421164183059858,17.10024765096945,17.3294734954834,225100,0.0,0.0,0.0
2018-02-20 00:00:00-05:00,17.100245105198013,17.44866931634658,16.99021769556994,17.311132431030273,764400,0.0,0.0,0.0
2018-02-21 00:00:00-05:00,17.329472884314846,17.421163568657594,17.09107780456543,17.09107780456543,274200,0.0,0.0,0.0
2018-02-22 00:00:00-05:00,17.26529060082219,17.366150532403843,17.091078468686902,17.191938400268555,207900,0.0,0.0,0.0
2018-02-23 00:00:00-05:00,17.311134437075822,17.549529517367827,17.23778223920554,17.531192779541016,362800,0.0,0.0,0.0
2018-02-26 00:00:00-05:00,17.53119646198111,17.66873164327046,17.522027216714523,17.641223907470703,339400,0.0,0.0,0.0
2018-02-27 00:00:00-05:00,17.604546255404156,17.604546255404156,17.15526204337198,17.182769775390625,358200,0.0,0.0,0.0
2018-02-28 00:00:00-05:00,17.237783549516276,17.411995688521117,17.08190989858657,17.127756118774414,322200,0.0,0.0,0.0
2018-03-01 00:00:00-05:00,17.17360062644317,17.18276987050014,16.71514891672165,16.797670364379883,726600,0.0,0.0,0.0
2018-03-02 00:00:00-05:00,16.80684020429553,17.036066067283112,16.80684020429553,16.95354461669922,589000,0.0,0.0,0.0
2018-03-05 00:00:00-05:00,16.75182394016705,17.14609264438385,16.715146968214658,17.10024642944336,466800,0.0,0.0,0.0
2018-03-06 00:00:00-05:00,17.347808182911724,17.347808182911724,16.962708778526157,17.109413146972656,147200,0.0,0.0,0.0
2018-03-07 00:00:00-05:00,16.92603810396491,17.04523654067152,16.852685892474177,17.017728805541992,293600,0.0,0.0,0.0
2018-03-08 00:00:00-05:00,17.091082192833877,17.28363285427797,17.0727454503407,17.24695587158203,245400,0.0,0.0,0.0
2018-03-09 00:00:00-05:00,17.311138178643315,17.421167373657227,17.256124455563718,17.421167373657227,231700,0.0,0.0,0.0
2018-03-12 00:00:00-04:00,17.34781198276957,17.37531971369883,17.23778280790694,17.3294734954834,331200,0.0,0.0,0.0
2018-03-13 00:00:00-04:00,17.44867382000945,17.549532013391918,17.36615236706178,17.411996841430664,276900,0.0,0.0,0.0
2018-03-14 00:00:00-04:00,17.52202416021416,17.577037873362496,17.393656497728834,17.439502716064453,234800,0.0,0.0,0.0
2018-03-15 00:00:00-04:00,17.512853620772482,17.512853620772482,17.237781577674546,17.265289306640625,215000,0.0,0.0,0.0
2018-03-16 00:00:00-04:00,17.320302964850907,17.522022812301156,17.274458498896365,17.4853458404541,222000,0.0,0.0,0.0
2018-03-19 00:00:00-04:00,17.485349638025905,17.632054059567707,17.467011148119518,17.56787109375,540400,0.0,0.0,0.0
2018-03-20 00:00:00-04:00,17.6412225443549,17.769588470458984,17.549531847628593,17.769588470458984,313200,0.0,0.0,0.0
2018-03-21 00:00:00-04:00,17.806266726197762,18.081337087256966,17.806266726197762,18.053831100463867,338500,0.0,0.0,0.0
2018-03-22 00:00:00-04:00,17.80626308434099,18.00798119127068,17.50368504951928,17.531192779541016,486400,0.0,0.0,0.0
2018-03-23 00:00:00-04:00,17.41199832657281,17.540364264838235,16.962715793789073,17.063575744628906,452200,0.0,0.0,0.0
2018-03-26 00:00:00-04:00,17.4486700190846,17.925458394765617,17.4486700190846,17.907121658325195,444800,0.0,0.0,0.0
2018-03-27 00:00:00-04:00,18.017155532829097,18.017155532829097,17.522028494314835,17.650394439697266,764000,0.0,0.0,0.0
2018-03-28 00:00:00-04:00,17.78792515256871,17.93462955288584,17.659559239504823,17.824602127075195,324300,0.0,0.0,0.0
2018-03-29 00:00:00-04:00,17.82460391083484,17.93463134765625,17.72374396970307,17.93463134765625,339600,0.0,0.0,0.0
2018-04-02 00:00:00-04:00,18.017149072384576,18.191361184975186,17.78792325276428,17.907121658325195,352000,0.0,0.0,0.0
2018-04-03 00:00:00-04:00,18.127183695301127,18.585635472629807,17.998816008427873,18.567296981811523,727900,0.0,0.0,0.0
2018-04-04 00:00:00-04:00,18.25554270331528,18.796515735112205,18.145515297882667,18.695655822753906,511800,0.0,0.0,0.0
2018-04-05 00:00:00-04:00,18.631478706697074,18.668155685884525,18.448099057323688,18.585634231567383,272200,0.0,0.0,0.0
2018-04-06 00:00:00-04:00,18.686489270848043,18.704827757344763,18.34723601493035,18.35640525817871,320900,0.0,0.0,0.0
2018-04-09 00:00:00-04:00,18.567290635391064,18.631473582462174,18.41141701442374,18.493938446044922,283900,0.0,0.0,0.0
2018-04-10 00:00:00-04:00,18.448093983523883,18.62230434018714,18.39307852987367,18.493938446044922,381700,0.0,0.0,0.0
2018-04-11 00:00:00-04:00,18.099673737005794,18.22803965926503,17.879617120766596,17.91629409790039,431700,0.0,0.0,0.0
2018-04-12 00:00:00-04:00,17.962135268893512,18.136347380548553,17.916290804757335,18.09967041015625,210600,0.0,0.0,0.0
2018-04-13 00:00:00-04:00,18.07216340397937,18.10884037583618,17.934628257224887,17.9804744720459,131400,0.0,0.0,0.0
2018-04-16 00:00:00-04:00,17.98047761877646,18.026322092766357,17.888786921942096,17.962139129638672,164800,0.0,0.0,0.0
2018-04-17 00:00:00-04:00,17.9804744720459,18.062995909869443,17.879614548293947,17.9804744720459,284200,0.0,0.0,0.0
2018-04-18 00:00:00-04:00,17.870448585590978,17.870448585590978,17.659561205267117,17.687068939208984,267300,0.0,0.0,0.0
2018-04-19 00:00:00-04:00,17.36615186961869,17.36615186961869,16.926036883553074,16.95354461669922,499700,0.0,0.0,0.0
2018-04-20 00:00:00-04:00,17.27446058511547,17.320305056606603,17.04523472995083,17.072742462158203,226700,0.0,0.0,0.0
2018-04-23 00:00:00-04:00,16.898533493032172,16.907702738821616,16.632630611702726,16.696813583374023,569100,0.0,0.0,0.0
2018-04-24 00:00:00-04:00,16.77016378152386,16.871021964835826,16.48592247248302,16.559274673461914,516700,0.0,0.0,0.0
2018-04-25 00:00:00-04:00,16.61429209722787,16.705981047634964,16.412572209081166,16.58678436279297,355800,0.0,0.0,0.0
2018-04-26 00:00:00-04:00,16.51342970054706,16.614289629640496,16.37589454650879,16.37589454650879,311700,0.0,0.0,0.0
2018-04-27 00:00:00-04:00,16.513432743029828,16.64179867726881,16.42174204049283,16.467586517333984,156400,0.0,0.0,0.0
2018-04-30 00:00:00-04:00,16.623455709083967,16.623455709083967,16.394229888916016,16.394229888916016,336400,0.0,0.0,0.0
2018-05-01 00:00:00-04:00,16.37589444599375,16.476752625613752,16.12833012093179,16.238357543945312,599900,0.0,0.0,0.0
2018-05-02 00:00:00-04:00,16.284205142689647,16.42174030755411,15.935780859588201,15.944950103759766,346400,0.0,0.0,0.0
2018-05-03 00:00:00-04:00,16.01830291748047,16.11916285834905,15.917444725466462,16.01830291748047,552600,0.0,0.0,0.0
2018-05-04 00:00:00-04:00,16.06414594048311,16.22918881126648,15.999962990479405,16.17417335510254,122800,0.0,0.0,0.0
2018-05-07 00:00:00-04:00,16.40339862344769,16.550103003902294,16.40339862344769,16.45841407775879,505100,0.0,0.0,0.0
2018-05-08 00:00:00-04:00,16.495091823672528,16.55010553755149,16.440078109793564,16.531768798828125,206500,0.0,0.0,0.0
2018-05-09 00:00:00-04:00,16.531770722425787,16.586784442706016,16.39423379844326,16.449249267578125,273100,0.0,0.0,0.0
2018-05-10 00:00:00-04:00,16.366726590393327,16.412571062393884,16.284205141708718,16.38506507873535,180200,0.0,0.0,0.0
2018-05-11 00:00:00-04:00,16.44924736694355,16.458416610739896,16.36672592163086,16.36672592163086,109700,0.0,0.0,0.0
2018-05-14 00:00:00-04:00,16.68764233068954,16.760994531641504,16.614290129737572,16.641796112060547,292900,0.0,0.0,0.0
2018-05-15 00:00:00-04:00,16.6876423368158,16.6876423368158,16.531768691128843,16.559274673461914,182000,0.0,0.0,0.0
2018-05-16 00:00:00-04:00,16.39423128455402,16.39423128455402,16.174174688321916,16.37589454650879,296100,0.0,0.0,0.0
2018-05-17 00:00:00-04:00,16.19251580500066,16.25669877071866,15.926614697189697,15.98162841796875,353000,0.0,0.0,0.0
2018-05-18 00:00:00-04:00,15.99996689091729,16.09165584250048,15.981628401058794,16.064149856567383,133800,0.0,0.0,0.0
2018-05-21 00:00:00-04:00,15.89910508654372,15.990795776260603,15.669879236678735,15.734062194824219,315400,0.0,0.0,0.0
2018-05-22 00:00:00-04:00,15.358132731109297,15.587358592767645,15.083062396661093,15.11973762512207,1125800,0.0,0.0,0.0
2018-05-23 00:00:00-04:00,15.12890645720814,15.3306245803833,15.119737213129111,15.3306245803833,350700,0.0,0.0,0.0
2018-05-24 00:00:00-04:00,15.220597563885196,15.312288258319441,15.000540946555725,15.11973762512207,318800,0.0,0.0,0.0
2018-05-25 00:00:00-04:00,14.991371163325457,15.028046390468054,14.853836001045392,14.908849716186523,308000,0.0,0.0,0.0
2018-05-29 00:00:00-04:00,14.945524281559932,15.018876481451654,14.670453969179572,14.725467681884766,467800,0.0,0.0,0.0
2018-05-30 00:00:00-04:00,14.762144586761572,15.064722628497268,14.762144586761572,15.028045654296875,406100,0.0,0.0,0.0
2018-05-31 00:00:00-04:00,15.202257821629114,15.358131464657424,15.174750090910804,15.303117752075195,256200,0.0,0.0,0.0
2018-06-01 00:00:00-04:00,15.523177678023346,15.844094276428223,15.431486971499845,15.844094276428223,345900,0.0,0.0,0.0
2018-06-04 00:00:00-04:00,16.036640153671424,16.311712221226518,15.954118708290338,16.201683044433594,797100,0.0,0.0,0.0
2018-06-05 00:00:00-04:00,16.201685002042158,16.27503721248226,15.889937670458071,15.954120635986328,624100,0.0,0.0,0.0
2018-06-06 00:00:00-04:00,16.12833012093179,16.238357543945312,16.04580867924447,16.238357543945312,140500,0.0,0.0,0.0
2018-06-07 00:00:00-04:00,16.18334591864253,16.210853652369128,16.045810747718715,16.073318481445312,184100,0.0,0.0,0.0
2018-06-08 00:00:00-04:00,15.990795697032251,16.119161612687215,15.963287965597143,16.036640167236328,190200,0.0,0.0,0.0
2018-06-11 00:00:00-04:00,16.10082757898605,16.10082757898605,15.95412313512528,16.027475357055664,119200,0.0,0.0,0.0
2018-06-12 00:00:00-04:00,15.880767284587263,15.880767284587263,15.605696952413068,15.669879913330078,278600,0.0,0.0,0.0
2018-06-13 00:00:00-04:00,15.724893629994012,15.816584323670252,15.660710669077002,15.669879913330078,107200,0.0,0.0,0.0
2018-06-14 00:00:00-04:00,15.669880260076933,15.669880260076933,15.587358808827716,15.596528053283691,146000,0.0,0.0,0.0
2018-06-15 00:00:00-04:00,15.587357913786045,15.596527157715512,15.4039765329056,15.541513442993164,212000,0.0,0.0,0.0
2018-06-18 00:00:00-04:00,15.284778883513791,15.284778883513791,15.000539335268385,15.101397514343262,225500,0.0,0.0,0.0
2018-06-19 00:00:00-04:00,14.670454302679499,14.807989461996232,14.578763613516864,14.734637260437012,320600,0.0,0.0,0.0
2018-06-20 00:00:00-04:00,14.954695130150096,15.12890727941047,14.835498448353787,14.991372108459473,348300,0.0,0.0,0.0
2018-06-21 00:00:00-04:00,14.918020005528048,14.918020005528048,14.688794136047363,14.688794136047363,304300,0.0,0.0,0.0
2018-06-22 00:00:00-04:00,14.982201860729546,15.055554063582326,14.890511169949955,14.963863372802734,143600,0.0,0.0,0.0
2018-06-25 00:00:00-04:00,15.04638362863718,15.09222809597097,14.908848477781488,15.009708404541016,436400,0.0,0.0,0.0
2018-06-26 00:00:00-04:00,14.991371104692952,15.009709592619764,14.863003438059739,14.963863372802734,108300,0.0,0.0,0.0
2018-06-27 00:00:00-04:00,14.991371180692859,15.037215651887834,14.743806838989258,14.743806838989258,122100,0.0,0.0,0.0
2018-06-28 00:00:00-04:00,14.670454396093405,14.716298866539418,14.377045587988247,14.569595336914062,191300,0.0,0.0,0.0
2018-06-29 00:00:00-04:00,14.707131028054881,14.74380625378427,14.578763365866015,14.64294719696045,96900,0.0,0.0,0.0
2018-07-02 00:00:00-04:00,14.487074242072774,14.487074242072774,14.349538204120345,14.413722038269043,210300,0.0,0.0,0.0
2018-07-03 00:00:00-04:00,14.312861926954316,14.312861926954316,13.872748709521213,13.881917953491211,528600,0.0,0.0,0.0
2018-07-05 00:00:00-04:00,13.881917903319366,13.936931618086057,13.78105796886838,13.854410171508789,310500,0.0,0.0,0.0
2018-07-06 00:00:00-04:00,13.991946816710408,14.221172678552607,13.991946816710408,14.147820472717285,204800,0.0,0.0,0.0
2018-07-09 00:00:00-04:00,14.212002783224778,14.331200330854058,14.111143723427952,14.18449592590332,415100,0.0,0.0,0.0
2018-07-10 00:00:00-04:00,14.312863062238488,14.312863062238488,14.101975680764527,14.193665504455566,241300,0.0,0.0,0.0
2018-07-11 00:00:00-04:00,13.90942605358771,14.03779285735377,13.90942605358771,14.001116752624512,368400,0.0,0.0,0.0
2018-07-12 00:00:00-04:00,14.193664903886042,14.267017983933345,14.120312698266005,14.257848739624023,218700,0.0,0.0,0.0
2018-07-13 00:00:00-04:00,14.42289005141687,14.42289005141687,14.267017278007263,14.34953784942627,182800,0.0,0.0,0.0
2018-07-16 00:00:00-04:00,14.432060303204493,14.432060303204493,14.340370481526255,14.377046585083008,53400,0.0,0.0,0.0
2018-07-17 00:00:00-04:00,14.37704743817281,14.624610933263716,14.37704743817281,14.5971040725708,124500,0.0,0.0,0.0
2018-07-18 00:00:00-04:00,14.762145661759318,14.826328622429502,14.697962701089134,14.752976417541504,191500,0.0,0.0,0.0
2018-07-19 00:00:00-04:00,14.752975445905294,14.835496889576214,14.551256458534956,14.615439414978027,302400,0.0,0.0,0.0
2018-07-20 00:00:00-04:00,14.670455932617188,14.853837331316754,14.450399303490485,14.670455932617188,190900,0.0,0.0,0.0
2018-07-23 00:00:00-04:00,14.53291792349314,14.642946216596371,14.432057998994816,14.505410194396973,166000,0.0,0.0,0.0
2018-07-24 00:00:00-04:00,14.59710247925281,14.688793170790657,14.532919519832662,14.551257133483887,141500,0.0,0.0,0.0
2018-07-25 00:00:00-04:00,14.624608951423763,14.826327942833167,14.55125674989802,14.817158699035645,85400,0.0,0.0,0.0
2018-07-26 00:00:00-04:00,14.75297770475023,14.780485439803742,14.716300724678879,14.762146949768066,131500,0.0,0.0,0.0
2018-07-27 00:00:00-04:00,14.881342338881872,14.908850071535314,14.697962701089134,14.752976417541504,131400,0.0,0.0,0.0
2018-07-30 00:00:00-04:00,14.826330850849084,14.881344575570099,14.77131712612807,14.844669342041016,102000,0.0,0.0,0.0
2018-07-31 00:00:00-04:00,15.000542793618628,15.15641646869369,14.945527320871136,15.092231750488281,248000,0.0,0.0,0.0
2018-08-01 00:00:00-04:00,15.046385827068955,15.147245768565158,14.945525885572753,14.991372108459473,228700,0.0,0.0,0.0
2018-08-02 00:00:00-04:00,14.945523367472472,14.945523367472472,14.780482239451022,14.835495948791504,266200,0.0,0.0,0.0
2018-08-03 00:00:00-04:00,14.835497455023987,15.018877087728702,14.835497455023987,14.963863372802734,66300,0.0,0.0,0.0
2018-08-06 00:00:00-04:00,14.918019531076977,14.963864003973244,14.807990347729584,14.872173309326172,51300,0.0,0.0,0.0
2018-08-07 00:00:00-04:00,14.954694128839328,15.037215575655514,14.89968041391336,14.963863372802734,89800,0.0,0.0,0.0
2018-08-08 00:00:00-04:00,15.028046373439402,15.128906308462582,14.918018943281814,15.073892593383789,59500,0.0,0.0,0.0
2018-08-09 00:00:00-04:00,14.991372681309999,15.073894136804824,14.954695701599121,14.954695701599121,61200,0.0,0.0,0.0
2018-08-10 00:00:00-04:00,14.92718753830211,14.92718753830211,14.752975407796358,14.807989120483398,337400,0.0,0.0,0.0
2018-08-13 00:00:00-04:00,14.798821894023686,14.89051259356944,14.762146663518164,14.780485153198242,106300,0.0,0.0,0.0
2018-08-14 00:00:00-04:00,14.853835542273663,15.229765790360375,14.835497054841525,15.174750328063965,283400,0.0,0.0,0.0
2018-08-15 00:00:00-04:00,14.908849783876185,15.037215702739795,14.670454685376283,14.77131462097168,176600,0.0,0.0,0.0
2018-08-16 00:00:00-04:00,14.807990347729584,14.9363580197773,14.78048436353364,14.872173309326172,144500,0.0,0.0,0.0
2018-08-17 00:00:00-04:00,14.872173286186408,15.037216186523438,14.807990324689683,15.037216186523438,80100,0.0,0.0,0.0
2018-08-20 00:00:00-04:00,15.01887681601783,15.037215303612875,14.762144985104944,14.817158699035645,142400,0.0,0.0,0.0
2018-08-21 00:00:00-04:00,14.95469405522286,15.266441353026172,14.95469405522286,15.183919906616211,286900,0.0,0.0,0.0
2018-08-22 00:00:00-04:00,15.193090438842773,15.29395038164176,15.193090438842773,15.193090438842773,109700,0.0,0.0,0.0
2018-08-23 00:00:00-04:00,15.193091701670602,15.202260947128517,15.05555651751137,15.092231750488281,47700,0.0,0.0,0.0
2018-08-24 00:00:00-04:00,15.19308925068749,15.293949185598862,15.110567803733547,15.238935470581055,153300,0.0,0.0,0.0
2018-08-27 00:00:00-04:00,15.303118029923326,15.38563947472215,15.275610298705576,15.367300987243652,174500,0.0,0.0,0.0
2018-08-28 00:00:00-04:00,15.422313975691788,15.44065246230804,15.2939480670867,15.321454048156738,74900,0.0,0.0,0.0
2018-08-29 00:00:00-04:00,15.339792534772991,15.358131021389244,15.183918896243524,15.321454048156738,96500,0.0,0.0,0.0
2018-08-30 00:00:00-04:00,15.303119352062575,15.303119352062575,15.073893485340236,15.128907203674316,123300,0.0,0.0,0.0
2018-08-31 00:00:00-04:00,15.128906191961054,15.266441353026172,15.119736948042785,15.183919906616211,107600,0.0,0.0,0.0
2018-09-04 00:00:00-04:00,14.927189493204152,15.018878443405567,14.853837283730247,14.918020248413086,451500,0.0,0.0,0.0
2018-09-05 00:00:00-04:00,14.84466643042821,14.853835674225733,14.734637253712378,14.817158699035645,268200,0.0,0.0,0.0
2018-09-06 00:00:00-04:00,14.716299786373403,14.79882123741774,14.652116824195486,14.679624557495117,195300,0.0,0.0,0.0
2018-09-07 00:00:00-04:00,14.670454968435692,14.881342338881872,14.670454968435692,14.752976417541504,230500,0.0,0.0,0.0
2018-09-10 00:00:00-04:00,14.752975407796358,14.844666094844353,14.707130938699558,14.807989120483398,78100,0.0,0.0,0.0
2018-09-11 00:00:00-04:00,15.037215501632822,15.18391990661621,14.918018828404243,15.183919906616211,147200,0.0,0.0,0.0
2018-09-12 00:00:00-04:00,15.193090786362683,15.394810676574707,15.12890782087873,15.394810676574707,247000,0.0,0.0,0.0
2018-09-13 00:00:00-04:00,15.394810676574707,15.504838117731587,15.303119976374209,15.394810676574707,289900,0.0,0.0,0.0
2018-09-14 00:00:00-04:00,15.394809298283707,15.394809298283707,15.165583442732286,15.248103141784668,213400,0.0,0.0,0.0
2018-09-17 00:00:00-04:00,15.183919343915868,15.26644078726767,15.13807487487793,15.13807487487793,110900,0.0,0.0,0.0
2018-09-18 00:00:00-04:00,15.183919610167502,15.458991675781727,15.183919610167502,15.367300987243652,397600,0.0,0.0,0.0
2018-09-19 00:00:00-04:00,15.39480927968938,15.449822995276016,15.38564003561586,15.413146018981934,248900,0.0,0.0,0.0
2018-09-20 00:00:00-04:00,15.486496643299901,15.504835129576662,15.32145376451767,15.422313690185547,326300,0.0,0.0,0.0
2018-09-21 00:00:00-04:00,15.422312778446617,15.422312778446617,15.202256202697756,15.202256202697754,259300,0.0,0.0,0.0
2018-09-24 00:00:00-04:00,15.275609297680077,15.449821419600688,15.01887573636835,15.422313690185547,396400,0.0,0.0,0.0
2018-09-25 00:00:00-04:00,15.440654075126185,15.53234476893045,15.440654075126185,15.504837036132812,99800,0.0,0.0,0.0
2018-09-26 00:00:00-04:00,15.523176607542615,15.523176607542615,15.339795207141622,15.394810676574707,281900,0.0,0.0,0.0
2018-09-27 00:00:00-04:00,15.403975203908786,15.486496643299901,15.394807709624715,15.422313690185547,401300,0.0,0.0,0.0
2018-09-28 00:00:00-04:00,15.440653751202495,15.495667466789133,15.339793815248255,15.413146018981934,257300,0.0,0.0,0.0
2018-10-01 00:00:00-04:00,15.403974293253993,15.413143535850306,15.17474847490882,15.202256202697754,378400,0.0,0.0,0.0
2018-10-02 00:00:00-04:00,15.174751949451212,15.330625611570278,15.156415208914254,15.193090438842773,190000,0.0,0.0,0.0
2018-10-03 00:00:00-04:00,15.348963486780418,15.358132731109297,15.101399136464314,15.11973762512207,86900,0.0,0.0,0.0
2018-10-04 00:00:00-04:00,15.165583234006075,15.27561066379792,15.037215567442969,15.046384811401367,192500,0.0,0.0,0.0
2018-10-05 00:00:00-04:00,14.973033248323405,15.000540981373888,14.771315119183479,14.872173309326172,216300,0.0,0.0,0.0
2018-10-08 00:00:00-04:00,14.826329231262207,14.89051219456802,14.734638534173369,14.826329231262207,280600,0.0,0.0,0.0
2018-10-09 00:00:00-04:00,14.771316194785905,14.780485439803742,14.716300724678879,14.762146949768066,254200,0.0,0.0,0.0
2018-10-10 00:00:00-04:00,14.71629885937927,14.71629885937927,14.34953784942627,14.34953784942627,330900,0.0,0.0,0.0
2018-10-11 00:00:00-04:00,14.028622657348597,14.184496310441256,13.781058311462402,13.781058311462402,760600,0.0,0.0,0.0
2018-10-12 00:00:00-04:00,14.349537542777451,14.41372137396804,14.138650185167934,14.312861442565918,225100,0.0,0.0,0.0
2018-10-15 00:00:00-04:00,14.248680416425486,14.36787797687043,14.2211735561466,14.285356521606445,193800,0.0,0.0,0.0
2018-10-16 00:00:00-04:00,14.377045252218373,14.67045405347109,14.34953752128053,14.64294719696045,221200,0.0,0.0,0.0
2018-10-17 00:00:00-04:00,14.597102836502662,14.606272080766304,14.386214590575227,14.395383834838867,216200,0.0,0.0,0.0
2018-10-18 00:00:00-04:00,14.377044681908428,14.413720780610147,14.028621307028516,14.21200180053711,232800,0.0,0.0,0.0
2018-10-19 00:00:00-04:00,14.367877353664642,14.41372270175913,14.267018287398596,14.294525146484375,89100,0.0,0.0,0.0
2018-10-22 00:00:00-04:00,14.395383937097538,14.432060039985373,14.212003422658368,14.230341911315918,75400,0.0,0.0,0.0
2018-10-23 00:00:00-04:00,14.083636303875373,14.239509956197637,13.92776265155311,14.138650894165039,179900,0.0,0.0,0.0
2018-10-24 00:00:00-04:00,14.166157508135091,14.166157508135091,13.689368189687046,13.74438190460205,413400,0.0,0.0,0.0
2018-10-25 00:00:00-04:00,13.82690361825386,13.9736080267615,13.75355141400004,13.89108657836914,352900,0.0,0.0,0.0
2018-10-26 00:00:00-04:00,13.652692125668706,13.726044328707811,13.441803886110854,13.634353637695312,234300,0.0,0.0,0.0
2018-10-29 00:00:00-04:00,13.515156493507092,13.597677943001836,13.17590232569435,13.285930633544922,274300,0.0,0.0,0.0
2018-10-30 00:00:00-04:00,13.441804206774858,13.515156411563833,13.331775899591396,13.505987167358398,188500,0.0,0.0,0.0
2018-10-31 00:00:00-04:00,13.817733476559347,13.94610026287886,13.771889007699057,13.918593406677246,152100,0.0,0.0,0.0
2018-11-01 00:00:00-04:00,13.82690390933311,14.046960526727128,13.82690390933311,14.010284423828125,243000,0.0,0.0,0.0
2018-11-02 00:00:00-04:00,14.212002828525486,14.386214091352977,13.927762387206995,13.99194622039795,446500,0.0,0.0,0.0
2018-11-05 00:00:00-05:00,14.037791520952583,14.248678884462462,14.037791520952583,14.18449592590332,200100,0.0,0.0,0.0
2018-11-06 00:00:00-05:00,14.166157722473145,14.239509926421146,14.111144006725768,14.166157722473145,112000,0.0,0.0,0.0
2018-11-07 00:00:00-05:00,14.30369557952106,14.386216163635254,14.221174120979509,14.386216163635254,76000,0.0,0.0,0.0
2018-11-08 00:00:00-05:00,14.395384212750422,14.505412523520823,14.221172939304108,14.294525146484375,134700,0.0,0.0,0.0
2018-11-09 00:00:00-05:00,14.166158417473783,14.212003765797297,13.982777898607019,14.019454002380371,151500,0.0,0.0,0.0
2018-11-12 00:00:00-05:00,13.909425370978443,14.120312744215488,13.891086882300124,13.927762985229492,206800,0.0,0.0,0.0
2018-11-13 00:00:00-05:00,13.927762424486733,14.019453115332247,13.854410221581217,13.881917953491211,114700,0.0,0.0,0.0
2018-11-14 00:00:00-05:00,13.881917903319366,14.028622308600182,13.771889599358753,13.854410171508789,67500,0.0,0.0,0.0
2018-11-15 00:00:00-05:00,13.891086235969755,14.010283783550943,13.726044217680382,13.964438438415527,214600,0.0,0.0,0.0
2018-11-16 00:00:00-05:00,13.836073165119707,13.95527071824697,13.762720959260973,13.927762985229492,119300,0.0,0.0,0.0
2018-11-19 00:00:00-05:00,13.927762411697453,13.973607757078112,13.716875047144548,13.74438190460205,172900,0.0,0.0,0.0
2018-11-20 00:00:00-05:00,13.661861436684191,13.826904342109108,13.652693066492926,13.716876029968262,196700,0.0,0.0,0.0
2018-11-21 00:00:00-05:00,13.96444004202732,14.147821443627652,13.909426321089082,14.065299987792969,123300,0.0,0.0,0.0
2018-11-23 00:00:00-05:00,13.936933230890354,14.074469282577436,13.900257125325933,13.95527172088623,30200,0.0,0.0,0.0
2018-11-26 00:00:00-05:00,14.07446880648697,14.340370781441319,14.07446880648697,14.2761869430542,171700,0.0,0.0,0.0
2018-11-27 00:00:00-05:00,14.257849042894241,14.30369439098873,14.14782073212384,14.294525146484375,301900,0.0,0.0,0.0
2018-11-28 00:00:00-05:00,14.30369458887894,14.716300104155838,14.30369458887894,14.633779525756836,617100,0.0,0.0,0.0
2018-11-29 00:00:00-05:00,14.560427058881661,14.578764673391,14.441229504075478,14.487074851989746,287000,0.0,0.0,0.0
2018-11-30 00:00:00-05:00,14.459567670257092,14.487074528620754,14.340370118111544,14.395383834838867,196400,0.0,0.0,0.0
2018-12-03 00:00:00-05:00,14.67962487448559,14.76214632731189,14.587934177028082,14.633779525756836,240600,0.0,0.0,0.0
2018-12-04 00:00:00-05:00,14.633778939129966,14.707132018811832,14.386214590575227,14.395383834838867,267100,0.0,0.0,0.0
2018-12-06 00:00:00-05:00,14.340368854523351,14.560425450897087,14.175325970029458,14.523749351501465,290400,0.0,0.0,0.0
2018-12-07 00:00:00-05:00,14.560427407384099,14.624610371343918,14.21200397909438,14.2761869430542,239900,0.0,0.0,0.0
2018-12-10 00:00:00-05:00,14.285355283148007,14.404552833259205,14.028622569138559,14.303693771362305,435400,0.0,0.0,0.0
2018-12-11 00:00:00-05:00,14.303695011410584,14.395384837149317,14.21200431124453,14.285356521606445,164500,0.0,0.0,0.0
2018-12-12 00:00:00-05:00,14.413721053314596,14.615439162776928,14.413721053314596,14.523749351501465,201800,0.0,0.0,0.0
2018-12-13 00:00:00-05:00,14.487074882717632,14.542088600789615,14.432060290218365,14.45956802368164,135700,0.0,0.0,0.0
2018-12-14 00:00:00-05:00,14.358707803744757,14.459567742292757,14.230341881123326,14.257848739624023,160400,0.0,0.0,0.0
2018-12-17 00:00:00-05:00,14.202834843025697,14.202834843025697,13.927763621279906,13.97360897064209,256800,0.0,0.0,0.0
2018-12-18 00:00:00-05:00,13.982776976452493,14.120312137925396,13.955270119043359,13.99194622039795,117800,0.0,0.0,0.0
2018-12-19 00:00:00-05:00,13.88191799986283,14.07446775173982,13.588508312833413,13.68936824798584,236300,0.0,0.0,0.0
2018-12-20 00:00:00-05:00,13.802151870921167,13.968553634840038,13.802151870921167,13.820640563964844,154700,0.122,0.0,0.0
2018-12-21 00:00:00-05:00,13.820639776943027,13.894596308169142,13.478590599614405,13.524813652038574,220500,0.0,0.0,0.0
2018-12-24 00:00:00-05:00,13.45085729436843,13.681971677839945,13.423123815208642,13.460102081298828,85000,0.0,0.0,0.0
2018-12-26 00:00:00-05:00,13.460102487917576,13.802151679992676,13.441612913498224,13.802151679992676,168900,0.0,0.0,0.0
2018-12-27 00:00:00-05:00,13.728195702536503,13.792907452366746,13.571037840121791,13.774417877197266,178800,0.0,0.0,0.0
2018-12-28 00:00:00-05:00,13.755929626118803,13.839130953794701,13.635750028546008,13.728196144104004,262800,0.0,0.0,0.0
2018-12-31 00:00:00-05:00,13.728195931017597,13.839130738986384,13.589526759833,13.635749816894531,237500,0.0,0.0,0.0
2019-01-02 00:00:00-05:00,13.580281746075062,13.968554008319469,13.543303477367571,13.774417877197266,267900,0.0,0.0,0.0
2019-01-03 00:00:00-05:00,13.644994353870807,13.709706103588816,13.312189054449126,13.38614559173584,203300,0.0,0.0,0.0
2019-01-04 00:00:00-05:00,13.534058763871661,13.792906629379319,13.506324402772277,13.783661842346191,187600,0.0,0.0,0.0
2019-01-07 00:00:00-05:00,13.811394914335757,13.950064070847258,13.718949691626147,13.903841018676758,264400,0.0,0.0,0.0
2019-01-08 00:00:00-05:00,13.88535332570936,13.91308680635427,13.691217197932083,13.829885482788086,120900,0.0,0.0,0.0
2019-01-09 00:00:00-05:00,13.9038412995112,14.060999151086392,13.885352607248393,14.005531311035156,149100,0.0,0.0,0.0
2019-01-10 00:00:00-05:00,14.005531981304083,14.134956359863281,13.950065020229749,14.134956359863281,156800,0.0,0.0,0.0
2019-01-11 00:00:00-05:00,14.060999954670429,14.153446066161969,13.959309937334904,14.144201278686523,86100,0.0,0.0,0.0
2019-01-14 00:00:00-05:00,14.097977374436217,14.097977374436217,13.968553002463924,14.079487800598145,205900,0.0,0.0,0.0
2019-01-15 00:00:00-05:00,14.088732181987632,14.245890028562004,14.088732181987632,14.199666976928711,278000,0.0,0.0,0.0
2019-01-16 00:00:00-05:00,14.255135904591928,14.264380691951349,14.171934581620032,14.20891284942627,124000,0.0,0.0,0.0
2019-01-17 00:00:00-05:00,14.181179631052876,14.264380955562364,14.06100003805378,14.227402687072754,247800,0.0,0.0,0.0
2019-01-18 00:00:00-05:00,14.310603082503897,14.329092657503132,14.199668277402875,14.301359176635742,213900,0.0,0.0,0.0
2019-01-22 00:00:00-05:00,14.227402975068157,14.301359513544426,13.996288571921944,14.097978591918945,267400,0.0,0.0,0.0
2019-01-23 00:00:00-05:00,14.273625454261627,14.356826782226562,14.218158490039336,14.356826782226562,104500,0.0,0.0,0.0
2019-01-24 00:00:00-05:00,14.282869601636508,14.347582232502367,14.190424371534718,14.301359176635742,232800,0.0,0.0,0.0
2019-01-25 00:00:00-05:00,14.393804479577888,14.61567497253418,14.329092730016015,14.61567497253418,805200,0.0,0.0,0.0
2019-01-28 00:00:00-05:00,14.560207081760856,14.735853636416635,14.513984025809926,14.689631462097168,469700,0.0,0.0,0.0
2019-01-29 00:00:00-05:00,14.652652520926495,14.698874693123798,14.458516400150984,14.560206413269043,220000,0.0,0.0,0.0
2019-01-30 00:00:00-05:00,14.624917577818414,14.745097160339355,14.486249303480383,14.745097160339355,245200,0.0,0.0,0.0
2019-01-31 00:00:00-05:00,14.689629919076548,14.689629919076548,14.532472074330357,14.643406867980957,264000,0.0,0.0,0.0
2019-02-01 00:00:00-05:00,14.430783081706092,14.523229196044104,14.319848273479373,14.412294387817383,307500,0.0,0.0,0.0
2019-02-04 00:00:00-05:00,14.29211487249106,14.532474065821216,14.22740312106813,14.495495796203613,106300,0.0,0.0,0.0
2019-02-05 00:00:00-05:00,14.403049999677757,14.587941351852203,14.393805211661157,14.523229598999023,127400,0.0,0.0,0.0
2019-02-06 00:00:00-05:00,14.532473301153129,14.550961994173347,14.440027191157698,14.513983726501465,83200,0.0,0.0,0.0
2019-02-07 00:00:00-05:00,14.486249656394333,14.486249656394333,14.1626891662145,14.236645698547363,174800,0.0,0.0,0.0
2019-02-08 00:00:00-05:00,14.255135361147529,14.319847106933594,14.190423615361462,14.319847106933594,133600,0.0,0.0,0.0
2019-02-11 00:00:00-05:00,14.55096249645378,14.578696859388629,14.46776117091218,14.477005958557129,189600,0.0,0.0,0.0
2019-02-12 00:00:00-05:00,14.754343616060297,14.819056248818809,14.717365346611784,14.800566673278809,470400,0.0,0.0,0.0
2019-02-13 00:00:00-05:00,15.040925682991157,15.040925682991157,14.85603345636074,14.865278244018555,369800,0.0,0.0,0.0
2019-02-14 00:00:00-05:00,14.948479944622196,15.151859988406589,14.929990368842798,15.124127388000488,467900,0.0,0.0,0.0
2019-02-15 00:00:00-05:00,15.281285023802157,15.345996774785462,15.170349334071513,15.262795448303223,615300,0.0,0.0,0.0
2019-02-19 00:00:00-05:00,15.345996153273965,15.401463114261395,15.290529192286536,15.37372875213623,315800,0.0,0.0,0.0
2019-02-20 00:00:00-05:00,15.429197823516652,15.484664785751992,15.373729098018375,15.475419998168945,350400,0.0,0.0,0.0
2019-02-21 00:00:00-05:00,15.577110633798291,15.595600208650405,15.419952774081143,15.456930160522461,368700,0.0,0.0,0.0
2019-02-22 00:00:00-05:00,15.614086508577149,15.725022183686793,15.549374766122662,15.715777397155762,399800,0.0,0.0,0.0
2019-02-25 00:00:00-05:00,15.808226193238037,15.83595879429458,15.752759227861914,15.780491828918457,347500,0.0,0.0,0.0
2019-02-26 00:00:00-05:00,15.752759148893322,15.752759148893322,15.632578667373975,15.697290420532227,479200,0.0,0.0,0.0
2019-02-27 00:00:00-05:00,15.762001037597656,15.798980187173006,15.697289289103697,15.762001037597656,379800,0.0,0.0,0.0
2019-02-28 00:00:00-05:00,15.484665097373119,15.484665097373119,15.299772868517206,15.419953346252441,568900,0.0,0.0,0.0
2019-03-01 00:00:00-05:00,15.604843497805717,15.651067435720948,15.382973885601421,15.475419998168945,384300,0.0,0.0,0.0
2019-03-04 00:00:00-05:00,15.567867669995483,15.715780759613144,15.530888515959509,15.595602035522461,274800,0.0,0.0,0.0
2019-03-05 00:00:00-05:00,15.577110203413923,15.623332376004214,15.401462773697673,15.493908882141113,333900,0.0,0.0,0.0
2019-03-06 00:00:00-05:00,15.586355168571002,15.623332554412922,15.27203945423173,15.429197311401367,540100,0.0,0.0,0.0
2019-03-07 00:00:00-05:00,15.503154202031457,15.503154202031457,15.068658006395976,15.077902793884277,508900,0.0,0.0,0.0
2019-03-08 00:00:00-05:00,15.068657138899562,15.077901925855643,14.874521902610317,14.929988861083984,545000,0.0,0.0,0.0
2019-03-11 00:00:00-04:00,15.022434340184995,15.364484390227892,14.976212170597217,15.336750030517578,312000,0.0,0.0,0.0
2019-03-12 00:00:00-04:00,15.419953023882442,15.789735710600606,15.419953023882442,15.706534385681152,673100,0.0,0.0,0.0
2019-03-13 00:00:00-04:00,15.798978502273709,15.854445457458496,15.761999356642042,15.854445457458496,326900,0.0,0.0,0.0
2019-03-14 00:00:00-04:00,15.854447195089302,15.863691982510439,15.651067161613032,15.688044548034668,243800,0.0,0.0,0.0
2019-03-15 00:00:00-04:00,15.688044210669572,15.688044210669572,15.540131141638021,15.577110290527344,217300,0.0,0.0,0.0
2019-03-18 00:00:00-04:00,15.715778263828112,15.863691329956055,15.632576943723288,15.863691329956055,840100,0.0,0.0,0.0
2019-03-19 00:00:00-04:00,15.854448370507633,15.854448370507633,15.73426965164886,15.780491828918457,326500,0.0,0.0,0.0
2019-03-20 00:00:00-04:00,15.623332549819647,15.752757808385512,15.521643416337106,15.660311698913574,514600,0.0,0.0,0.0
2019-03-21 00:00:00-04:00,15.493910919926469,15.521645285086029,15.355242620654849,15.503155708312988,444700,0.0,0.0,0.0
2019-03-22 00:00:00-04:00,15.44768718449892,15.484666338539338,15.216572761535645,15.216572761535645,351400,0.0,0.0,0.0
2019-03-25 00:00:00-04:00,15.114880813821067,15.19808213173256,15.068656879835357,15.142613410949707,355200,0.0,0.0,0.0
2019-03-26 00:00:00-04:00,15.299772917695408,15.419953395816941,15.253550741964345,15.345996856689453,258300,0.0,0.0,0.0
2019-03-27 00:00:00-04:00,15.429196603556024,15.429196603556024,15.207327008894582,15.225814819335938,206100,0.0,0.0,0.0
2019-03-28 00:00:00-04:00,15.225814819335938,15.290528327300473,15.170347861486277,15.225814819335938,240900,0.0,0.0,0.0
2019-03-29 00:00:00-04:00,15.24430353299698,15.51239704679368,15.24430353299698,15.309015274047852,144000,0.0,0.0,0.0
2019-04-01 00:00:00-04:00,15.484665032132824,15.734269011057778,15.438442856745077,15.725024223327637,496400,0.0,0.0,0.0
2019-04-02 00:00:00-04:00,15.725024057416132,15.734268845048735,15.530887043657367,15.558621406555176,689200,0.0,0.0,0.0
2019-04-03 00:00:00-04:00,15.632578406618855,15.734269310321606,15.57711144244599,15.678800582885742,258900,0.0,0.0,0.0
2019-04-04 00:00:00-04:00,15.651067127972036,15.771245837662674,15.549376229821027,15.752758026123047,258800,0.0,0.0,0.0
2019-04-05 00:00:00-04:00,15.752757586762073,15.817469333503146,15.688044076758148,15.798979759216309,312500,0.0,0.0,0.0
2019-04-08 00:00:00-04:00,15.762002252705404,15.79898140513151,15.6788009230097,15.780491828918457,205300,0.0,0.0,0.0
2019-04-09 00:00:00-04:00,15.70653304795348,15.743512195107245,15.651066090485617,15.6695556640625,231300,0.0,0.0,0.0
2019-04-10 00:00:00-04:00,15.715778572336564,15.725023359558893,15.549375928860352,15.577110290527344,245900,0.0,0.0,0.0
2019-04-11 00:00:00-04:00,15.660312770336786,15.780491486588494,15.595601018257945,15.678800582885742,460400,0.0,0.0,0.0
2019-04-12 00:00:00-04:00,15.789736007045946,15.900671696775632,15.77124643154717,15.882182121276855,350100,0.0,0.0,0.0
2019-04-15 00:00:00-04:00,15.900671398247525,15.900671398247525,15.706534385681152,15.706534385681152,377200,0.0,0.0,0.0
2019-04-16 00:00:00-04:00,15.706534946603673,15.725024522415628,15.632578406618855,15.678800582885742,264200,0.0,0.0,0.0
2019-04-17 00:00:00-04:00,15.67879985453055,15.67879985453055,15.530886781432178,15.540131568908691,398300,0.0,0.0,0.0
2019-04-18 00:00:00-04:00,15.577111211801075,15.577111211801075,15.382974195176068,15.419953346252441,282000,0.0,0.0,0.0
2019-04-22 00:00:00-04:00,15.41070790163645,15.41070790163645,15.318261791148801,15.37372875213623,173400,0.0,0.0,0.0
2019-04-23 00:00:00-04:00,15.355240816629552,15.586355209350586,15.355240816629552,15.586355209350586,355700,0.0,0.0,0.0
2019-04-24 00:00:00-04:00,15.577110718814742,15.604843317981363,15.521643757218584,15.540131568908691,112400,0.0,0.0,0.0
2019-04-25 00:00:00-04:00,15.540133359780148,15.558622936863944,15.447687237624288,15.521645545959473,179600,0.0,0.0,0.0
2019-04-26 00:00:00-04:00,15.558621900411538,15.604844076778773,15.3552418558275,15.438443183898926,895600,0.0,0.0,0.0
2019-04-29 00:00:00-04:00,15.438442098677566,15.503153846348084,15.392218162296569,15.429197311401367,270000,0.0,0.0,0.0
2019-04-30 00:00:00-04:00,15.456928689549166,15.466173476095435,15.327505204426895,15.410706520080566,209300,0.0,0.0,0.0
2019-05-01 00:00:00-04:00,15.438443721588666,15.438443721588666,15.225817118410221,15.253551483154297,315600,0.0,0.0,0.0
2019-05-02 00:00:00-04:00,15.318261233509952,15.345995594625487,15.170348167419434,15.170348167419434,376300,0.0,0.0,0.0
2019-05-03 00:00:00-04:00,15.216569739732535,15.33675020323458,15.18883714297265,15.272038459777832,117600,0.0,0.0,0.0
2019-05-06 00:00:00-04:00,14.948478177998084,15.170347771341133,14.819054689363668,15.142613410949707,393800,0.0,0.0,0.0
2019-05-07 00:00:00-04:00,15.096391766111742,15.096391766111742,14.90225652639739,14.948478698730469,313700,0.0,0.0,0.0
2019-05-08 00:00:00-04:00,15.013190005520485,15.059413939762376,14.948478260844636,14.99470043182373,243300,0.0,0.0,0.0
2019-05-09 00:00:00-04:00,14.846787584538268,14.911499330154548,14.6803858270062,14.856032371520996,359100,0.0,0.0,0.0
2019-05-10 00:00:00-04:00,14.88376554411567,15.07790076546432,14.800564231176912,15.059412956237793,472300,0.0,0.0,0.0
2019-05-13 00:00:00-04:00,14.874521771151661,14.994700473992957,14.772830878796317,14.920743942260742,617000,0.0,0.0,0.0
2019-05-14 00:00:00-04:00,15.077902877676358,15.262795101944008,15.077902877676358,15.161104202270508,524200,0.0,0.0,0.0
2019-05-15 00:00:00-04:00,15.262794830161372,15.44768528787377,15.16110393229867,15.37372875213623,588500,0.0,0.0,0.0
2019-05-16 00:00:00-04:00,15.373727334634385,15.493907796166214,15.28128299593327,15.484663009643555,736800,0.0,0.0,0.0
2019-05-17 00:00:00-04:00,15.33674901364025,15.33674901364025,15.124124226413803,15.179591178894043,613600,0.0,0.0,0.0
2019-05-20 00:00:00-04:00,15.105636378325947,15.290528592043133,15.087146804301662,15.244304656982422,554100,0.0,0.0,0.0
2019-05-21 00:00:00-04:00,15.262794960582626,15.401463245867577,15.253550173128575,15.382973670959473,269700,0.0,0.0,0.0
2019-05-22 00:00:00-04:00,15.355242825924101,15.355242825924101,15.161105793738132,15.216572761535645,314500,0.0,0.0,0.0
2019-05-23 00:00:00-04:00,15.216568559459995,15.216568559459995,15.068655510670935,15.179591178894043,426000,0.0,0.0,0.0
2019-05-24 00:00:00-04:00,15.114881991266067,15.114881991266067,14.929989767445747,15.003946304321289,471400,0.0,0.0,0.0
2019-05-28 00:00:00-04:00,15.068660550413371,15.087150128511535,14.939237030252656,14.966971397399902,361000,0.0,0.0,0.0
2019-05-29 00:00:00-04:00,14.957723355322166,15.198082528534968,14.893011609315417,15.170348167419434,534600,0.0,0.0,0.0
2019-05-30 00:00:00-04:00,15.170348299802377,15.170348299802377,14.929989124492097,14.948478698730469,330100,0.0,0.0,0.0
2019-05-31 00:00:00-04:00,14.902259637319544,15.003948790333013,14.865280481123214,14.966971397399902,779400,0.0,0.0,0.0
2019-06-03 00:00:00-04:00,14.957723265068195,14.957723265068195,14.74509757262248,14.856032371520996,429800,0.0,0.0,0.0
2019-06-04 00:00:00-04:00,14.883765832390077,15.013189315795898,14.883765832390077,15.013189315795898,611800,0.0,0.0,0.0
2019-06-05 00:00:00-04:00,15.059413939762376,15.114880897589847,14.939233473996259,14.99470043182373,357900,0.0,0.0,0.0
2019-06-06 00:00:00-04:00,14.994701254030105,15.0131908287407,14.87452254493701,14.985456466674805,341500,0.0,0.0,0.0
2019-06-07 00:00:00-04:00,15.02243566776715,15.179593526821998,15.02243566776715,15.133371353149414,380900,0.0,0.0,0.0
2019-06-10 00:00:00-04:00,15.133368914096254,15.188835866216296,15.087144984610703,15.096389770507812,303300,0.0,0.0,0.0
2019-06-11 00:00:00-04:00,15.170348739434901,15.23506048788168,15.124126565762316,15.133371353149414,199600,0.0,0.0,0.0
2019-06-12 00:00:00-04:00,15.114882387364228,15.124127175123803,14.97621409749653,15.031681060791016,245300,0.0,0.0,0.0
2019-06-13 00:00:00-04:00,15.031679579217242,15.04092436606562,14.957723047693015,14.99470043182373,209900,0.0,0.0,0.0
2019-06-14 00:00:00-04:00,15.050168991088867,15.114880735068912,14.99470027059502,15.050168991088867,162000,0.0,0.0,0.0
2019-06-17 00:00:00-04:00,14.976213932649397,14.976213932649397,14.846788668702922,14.865278244018555,298200,0.0,0.0,0.0
2019-06-18 00:00:00-04:00,14.90225695299089,14.948479126647129,14.837543441304094,14.911499977111816,329100,0.0,0.0,0.0
2019-06-19 00:00:00-04:00,14.948479295573923,15.077902793884277,14.929989720597323,15.077902793884277,585100,0.0,0.0,0.0
2019-06-20 00:00:00-04:00,15.16110377477316,15.225815522463282,15.133371176199038,15.19808292388916,304900,0.0,0.0,0.0
2019-06-21 00:00:00-04:00,15.170348739434901,15.170348739434901,15.096392203601026,15.133371353149414,257600,0.0,0.0,0.0
2019-06-24 00:00:00-04:00,15.170350582248236,15.244307127065959,15.161105793738132,15.216572761535645,666100,0.0,0.0,0.0
2019-06-25 00:00:00-04:00,15.1980834002699,15.1980834002699,15.077902925138744,15.08714771270752,791800,0.0,0.0,0.0
2019-06-26 00:00:00-04:00,15.161102905551006,15.161102905551006,14.99470027059502,15.050168991088867,332300,0.0,0.0,0.0
2019-06-27 00:00:00-04:00,15.03168037624939,15.040925163587959,14.782076407896701,14.819055557250977,744800,0.0,0.0,0.0
2019-06-28 00:00:00-04:00,14.828300212940718,14.985456306512452,14.782076276658259,14.809810638427734,484900,0.0,0.0,0.0
2019-07-01 00:00:00-04:00,15.022436403933991,15.077903367711803,14.93923507663578,15.040925979614258,565200,0.0,0.0,0.0
2019-07-02 00:00:00-04:00,15.105637156349175,15.133371518814075,15.0131910447291,15.077902793884277,320800,0.0,0.0,0.0
2019-07-03 00:00:00-04:00,15.040925848550591,15.050170636310167,14.966969309736955,15.031681060791016,296000,0.0,0.0,0.0
2019-07-05 00:00:00-04:00,15.124125521817886,15.13337030856686,15.013189844092969,15.050168991088867,414700,0.0,0.0,0.0
2019-07-08 00:00:00-04:00,14.966968582031779,14.994701180699156,14.856032897573614,14.893012046813965,513100,0.0,0.0,0.0
2019-07-09 00:00:00-04:00,14.846788668702922,14.874523031676372,14.791321706018978,14.865278244018555,348200,0.0,0.0,0.0
2019-07-10 00:00:00-04:00,14.929987712076011,15.09639033795353,14.929987712076011,15.059412956237793,328900,0.0,0.0,0.0
2019-07-11 00:00:00-04:00,15.09639241623145,15.133371566300683,14.97621370503229,15.003946304321289,255800,0.0,0.0,0.0
2019-07-12 00:00:00-04:00,15.00394672967828,15.198083746519629,15.00394672967828,15.188838958740234,263200,0.0,0.0,0.0
2019-07-15 00:00:00-04:00,15.161104695010016,15.161104695010016,14.994702040413593,15.040925979614258,271100,0.0,0.0,0.0
2019-07-16 00:00:00-04:00,15.105638825940618,15.22581755004575,15.087149248920408,15.216572761535645,334400,0.0,0.0,0.0
2019-07-17 00:00:00-04:00,15.216571212144517,15.216571212144517,14.985456812713917,15.08714771270752,541700,0.0,0.0,0.0
2019-07-18 00:00:00-04:00,15.077901588073013,15.105635948319936,14.911498953117027,15.050168991088867,227000,0.0,0.0,0.0
2019-07-19 00:00:00-04:00,15.059414817315538,15.198083101596193,15.059414817315538,15.133371353149414,326100,0.0,0.0,0.0
2019-07-22 00:00:00-04:00,15.16110298454399,15.179592558138275,15.05016906950386,15.142613410949707,137500,0.0,0.0,0.0
2019-07-23 00:00:00-04:00,15.179591576765391,15.28128246169677,15.151857218167013,15.20732593536377,356900,0.0,0.0,0.0
2019-07-24 00:00:00-04:00,15.253549487503204,15.29977165943293,15.087146847335662,15.170348167419434,489100,0.0,0.0,0.0
2019-07-25 00:00:00-04:00,15.216571990148712,15.253551142314514,15.096393272135904,15.151860237121582,210200,0.0,0.0,0.0
2019-07-26 00:00:00-04:00,15.161104546322047,15.272040236052689,15.161104546322047,15.262795448303223,171900,0.0,0.0,0.0
2019-07-29 00:00:00-04:00,15.253549487503204,15.253549487503204,15.13337078252822,15.170348167419434,156400,0.0,0.0,0.0
2019-07-30 00:00:00-04:00,15.077902636290293,15.077902636290293,14.88376739085386,14.902256965637207,421800,0.0,0.0,0.0
2019-07-31 00:00:00-04:00,15.105635723132416,15.105635723132416,14.893010920864043,14.957722663879395,199900,0.0,0.0,0.0
2019-08-01 00:00:00-04:00,14.9762144904045,15.12412757191234,14.75434398651123,14.75434398651123,673300,0.0,0.0,0.0
2019-08-02 00:00:00-04:00,14.874521945486455,14.939233691102737,14.74509757262248,14.856032371520996,446400,0.0,0.0,0.0
2019-08-05 00:00:00-04:00,14.467761613354526,14.51398467136136,13.977799314397686,14.125712394714355,969100,0.0,0.0,0.0
2019-08-06 00:00:00-04:00,14.14420178032398,14.218158319487568,14.051755665553753,14.107223510742188,301000,0.0,0.0,0.0
2019-08-07 00:00:00-04:00,14.088732808200445,14.440026781943784,14.06099932864033,14.403048515319824,329500,0.0,0.0,0.0
2019-08-08 00:00:00-04:00,14.486249836329065,14.661896382393483,14.467760262200485,14.634162902832031,327400,0.0,0.0,0.0
2019-08-09 00:00:00-04:00,14.513982182465638,14.634161760022097,14.440025654989563,14.467759132385254,320200,0.0,0.0,0.0
2019-08-12 00:00:00-04:00,14.329091804779146,14.366070070945579,14.19042352706288,14.236645698547363,445300,0.0,0.0,0.0
2019-08-13 00:00:00-04:00,14.199668914210905,14.51398465024222,14.199668914210905,14.356826782226562,435200,0.0,0.0,0.0
2019-08-14 00:00:00-04:00,14.162689252203277,14.255135358996348,14.088732719421387,14.088732719421387,529200,0.0,0.0,0.0
2019-08-15 00:00:00-04:00,14.144200866235165,14.319847414989404,14.144200866235165,14.26438045501709,381600,0.0,0.0,0.0
2019-08-16 00:00:00-04:00,14.319847195008057,14.458516356071476,14.292113715447941,14.403048515319824,202600,0.0,0.0,0.0
2019-08-19 00:00:00-04:00,14.504739117134346,14.532473479452115,14.440027368322463,14.449272155761719,253400,0.0,0.0,0.0
2019-08-20 00:00:00-04:00,14.560207547626543,14.606430605056419,14.458517526586013,14.495495796203613,145100,0.0,0.0,0.0
2019-08-21 00:00:00-04:00,14.587941060958558,14.671142388185844,14.569452366925546,14.652653694152832,180400,0.0,0.0,0.0
2019-08-22 00:00:00-04:00,14.671142077155764,14.735853827346647,14.62491902060593,14.708120346069336,174100,0.0,0.0,0.0
2019-08-23 00:00:00-04:00,14.643408792030922,14.643408792030922,14.384560906168574,14.412294387817383,297800,0.0,0.0,0.0
2019-08-26 00:00:00-04:00,14.50473935637738,14.532473719152604,14.356826281435405,14.393804550170898,266500,0.0,0.0,0.0
2019-08-27 00:00:00-04:00,14.40304842673363,14.458516267144127,14.292113627544055,14.319847106933594,258100,0.0,0.0,0.0
2019-08-28 00:00:00-04:00,14.329092800291653,14.421538912946122,14.282869743964417,14.393804550170898,196000,0.0,0.0,0.0
2019-08-29 00:00:00-04:00,14.384559631347656,14.449271376670342,14.273623951321042,14.384559631347656,309100,0.0,0.0,0.0
2019-08-30 00:00:00-04:00,14.440027950961467,14.532474065821216,14.393804893531591,14.495495796203613,175800,0.0,0.0,0.0
2019-09-03 00:00:00-04:00,14.440025654989563,14.486248705069947,14.384558700198182,14.467759132385254,138600,0.0,0.0,0.0
2019-09-04 00:00:00-04:00,14.523229788328477,14.550963271108309,14.47700672927441,14.541718482971191,181300,0.0,0.0,0.0
2019-09-05 00:00:00-04:00,14.634162081435564,14.680385132531157,14.587939030339973,14.643406867980957,171200,0.0,0.0,0.0
2019-09-06 00:00:00-04:00,14.680386722096054,14.680386722096054,14.569451916433641,14.61567497253418,151400,0.0,0.0,0.0
2019-09-09 00:00:00-04:00,14.680385867668257,14.680385867668257,14.495494535658615,14.5509614944458,112000,0.0,0.0,0.0
2019-09-10 00:00:00-04:00,14.467759132385254,14.541715659861328,14.44927044133191,14.467759132385254,108900,0.0,0.0,0.0
2019-09-11 00:00:00-04:00,14.430782901963854,14.504739439860504,14.403049420660478,14.477005958557129,112300,0.0,0.0,0.0
2019-09-12 00:00:00-04:00,14.532474576465594,14.606431118299493,14.47700672927441,14.541718482971191,74800,0.0,0.0,0.0
2019-09-13 00:00:00-04:00,14.624919330656075,14.680387176018096,14.59718584879081,14.652653694152832,116400,0.0,0.0,0.0
2019-09-16 00:00:00-04:00,14.680386947092927,14.837543929633057,14.680386947092927,14.791321754455566,611900,0.0,0.0,0.0
2019-09-17 00:00:00-04:00,14.79132106391475,14.929989346236377,14.772831489401767,14.809810638427734,490000,0.0,0.0,0.0
2019-09-18 00:00:00-04:00,14.809811329831746,14.865278292697326,14.698875640837628,14.791321754455566,236000,0.0,0.0,0.0
2019-09-19 00:00:00-04:00,14.929989994360316,14.929989994360316,14.865278244018555,14.865278244018555,163000,0.0,0.0,0.0
2019-09-20 00:00:00-04:00,14.911500995358551,14.929990571388787,14.809811853718301,14.828301429748535,70800,0.0,0.0,0.0
2019-09-23 00:00:00-04:00,14.791321754455566,14.828300905207925,14.745098697646597,14.791321754455566,64500,0.0,0.0,0.0
2019-09-24 00:00:00-04:00,14.89301156281091,14.929988947586658,14.772831094948364,14.782075881958008,128700,0.0,0.0,0.0
2019-09-25 00:00:00-04:00,14.800565281457386,14.856032239598388,14.745097441684981,14.846787452697754,123300,0.0,0.0,0.0
2019-09-26 00:00:00-04:00,14.856032982742953,14.976213455200195,14.856032982742953,14.976213455200195,321200,0.0,0.0,0.0
2019-09-27 00:00:00-04:00,15.013190180425894,15.087146712811723,14.911499287171823,14.929988861083984,242200,0.0,0.0,0.0
2019-09-30 00:00:00-04:00,15.022435832217399,15.105637156349175,15.022435832217399,15.077902793884277,148000,0.0,0.0,0.0
2019-10-01 00:00:00-04:00,15.096391766111742,15.114881340350113,14.893011739278204,14.948478698730469,222600,0.0,0.0,0.0
2019-10-02 00:00:00-04:00,14.966968928286427,14.966968928286427,14.763588010916582,14.772831916809082,868600,0.0,0.0,0.0
2019-10-03 00:00:00-04:00,14.754343697068899,14.92074546968509,14.74509890924814,14.883768081665039,87800,0.0,0.0,0.0
2019-10-04 00:00:00-04:00,14.939232787669328,15.02243410221956,14.911498428398344,15.013189315795898,79200,0.0,0.0,0.0
2019-10-07 00:00:00-04:00,14.90225739464982,14.929989994360316,14.819056068992428,14.865278244018555,114500,0.0,0.0,0.0
2019-10-08 00:00:00-04:00,14.819055338801544,14.819055338801544,14.708119655636922,14.726609230041504,83900,0.0,0.0,0.0
2019-10-09 00:00:00-04:00,14.782076966767477,14.856033505009236,14.754343485334687,14.791321754455566,224100,0.0,0.0,0.0
2019-10-10 00:00:00-04:00,14.791321706018978,14.939234782018133,14.791321706018978,14.865278244018555,45200,0.0,0.0,0.0
2019-10-11 00:00:00-04:00,14.939233911611284,14.976213060088027,14.893011739278204,14.948478698730469,156000,0.0,0.0,0.0
2019-10-14 00:00:00-04:00,14.957723265068195,14.976212839033654,14.846787584538268,14.856032371520996,90900,0.0,0.0,0.0
2019-10-15 00:00:00-04:00,14.856033490273136,15.050170505004532,14.856033490273136,15.022436141967773,225300,0.0,0.0,0.0
2019-10-16 00:00:00-04:00,15.040925848550591,15.068658448566348,14.994701909752711,15.031681060791016,174500,0.0,0.0,0.0
2019-10-17 00:00:00-04:00,15.050169990842,15.087147377031457,14.939234305747846,14.976213455200195,92100,0.0,0.0,0.0
2019-10-18 00:00:00-04:00,15.022434834616087,15.022434834616087,14.856032197402907,14.920743942260742,92900,0.0,0.0,0.0
2019-10-21 00:00:00-04:00,14.939234305747846,14.994701266663474,14.92074473102167,14.976213455200195,126100,0.0,0.0,0.0
2019-10-22 00:00:00-04:00,15.0131908287407,15.031680403451299,14.966968655227102,14.985456466674805,124000,0.0,0.0,0.0
2019-10-23 00:00:00-04:00,14.985456466674805,15.059414765517195,14.985456466674805,14.985456466674805,99000,0.0,0.0,0.0
2019-10-24 00:00:00-04:00,15.059414380897847,15.068657404754184,14.939233911611284,14.948478698730469,606000,0.0,0.0,0.0
2019-10-25 00:00:00-04:00,14.94847728456522,15.059412956237793,14.94847728456522,15.059412956237793,117100,0.0,0.0,0.0
2019-10-28 00:00:00-04:00,15.068658448566348,15.068658448566348,14.994701909752711,15.031681060791016,79800,0.0,0.0,0.0
2019-10-29 00:00:00-04:00,15.050169152913998,15.050169152913998,14.976212621389772,14.99470043182373,257500,0.0,0.0,0.0
2019-10-30 00:00:00-04:00,15.06865857987167,15.06865857987167,14.98545725257346,15.040925979614258,120900,0.0,0.0,0.0
2019-10-31 00:00:00-04:00,15.022434792368864,15.04092436606562,14.976212621389772,14.99470043182373,171100,0.0,0.0,0.0
2019-11-01 00:00:00-04:00,15.272039630097934,15.410707914312015,15.16110394476893,15.364485740661621,322300,0.0,0.0,0.0
2019-11-04 00:00:00-05:00,15.429197311401367,15.466174697243286,15.373728587744168,15.429197311401367,274100,0.0,0.0,0.0
2019-11-05 00:00:00-05:00,15.456928689549166,15.48466304918797,15.3552395640657,15.410706520080566,458800,0.0,0.0,0.0
2019-11-06 00:00:00-05:00,15.44768568340182,15.456930471013582,15.318262183363046,15.401463508605957,159700,0.0,0.0,0.0
2019-11-07 00:00:00-05:00,15.429198315271247,15.484665279274413,15.327507411879616,15.355241775512695,133700,0.0,0.0,0.0
2019-11-08 00:00:00-05:00,15.373729588005087,15.38297437588278,15.327507411879616,15.355241775512695,87600,0.0,0.0,0.0
2019-11-11 00:00:00-05:00,15.27203872375629,15.318260894663561,15.253549150088265,15.290528297424316,119900,0.0,0.0,0.0
2019-11-12 00:00:00-05:00,15.262793936922277,15.355240041999615,15.262793936922277,15.290528297424316,102700,0.0,0.0,0.0
2019-11-13 00:00:00-05:00,15.170347771341133,15.19808213173256,15.0779016666325,15.142613410949707,202600,0.0,0.0,0.0
2019-11-14 00:00:00-05:00,15.09639384606573,15.14261602476722,15.068659480886984,15.114883422851562,201100,0.0,0.0,0.0
2019-11-15 00:00:00-05:00,15.077900691834014,15.244303316898932,15.077900691834014,15.20732593536377,100500,0.0,0.0,0.0
2019-11-18 00:00:00-05:00,15.161105025163032,15.198084177328834,15.087148484094453,15.151860237121582,86600,0.0,0.0,0.0
2019-11-19 00:00:00-05:00,15.105638634458646,15.14261602476722,15.105638634458646,15.114883422851562,105300,0.0,0.0,0.0
2019-11-20 00:00:00-05:00,15.105637980706607,15.11488276869942,14.994702288055857,15.068658828735352,151100,0.0,0.0,0.0
2019-11-21 00:00:00-05:00,14.976213104517356,15.02243527698756,14.87452220916748,14.87452220916748,172100,0.0,0.0,0.0
2019-11-22 00:00:00-05:00,14.911499904110885,14.920744691449453,14.763587714851008,14.819055557250977,446100,0.0,0.0,0.0
2019-11-25 00:00:00-05:00,14.800566493676795,14.874523031676372,14.800566493676795,14.865278244018555,97500,0.0,0.0,0.0
2019-11-26 00:00:00-05:00,14.9022557074752,14.976212237101711,14.883766134252884,14.957722663879395,107400,0.0,0.0,0.0
2019-11-27 00:00:00-05:00,14.976212663507004,14.976212663507004,14.883766558026037,14.920743942260742,137600,0.0,0.0,0.0
2019-11-29 00:00:00-05:00,14.78207720642311,14.791321994261082,14.717365454820296,14.735854148864746,104800,0.0,0.0,0.0
2019-12-02 00:00:00-05:00,14.708119938554768,14.717364725934887,14.56945165437879,14.597185134887695,133900,0.0,0.0,0.0
2019-12-03 00:00:00-05:00,14.467760305611591,14.560206413269043,14.421538133414288,14.560206413269043,243400,0.0,0.0,0.0
2019-12-04 00:00:00-05:00,14.634163938687534,14.772832227941619,14.634163938687534,14.717365264892578,198800,0.0,0.0,0.0
2019-12-05 00:00:00-05:00,14.652653694152832,14.698875870051108,14.59718584879081,14.652653694152832,66400,0.0,0.0,0.0
2019-12-06 00:00:00-05:00,14.689630962863776,14.791320977194673,14.652652695686045,14.726609230041504,206200,0.0,0.0,0.0
2019-12-09 00:00:00-05:00,14.745098471657927,14.76358804675073,14.60643018498778,14.61567497253418,267000,0.0,0.0,0.0
2019-12-10 00:00:00-05:00,14.541716795451968,14.634162902832031,14.523228102954807,14.634162902832031,223200,0.0,0.0,0.0
2019-12-11 00:00:00-05:00,14.569452058051306,14.717365133705599,14.560207270415045,14.708120346069336,203900,0.0,0.0,0.0
2019-12-12 00:00:00-05:00,14.772830458181742,14.985455260450117,14.745096979979646,14.957722663879395,177000,0.0,0.0,0.0
2019-12-13 00:00:00-05:00,14.939233955930908,14.939233955930908,14.7266091413474,14.87452220916748,263900,0.0,0.0,0.0
2019-12-16 00:00:00-05:00,14.791320668967652,14.846787627762689,14.763587189570133,14.782075881958008,143600,0.0,0.0,0.0
2019-12-17 00:00:00-05:00,14.698874281634662,14.745097334169392,14.65265211073133,14.68038558959961,141900,0.0,0.0,0.0
2019-12-18 00:00:00-05:00,14.68038628016364,14.68038628016364,14.587940170745524,14.661896705627441,157400,0.0,0.0,0.0
2019-12-19 00:00:00-05:00,14.5602076876667,14.606430745541148,14.5602076876667,14.58794116973877,256600,0.0,0.0,0.0
2019-12-20 00:00:00-05:00,14.6064290581966,14.717363855301112,14.6064290581966,14.68038558959961,119200,0.0,0.0,0.0
2019-12-23 00:00:00-05:00,14.694345474243164,14.703651795862303,14.657121075266284,14.694345474243164,96200,0.105,0.0,0.0
2019-12-24 00:00:00-05:00,14.657120712903124,14.750182151794434,14.64781439151406,14.750182151794434,64900,0.0,0.0,0.0
2019-12-26 00:00:00-05:00,14.750182304282541,14.787406702723962,14.703651584355848,14.768794059753418,118300,0.0,0.0,0.0
2019-12-27 00:00:00-05:00,14.778100381238689,14.852549178121532,14.731569661311998,14.768794059753418,146400,0.0,0.0,0.0
2019-12-30 00:00:00-05:00,14.811645284917585,14.839592425770302,14.774383318842641,14.820960998535156,214100,0.016,0.0,0.0
2019-12-31 00:00:00-05:00,14.839591469329731,14.89548397064209,14.793013792639238,14.89548397064209,94800,0.0,0.0,0.0
2020-01-02 00:00:00-05:00,14.904799961243052,15.156318887018775,14.895484248052401,15.147003173828125,615400,0.0,0.0,0.0
2020-01-03 00:00:00-05:00,15.091110901410813,15.091110901410813,14.904800188340303,14.988639831542969,402400,0.0,0.0,0.0
2020-01-06 00:00:00-05:00,14.904801428846625,14.970009650811303,14.811646064558175,14.94206428527832,157600,0.0,0.0,0.0
2020-01-07 00:00:00-05:00,14.942064001228529,14.98864079409193,14.914116859436035,14.914116859436035,108500,0.0,0.0,0.0
2020-01-08 00:00:00-05:00,14.765067766484062,14.83027598180506,14.690543838004263,14.774382591247559,193300,0.0,0.0,0.0
2020-01-09 00:00:00-05:00,14.774382879144227,14.830276270790879,14.718490375892896,14.765068054199219,220100,0.0,0.0,0.0
2020-01-10 00:00:00-05:00,14.802330459695359,14.8582229646101,14.774383318842641,14.820960998535156,75800,0.0,0.0,0.0
2020-01-13 00:00:00-05:00,14.839591751543425,15.016586748654264,14.820960325154786,14.997955322265625,353600,0.0,0.0,0.0
2020-01-14 00:00:00-05:00,15.016587418145889,15.02590135496484,14.960693136488011,14.970008850097656,153800,0.0,0.0,0.0
2020-01-15 00:00:00-05:00,14.923431332544506,14.932747045700774,14.839591690928703,14.886168479919434,146200,0.0,0.0,0.0
2020-01-16 00:00:00-05:00,14.88616971764354,14.979325080161098,14.88616971764354,14.914116859436035,195800,0.0,0.0,0.0
2020-01-17 00:00:00-05:00,14.914116789893516,14.979325010314524,14.914116789893516,14.951377868652344,121500,0.0,0.0,0.0
2020-01-21 00:00:00-05:00,14.904799683659247,14.95137647195445,14.876853433003067,14.89548397064209,312200,0.0,0.0,0.0
2020-01-22 00:00:00-05:00,14.895485714738701,15.025902158668057,14.895485714738701,14.94206428527832,177400,0.0,0.0,0.0
2020-01-23 00:00:00-05:00,14.979324340820312,14.997955767762376,14.867538444353931,14.979324340820312,218700,0.0,0.0,0.0
2020-01-24 00:00:00-05:00,14.848907750315593,14.979325080161098,14.820961496918477,14.914116859436035,82100,0.0,0.0,0.0
2020-01-27 00:00:00-05:00,14.662597660042767,14.746437307179239,14.439025859942417,14.625335693359375,402800,0.0,0.0,0.0
2020-01-28 00:00:00-05:00,14.457657076763462,14.616019766563241,14.439025649495635,14.522865295410156,496200,0.0,0.0,0.0
2020-01-29 00:00:00-05:00,14.5228643409351,14.606703981339493,14.466970951200409,14.560126304626465,161500,0.0,0.0,0.0
2020-01-30 00:00:00-05:00,14.439024480917297,14.532179832926488,14.392446804912701,14.457655906677246,344700,0.0,0.0,0.0
2020-01-31 00:00:00-05:00,14.234084905717308,14.308608840690013,13.870780944824219,13.870780944824219,745800,0.0,0.0,0.0
2020-02-03 00:00:00-05:00,13.833518243158222,13.935988426208496,13.833518243158222,13.935988426208496,343500,0.0,0.0,0.0
2020-02-04 00:00:00-05:00,14.047773869974126,14.140929224941305,13.945303690226474,14.066405296325684,266200,0.0,0.0,0.0
2020-02-05 00:00:00-05:00,14.140929226369783,14.159559764327916,13.982565655946765,14.029143333435059,351700,0.0,0.0,0.0
2020-02-06 00:00:00-05:00,14.178192370947082,14.178192370947082,14.066406468706724,14.094352722167969,245100,0.0,0.0,0.0
2020-02-07 00:00:00-05:00,13.908042894074237,14.094352731261708,13.908042894074237,14.019828796386719,461800,0.0,0.0,0.0
2020-02-10 00:00:00-05:00,13.973250389099121,14.029143781549465,13.917356996648778,13.973250389099121,254400,0.0,0.0,0.0
2020-02-11 00:00:00-05:00,14.066405514931038,14.15955998295062,14.066405514931038,14.131613731384277,233600,0.0,0.0,0.0
2020-02-12 00:00:00-05:00,14.215453146489523,14.289977075068093,14.215453146489523,14.252715110778809,146600,0.0,0.0,0.0
2020-02-13 00:00:00-05:00,14.252716511180742,14.252716511180742,14.187507400970887,14.234085083007812,301300,0.0,0.0,0.0
2020-02-14 00:00:00-05:00,14.252715844842623,14.317924063608492,14.224769592285156,14.224769592285156,167100,0.0,0.0,0.0
2020-02-18 00:00:00-05:00,14.159560436013846,14.159560436013846,14.019828285315805,14.038458824157715,294400,0.0,0.0,0.0
2020-02-19 00:00:00-05:00,14.066406257928953,14.094352510971436,13.973250896593516,13.99188232421875,218500,0.0,0.0,0.0
2020-02-20 00:00:00-05:00,14.075720572130194,14.075720572130194,13.935988423597337,13.973250389099121,169100,0.0,0.0,0.0
2020-02-21 00:00:00-05:00,13.898726460699729,13.973250391717261,13.889410747223705,13.935988426208496,126000,0.0,0.0,0.0
2020-02-24 00:00:00-05:00,13.30253410854232,13.30253410854232,13.051016063752352,13.228010177612305,689800,0.0,0.0,0.0
2020-02-25 00:00:00-05:00,13.349112765940143,13.498160638725134,13.097594702714321,13.116225242614746,528900,0.0,0.0,0.0
2020-02-26 00:00:00-05:00,13.200064154472646,13.311850052805791,13.144170761108398,13.144170761108398,193700,0.0,0.0,0.0
2020-02-27 00:00:00-05:00,13.088278517765048,13.088278517765048,12.752919927666678,12.762235641479492,609000,0.0,0.0,0.0
2020-02-28 00:00:00-05:00,12.557293440056128,12.855390040995458,12.398930759063587,12.7994966506958,723900,0.0,0.0,0.0
2020-03-02 00:00:00-05:00,12.678395759482948,12.920598983764648,12.650449506956706,12.920598983764648,581100,0.0,0.0,0.0
2020-03-03 00:00:00-05:00,12.85539026452247,13.004438123386098,12.697026692381034,12.790181159973145,233400,0.0,0.0,0.0
2020-03-04 00:00:00-05:00,12.82744472243392,13.023069381713867,12.82744472243392,13.023069381713867,103500,0.0,0.0,0.0
2020-03-05 00:00:00-05:00,12.995123383754724,13.013754811706276,12.715658183249113,12.752920150756836,224600,0.0,0.0,0.0
2020-03-06 00:00:00-05:00,12.575925597404323,12.808813108467366,12.575925597404323,12.659765243530273,354300,0.0,0.0,0.0
2020-03-09 00:00:00-04:00,11.830685838832188,12.091519612492753,11.48601241582474,11.821370124816895,601100,0.0,0.0,0.0
2020-03-10 00:00:00-04:00,12.007679430340742,12.268513173129643,11.877262114748651,11.951786041259766,606200,0.0,0.0,0.0
2020-03-11 00:00:00-04:00,11.82136993082292,11.82136993082292,11.486012227334136,11.569851875305176,470900,0.0,0.0,0.0
2020-03-12 00:00:00-04:00,10.163211354783137,10.805981415334898,9.762644531204367,10.330890655517578,722400,0.0,0.0,0.0
2020-03-13 00:00:00-04:00,10.582408928911327,11.066815412501471,10.191157811671724,10.433361053466797,685000,0.0,0.0,0.0
2020-03-16 00:00:00-04:00,8.663416526794819,10.00484834479616,8.663416526794819,9.567020416259766,406200,0.0,0.0,0.0
2020-03-17 00:00:00-04:00,9.948955024239583,10.414730058881581,9.827853408625218,9.967585563659668,509300,0.0,0.0,0.0
2020-03-18 00:00:00-04:00,9.762643842695233,10.04210902807826,9.203714360324515,9.352762222290039,478900,0.0,0.0,0.0
2020-03-19 00:00:00-04:00,9.315500921296508,9.967585808108185,9.25029269913396,9.809222221374512,917000,0.0,0.0,0.0
2020-03-20 00:00:00-04:00,9.622911227771034,10.014162290663947,9.52975587436023,9.781274795532227,757700,0.0,0.0,0.0
2020-03-23 00:00:00-04:00,9.492494860643538,9.492494860643538,9.036035537719727,9.036035537719727,403700,0.0,0.0,0.0
2020-03-24 00:00:00-04:00,9.734698290314464,9.781275972625092,9.408656290930866,9.771960258483887,385800,0.0,0.0,0.0
2020-03-25 00:00:00-04:00,9.855798996349192,10.247050070097258,9.688119710915645,10.107317924499512,450600,0.0,0.0,0.0
2020-03-26 00:00:00-04:00,10.079370993824535,10.321574213722304,10.079370993824535,10.28431224822998,401300,0.0,0.0,0.0
2020-03-27 00:00:00-04:00,10.15389495985297,10.15389495985297,9.65085797977282,9.799906730651855,308500,0.0,0.0,0.0
2020-03-30 00:00:00-04:00,9.790590509350801,9.84648301068561,9.417969984072489,9.744012832641602,338600,0.0,0.0,0.0
2020-03-31 00:00:00-04:00,9.865114887711796,10.014162749278738,9.725381851196289,9.725381851196289,136100,0.0,0.0,0.0
2020-04-01 00:00:00-04:00,9.725381633683718,9.967584847510679,9.594965201927131,9.62291145324707,250500,0.0,0.0,0.0
2020-04-02 00:00:00-04:00,9.818536032249035,10.014161549211298,9.781274071322663,9.921006202697754,97900,0.0,0.0,0.0
2020-04-03 00:00:00-04:00,10.032793711923073,10.144579602925592,9.930322645540963,10.004846572875977,117400,0.0,0.0,0.0
2020-04-06 00:00:00-04:00,10.507884069243117,10.936397117746763,10.3774676338694,10.805980682373047,284600,0.0,0.0,0.0
2020-04-07 00:00:00-04:00,11.215862528146666,11.318332713474263,10.824611437411695,10.87118911743164,382500,0.0,0.0,0.0
2020-04-08 00:00:00-04:00,10.8339261998199,11.243807793535908,10.8339261998199,11.05749797821045,401200,0.0,0.0,0.0
2020-04-09 00:00:00-04:00,11.178601046651565,11.411488568456805,11.066815142792496,11.150654792785645,285300,0.0,0.0,0.0
2020-04-13 00:00:00-04:00,11.159969113644571,11.159969113644571,10.936397316039937,11.09476089477539,250900,0.0,0.0,0.0
2020-04-14 00:00:00-04:00,11.178599865394332,11.327647721456342,11.178599865394332,11.234493255615234,237900,0.0,0.0,0.0
2020-04-15 00:00:00-04:00,11.076129624805366,11.150653552421602,10.992289984138278,11.122706413269043,311200,0.0,0.0,0.0
2020-04-16 00:00:00-04:00,11.132022187165196,11.290385756314103,11.132022187165196,11.27175521850586,342400,0.0,0.0,0.0
2020-04-17 00:00:00-04:00,11.635059367685354,11.635059367685354,11.374225614622427,11.411487579345703,202400,0.0,0.0,0.0
2020-04-20 00:00:00-04:00,11.607113348045166,11.644375313512592,11.327648162841797,11.327648162841797,180700,0.0,0.0,0.0
2020-04-21 00:00:00-04:00,11.13202333410557,11.169285301956482,10.880505273210767,10.889820098876953,210200,0.0,0.0,0.0
2020-04-22 00:00:00-04:00,11.20654771777225,11.318333625793457,11.113393238618956,11.318333625793457,130600,0.0,0.0,0.0
2020-04-23 00:00:00-04:00,11.309018373567644,11.467381959395182,11.18791675567627,11.18791675567627,187500,0.0,0.0,0.0
2020-04-24 00:00:00-04:00,11.290385531474795,11.504642486572266,11.253123568205055,11.504642486572266,113500,0.0,0.0,0.0
2020-04-27 00:00:00-04:00,11.50464293535155,11.588481689682432,11.374225614622427,11.411487579345703,114700,0.0,0.0,0.0
2020-04-28 00:00:00-04:00,11.644374850699514,11.73753020486323,11.392855927494661,11.532588958740234,120400,0.0,0.0,0.0
2020-04-29 00:00:00-04:00,11.737531392861609,11.737531392861609,11.560536379715298,11.597798347473145,157000,0.0,0.0,0.0
2020-04-30 00:00:00-04:00,11.541905840034069,11.597798347473145,11.458066190480068,11.597798347473145,221700,0.0,0.0,0.0
2020-05-01 00:00:00-04:00,11.364910144133209,11.402172109652518,11.038868167938091,11.104076385498047,96700,0.0,0.0,0.0
2020-05-04 00:00:00-04:00,11.085444007035264,11.411486843640231,11.085444007035264,11.141337394714355,127300,0.0,0.0,0.0
2020-05-05 00:00:00-04:00,11.355594906672513,11.551220455948194,11.355594906672513,11.495327949523926,242100,0.0,0.0,0.0
2020-05-06 00:00:00-04:00,11.458066195304147,11.597798352356055,11.458066195304147,11.56053638458252,183400,0.0,0.0,0.0
2020-05-07 00:00:00-04:00,11.644375772761643,11.9052095413208,11.495327905013554,11.9052095413208,375800,0.0,0.0,0.0
2020-05-08 00:00:00-04:00,12.063572209049575,12.343037384104587,11.998363993948349,12.315091133117676,385800,0.0,0.0,0.0
2020-05-11 00:00:00-04:00,12.436193440841372,12.482770232317911,11.97041841891316,11.989048957824707,845500,0.0,0.0,0.0
2020-05-12 00:00:00-04:00,12.063572877032048,12.324406640275104,11.99836465832012,12.138096809387207,222600,0.0,0.0,0.0
2020-05-13 00:00:00-04:00,12.12878080671035,12.147411343792864,11.784106542533591,11.849315643310547,275600,0.0,0.0,0.0
2020-05-14 00:00:00-04:00,11.849316082775863,12.01699447631836,11.74684501563819,12.01699447631836,130200,0.0,0.0,0.0
2020-05-15 00:00:00-04:00,11.923841243308368,12.016995718596363,11.784108197783292,12.007680892944336,221700,0.0,0.0,0.0
2020-05-18 00:00:00-04:00,12.063572918159034,12.473455435905123,12.063572918159034,12.398931503295898,240300,0.0,0.0,0.0
2020-05-19 00:00:00-04:00,12.398932206910017,12.473456143748322,12.14741325378418,12.14741325378418,310800,0.0,0.0,0.0
2020-05-20 00:00:00-04:00,12.566610313218224,12.808813546216111,12.436193871138887,12.752920150756836,257400,0.0,0.0,0.0
2020-05-21 00:00:00-04:00,12.75291920262293,12.818128307209918,12.575925092218974,12.641133308410645,258200,0.0,0.0,0.0
2020-05-22 00:00:00-04:00,12.566608716421184,12.72497228030512,12.492084790875246,12.594555854797363,286700,0.0,0.0,0.0
2020-05-26 00:00:00-04:00,12.762235180260658,13.03238465230167,12.762235180260658,13.004438400268555,455800,0.0,0.0,0.0
2020-05-27 00:00:00-04:00,12.929915444448648,12.976493126947041,12.631819697891576,12.818129539489746,367200,0.0,0.0,0.0
2020-05-28 00:00:00-04:00,12.901968454778862,12.995122926069598,12.808813095092773,12.808813095092773,233500,0.0,0.0,0.0
2020-05-29 00:00:00-04:00,12.697027421580527,12.87402154204716,12.669081168537453,12.762235641479492,203300,0.0,0.0,0.0
2020-06-01 00:00:00-04:00,13.023068711970652,13.088277816772461,12.808812636123431,13.088277816772461,280800,0.0,0.0,0.0
2020-06-02 00:00:00-04:00,13.200063709372268,13.209379422684746,13.06033156326638,13.125539779663086,259800,0.0,0.0,0.0
2020-06-03 00:00:00-04:00,13.162801960147375,13.228010177612305,13.06964660228719,13.228010177612305,291500,0.0,0.0,0.0
2020-06-04 00:00:00-04:00,13.321165321257759,13.321165321257759,12.88333656778805,13.051015853881836,533800,0.0,0.0,0.0
2020-06-05 00:00:00-04:00,13.134855932668104,13.339796302031125,13.134855932668104,13.181432723999023,235600,0.0,0.0,0.0
2020-06-08 00:00:00-04:00,13.44226573631925,13.554051620996917,13.423634311342019,13.5447359085083,664300,0.0,0.0,0.0
2020-06-09 00:00:00-04:00,13.479528874202211,13.479528874202211,13.24664137203477,13.423635482788086,262500,0.0,0.0,0.0
2020-06-10 00:00:00-04:00,13.423635257773828,13.572683114519318,13.423635257773828,13.507474899291992,160600,0.0,0.0,0.0
2020-06-11 00:00:00-04:00,13.200064422446022,13.21869496168209,12.67839599790565,12.724973678588867,528700,0.0,0.0,0.0
2020-06-12 00:00:00-04:00,12.967176673521912,13.069646858460327,12.743604876349723,12.808813095092773,220900,0.0,0.0,0.0
2020-06-15 00:00:00-04:00,12.464139427611235,12.613187289306593,12.343037817884925,12.482769966125488,349300,0.0,0.0,0.0
2020-06-16 00:00:00-04:00,12.957860452876448,13.023068669068119,12.622502770239588,12.641133308410645,288800,0.0,0.0,0.0
2020-06-17 00:00:00-04:00,12.669081394761182,12.855391232367444,12.669081394761182,12.715658187866211,306000,0.0,0.0,0.0
2020-06-18 00:00:00-04:00,12.715657735406685,12.91128328003119,12.715657735406685,12.808813095092773,158300,0.0,0.0,0.0
2020-06-19 00:00:00-04:00,12.901969190307774,13.023069921050034,12.780867571170113,12.818129539489746,199400,0.0,0.0,0.0
2020-06-22 00:00:00-04:00,12.818129024116862,12.985807430615743,12.762235629686991,12.874021530151367,318400,0.0,0.0,0.0
2020-06-23 00:00:00-04:00,13.013754854142737,13.013754854142737,12.80881358798428,12.939230918884277,236200,0.0,0.0,0.0
2020-06-24 00:00:00-04:00,12.855390564881377,12.929914496054401,12.585241092280329,12.631818771362305,301500,0.0,0.0,0.0
2020-06-25 00:00:00-04:00,12.566609883746917,12.790181681152553,12.566609883746917,12.659765243530273,460400,0.0,0.0,0.0
2020-06-26 00:00:00-04:00,12.743604381480692,12.743604381480692,12.538663131166938,12.566609382629395,315700,0.0,0.0,0.0
2020-06-29 00:00:00-04:00,12.613188743591309,12.697028397560386,12.48277140537325,12.613188743591309,252000,0.0,0.0,0.0
2020-06-30 00:00:00-04:00,12.631818713660346,12.65044925217083,12.50140139050563,12.520031929016113,179000,0.0,0.0,0.0
2020-07-01 00:00:00-04:00,12.66908166621121,12.874022047771497,12.594557729571942,12.818129539489746,292500,0.0,0.0,0.0
2020-07-02 00:00:00-04:00,12.892652957759779,12.976492605206902,12.85539099093832,12.874021530151367,272900,0.0,0.0,0.0
2020-07-06 00:00:00-04:00,13.02306914596692,13.181432723999023,13.013754320737945,13.181432723999023,376500,0.0,0.0,0.0
2020-07-07 00:00:00-04:00,13.172118639106817,13.255957401251825,13.013755052173915,13.116225242614746,370400,0.0,0.0,0.0
2020-07-08 00:00:00-04:00,13.302534332697494,13.302534332697494,13.144170754703863,13.218694686889648,270200,0.0,0.0,0.0
2020-07-09 00:00:00-04:00,13.321165311319305,13.386373527686986,13.144170312042286,13.237325668334961,280200,0.0,0.0,0.0
2020-07-10 00:00:00-04:00,13.228010397316192,13.358427722807484,13.172117892388028,13.255956649780273,138100,0.0,0.0,0.0
2020-07-13 00:00:00-04:00,13.255956656202914,13.414320234235015,13.14417075789708,13.181432723999023,192100,0.0,0.0,0.0
2020-07-14 00:00:00-04:00,13.181432988610624,13.405005678105766,13.162802449383324,13.395689964294434,92000,0.0,0.0,0.0
2020-07-15 00:00:00-04:00,13.414319539537342,13.693784715026723,13.40500471479076,13.656522750854492,519700,0.0,0.0,0.0
2020-07-16 00:00:00-04:00,13.51679112091576,13.619261304184212,13.51679112091576,13.526106834411621,113400,0.0,0.0,0.0
2020-07-17 00:00:00-04:00,13.563368289769203,13.600630253955575,13.4608972219602,13.507474899291992,81600,0.0,0.0,0.0
2020-07-20 00:00:00-04:00,13.572683111929601,13.66583846657541,13.414319542068908,13.581998825073242,398800,0.0,0.0,0.0
2020-07-21 00:00:00-04:00,13.731047657872088,13.731047657872088,13.42363620944177,13.470213890075684,261700,0.0,0.0,0.0
2020-07-22 00:00:00-04:00,13.451582680853539,13.498160362243652,13.367743920425792,13.498160362243652,370400,0.0,0.0,0.0
2020-07-23 00:00:00-04:00,13.479528139103845,13.479528139103845,13.190747261270777,13.265271186828613,286000,0.0,0.0,0.0
2020-07-24 00:00:00-04:00,13.144171496663082,13.172118639106817,12.929915401633508,13.116225242614746,391400,0.0,0.0,0.0
2020-07-27 00:00:00-04:00,12.762235641479492,12.81812903596101,12.697027421580527,12.762235641479492,379400,0.0,0.0,0.0
2020-07-28 00:00:00-04:00,13.013754854142737,13.023069679753506,12.874021809236586,12.939230918884277,225500,0.0,0.0,0.0
2020-07-29 00:00:00-04:00,12.957860729178796,12.976492156142449,12.85539054606471,12.89265251159668,318200,0.0,0.0,0.0
2020-07-30 00:00:00-04:00,12.920598983764648,12.995122916098195,12.855390765071633,12.920598983764648,249500,0.0,0.0,0.0
2020-07-31 00:00:00-04:00,12.948545475758937,12.967176903384566,12.724973674623602,12.762235641479492,234000,0.0,0.0,0.0
2020-08-03 00:00:00-04:00,13.125539775757328,13.265271921821638,13.041700132760617,13.200063705444336,407100,0.0,0.0,0.0
2020-08-04 00:00:00-04:00,13.349111777196395,13.44226713498487,13.237325880887425,13.377058029174805,217200,0.0,0.0,0.0
2020-08-05 00:00:00-04:00,13.619260564350096,13.749677881021515,13.50747467365829,13.703100204467773,180100,0.0,0.0,0.0
2020-08-06 00:00:00-04:00,13.70310094072515,13.70310094072515,13.56336879195151,13.637892723083496,226000,0.0,0.0,0.0
2020-08-07 00:00:00-04:00,13.637892946003443,13.637892946003443,13.460897940375379,13.62857723236084,266700,0.0,0.0,0.0
2020-08-10 00:00:00-04:00,13.56336878403416,13.777624863814719,13.56336878403416,13.749678611755371,183700,0.0,0.0,0.0
2020-08-11 00:00:00-04:00,13.77762339035225,13.77762339035225,13.52610537192631,13.5447359085083,369200,0.0,0.0,0.0
2020-08-12 00:00:00-04:00,13.591314753418336,13.721731185913086,13.563368501940221,13.721731185913086,113300,0.0,0.0,0.0
2020-08-13 00:00:00-04:00,13.721731700302952,13.749678841224046,13.619261515444993,13.665839195251465,109500,0.0,0.0,0.0
2020-08-14 00:00:00-04:00,13.647207986865876,13.693785667419434,13.600631194707683,13.693785667419434,81900,0.0,0.0,0.0
2020-08-17 00:00:00-04:00,13.693785216605653,13.786940574645996,13.693785216605653,13.786940574645996,300200,0.0,0.0,0.0
2020-08-18 00:00:00-04:00,13.59131551235558,13.703101412905468,13.395689964294434,13.395689964294434,311500,0.0,0.0,0.0
2020-08-19 00:00:00-04:00,13.50747513352779,13.50747513352779,13.24664137970001,13.274587631225586,230300,0.0,0.0,0.0
2020-08-20 00:00:00-04:00,13.162802477157657,13.181433016424267,13.051016576371893,13.134856224060059,157800,0.0,0.0,0.0
2020-08-21 00:00:00-04:00,13.30253388863875,13.30253388863875,13.134855491015768,13.162801742553711,85400,0.0,0.0,0.0
2020-08-24 00:00:00-04:00,13.460897953494973,13.498159919706353,13.423635987283593,13.47952938079834,144600,0.0,0.0,0.0
2020-08-25 00:00:00-04:00,13.591314313775968,13.703100204467773,13.554052350212032,13.703100204467773,142200,0.0,0.0,0.0
2020-08-26 00:00:00-04:00,13.703101660669118,13.786941309696267,13.665839693145427,13.758995056152344,261000,0.0,0.0,0.0
2020-08-27 00:00:00-04:00,13.693786421210946,13.693786421210946,13.535422831648747,13.554054260253906,161400,0.0,0.0,0.0
2020-08-28 00:00:00-04:00,13.675155124377847,13.786941024637635,13.53542208275659,13.731047630310059,253200,0.0,0.0,0.0
2020-08-31 00:00:00-04:00,13.740363347972991,13.786941028526549,13.619261733891888,13.693785667419434,192300,0.0,0.0,0.0
2020-09-01 00:00:00-04:00,13.74967838506814,13.833518028259277,13.721731245074215,13.833518028259277,247000,0.0,0.0,0.0
2020-09-02 00:00:00-04:00,13.833518240566264,13.973250389099121,13.833518240566264,13.973250389099121,180200,0.0,0.0,0.0
2020-09-03 00:00:00-04:00,13.973249884047704,13.973249884047704,13.693784708687689,13.842832565307617,294300,0.0,0.0,0.0
2020-09-04 00:00:00-04:00,13.861464271771375,14.038458382986382,13.75899409037272,13.982565879821777,291200,0.0,0.0,0.0
2020-09-08 00:00:00-04:00,13.926672723311174,13.926672723311174,13.731047182142722,13.786940574645996,190200,0.0,0.0,0.0
2020-09-09 00:00:00-04:00,13.91735792619041,14.131614908432415,13.91735792619041,14.122299194335938,283600,0.0,0.0,0.0
2020-09-10 00:00:00-04:00,14.122298267197792,14.122298267197792,13.749678611755371,13.749678611755371,278200,0.0,0.0,0.0
2020-09-11 00:00:00-04:00,13.786941751876203,13.898727658032513,13.721732640321797,13.777626037597656,221400,0.0,0.0,0.0
2020-09-14 00:00:00-04:00,14.019828787341064,14.140930403533629,13.973251105975402,14.094352722167969,167200,0.0,0.0,0.0
2020-09-15 00:00:00-04:00,14.159561157226562,14.159561157226562,14.122299189249468,14.159561157226562,182800,0.0,0.0,0.0
2020-09-16 00:00:00-04:00,14.14093109591306,14.14093109591306,13.954620361328125,13.954620361328125,144100,0.0,0.0,0.0
2020-09-17 00:00:00-04:00,13.880095478061628,13.991882266561653,13.83351868598121,13.917357444763184,122100,0.0,0.0,0.0
2020-09-18 00:00:00-04:00,13.973249885327418,13.973249885327418,13.805570602416992,13.805570602416992,166100,0.0,0.0,0.0
2020-09-21 00:00:00-04:00,13.805571567710754,13.805571567710754,13.57268405333833,13.693785667419434,261500,0.0,0.0,0.0
2020-09-22 00:00:00-04:00,13.786940579967652,13.786940579967652,13.665838969826595,13.712416648864746,60300,0.0,0.0,0.0
2020-09-23 00:00:00-04:00,13.67515418232832,13.758993823846485,13.507474899291992,13.507474899291992,152100,0.0,0.0,0.0
2020-09-24 00:00:00-04:00,13.4795288722792,13.581999053395942,13.321165299756307,13.460897445678711,305100,0.0,0.0,0.0
2020-09-25 00:00:00-04:00,13.414318598853404,13.5447359085083,13.349110388223574,13.5447359085083,310300,0.0,0.0,0.0
2020-09-28 00:00:00-04:00,13.684469503122552,13.786940574645996,13.60994557204841,13.786940574645996,126300,0.0,0.0,0.0
2020-09-29 00:00:00-04:00,13.758993818624605,13.758993818624605,13.628576499824145,13.656522750854492,178900,0.0,0.0,0.0
2020-09-30 00:00:00-04:00,13.647207315214386,13.861464279857884,13.647207315214386,13.833518028259277,96000,0.0,0.0,0.0
2020-10-01 00:00:00-04:00,13.852148054705271,13.96393394536465,13.833517517126351,13.926671981811523,159700,0.0,0.0,0.0
2020-10-02 00:00:00-04:00,13.6844692801443,13.917356783055094,13.675154455208313,13.833518028259277,214700,0.0,0.0,0.0
2020-10-05 00:00:00-04:00,13.83351962760151,13.954620361328125,13.83351962760151,13.954620361328125,181000,0.0,0.0,0.0
2020-10-06 00:00:00-04:00,13.963934172188994,13.973249885327418,13.731046674100204,13.805570602416992,122000,0.0,0.0,0.0
2020-10-07 00:00:00-04:00,13.973249941358505,14.066405296325684,13.945303690226474,14.066405296325684,134600,0.0,0.0,0.0
2020-10-08 00:00:00-04:00,14.029143776334072,14.066405741822003,13.99188181084614,14.047774314880371,51500,0.0,0.0,0.0
2020-10-09 00:00:00-04:00,14.066405008130639,14.159559472793946,14.047773582160804,14.112981796264648,232200,0.0,0.0,0.0
2020-10-12 00:00:00-04:00,14.112983475156346,14.159561157226562,14.094352935365496,14.159561157226562,70000,0.0,0.0,0.0
2020-10-13 00:00:00-04:00,14.14092893391618,14.234083398570903,14.112981794964005,14.187505722045898,332900,0.0,0.0,0.0
2020-10-14 00:00:00-04:00,14.187505722045898,14.25271482453902,14.122297507948064,14.187505722045898,118800,0.0,0.0,0.0
2020-10-15 00:00:00-04:00,14.112983470099916,14.206138834206971,14.066406676441781,14.196823120117188,145100,0.0,0.0,0.0
2020-10-16 00:00:00-04:00,14.1968223924959,14.224769533332893,14.11298274677561,14.15024471282959,59400,0.0,0.0,0.0
2020-10-19 00:00:00-04:00,14.1502447353889,14.1502447353889,13.889410972595215,13.889410972595215,311400,0.0,0.0,0.0
2020-10-20 00:00:00-04:00,13.99188136630411,14.206137438953665,13.99188136630411,14.103667259216309,140200,0.0,0.0,0.0
2020-10-21 00:00:00-04:00,14.103667262058208,14.196821728639492,14.019827620258338,14.029143333435059,363500,0.0,0.0,0.0
2020-10-22 00:00:00-04:00,14.103668654538376,14.159561162326451,14.0943529404419,14.122299194335938,263600,0.0,0.0,0.0
2020-10-23 00:00:00-04:00,14.17819161524311,14.392447694351672,14.17819161524311,14.383131980895996,98100,0.0,0.0,0.0
2020-10-26 00:00:00-04:00,14.252715792180803,14.28066204463501,14.06640596182717,14.07572078704834,257900,0.0,0.0,0.0
2020-10-27 00:00:00-04:00,14.066405744429673,14.075720569506881,14.001196638517202,14.010512351989746,116400,0.0,0.0,0.0
2020-10-28 00:00:00-04:00,13.880094538507347,13.880094538507347,13.572683111929601,13.581998825073242,213100,0.0,0.0,0.0
2020-10-29 00:00:00-04:00,13.758993813515476,13.805570602416992,13.609945068486597,13.805570602416992,169200,0.0,0.0,0.0
2020-10-30 00:00:00-04:00,13.731047630310059,13.81488727760374,13.637893157624584,13.731047630310059,121700,0.0,0.0,0.0
2020-11-02 00:00:00-05:00,13.945303631759996,13.954618456501418,13.786940062016924,13.880094528198242,104600,0.0,0.0,0.0
2020-11-03 00:00:00-05:00,13.97325060561801,14.103667931092769,13.880095246222416,14.038458824157715,82400,0.0,0.0,0.0
2020-11-04 00:00:00-05:00,14.159560687993185,14.476287849500165,14.159560687993185,14.401763916015625,165900,0.0,0.0,0.0
2020-11-05 00:00:00-05:00,14.3551855126789,14.401763190860308,14.280661582946777,14.280661582946777,160300,0.0,0.0,0.0
2020-11-06 00:00:00-05:00,14.280660851321453,14.336554239954681,14.168874962450271,14.30860710144043,141300,0.0,0.0,0.0
2020-11-09 00:00:00-05:00,14.597389455743652,14.671913389188536,14.383132480793087,14.476287841796875,289100,0.0,0.0,0.0
2020-11-10 00:00:00-05:00,14.53218123607822,14.597389455743652,14.439025875074432,14.476287841796875,228600,0.0,0.0,0.0
2020-11-11 00:00:00-05:00,14.485603770141589,14.541496276855469,14.448341802867212,14.541496276855469,146200,0.0,0.0,0.0
2020-11-12 00:00:00-05:00,14.569443202800661,14.569443202800661,14.345870514070645,14.476287841796875,161300,0.0,0.0,0.0
2020-11-13 00:00:00-05:00,14.550811547916547,14.569442975184373,14.47628761563594,14.522865295410156,82400,0.0,0.0,0.0
2020-11-16 00:00:00-05:00,14.47628784563858,14.522865526152835,14.34587051787774,14.43902587890625,198500,0.0,0.0,0.0
2020-11-17 00:00:00-05:00,14.47628761563594,14.569442975184373,14.439025649495635,14.522865295410156,111800,0.0,0.0,0.0
2020-11-18 00:00:00-05:00,14.569442020886283,14.569442020886283,14.411078453063965,14.411078453063965,153000,0.0,0.0,0.0
2020-11-19 00:00:00-05:00,14.532181729612551,14.616020491288811,14.457657793636724,14.606705665588379,181100,0.0,0.0,0.0
2020-11-20 00:00:00-05:00,14.634651938484595,14.94206428527832,14.634651938484595,14.94206428527832,323300,0.0,0.0,0.0
2020-11-23 00:00:00-05:00,14.942062819890324,15.016586748654264,14.914115680307365,14.997955322265625,305400,0.0,0.0,0.0
2020-11-24 00:00:00-05:00,15.053847818712233,15.165634600209426,15.007271029549594,15.147003173828125,225200,0.0,0.0,0.0
2020-11-25 00:00:00-05:00,15.072480729207676,15.091112157423524,14.923432857062473,14.94206428527832,205200,0.0,0.0,0.0
2020-11-27 00:00:00-05:00,15.09111234910648,15.221528794692347,15.044533777975234,15.156320571899414,131600,0.0,0.0,0.0
2020-11-30 00:00:00-05:00,15.230844259129551,15.24015997320302,14.867539405822754,14.867539405822754,327900,0.0,0.0,0.0
2020-12-01 00:00:00-05:00,15.04453182220459,15.119055749535754,14.951376468842989,15.04453182220459,203600,0.0,0.0,0.0
2020-12-02 00:00:00-05:00,15.044533987772683,15.240160435670324,15.044533987772683,15.221529006958008,276200,0.0,0.0,0.0
2020-12-03 00:00:00-05:00,15.23084258849068,15.417151519151892,15.23084258849068,15.305366516113281,203200,0.0,0.0,0.0
2020-12-04 00:00:00-05:00,15.277420551529207,15.361260198649285,15.240159473248463,15.296051979064941,156600,0.0,0.0,0.0
2020-12-07 00:00:00-05:00,15.333313941955566,15.370576799176805,15.296052861525155,15.333313941955566,170400,0.0,0.0,0.0
2020-12-08 00:00:00-05:00,15.33331422436719,15.37057708227474,15.32400028668116,15.361261367797852,127100,0.0,0.0,0.0
2020-12-09 00:00:00-05:00,15.379891902817626,15.51030834433207,15.30536796812498,15.398523330688477,260600,0.0,0.0,0.0
2020-12-10 00:00:00-05:00,15.323996995677051,15.528937339782715,15.286734145772124,15.528937339782715,297100,0.0,0.0,0.0
2020-12-11 00:00:00-05:00,15.519624031708663,15.622095108032227,15.491676889950211,15.622095108032227,199400,0.0,0.0,0.0
2020-12-14 00:00:00-05:00,15.752510135033319,15.864296915239938,15.752510135033319,15.789772987365723,425200,0.0,0.0,0.0
2020-12-15 00:00:00-05:00,15.89224412630689,15.920191268807045,15.724564824887567,15.827035903930664,299000,0.0,0.0,0.0
2020-12-16 00:00:00-05:00,15.929505284333981,15.929505284333981,15.845665642564542,15.892242431640625,266200,0.0,0.0,0.0
2020-12-17 00:00:00-05:00,15.836351343579155,15.836351343579155,15.668672045066499,15.724564552307129,306200,0.0,0.0,0.0
2020-12-18 00:00:00-05:00,15.79908906810422,15.864299068537028,15.687304049515362,15.70593547821045,199400,0.0,0.0,0.0
2020-12-21 00:00:00-05:00,15.64980819264556,15.771415594708317,15.54691168035997,15.743351936340332,326800,0.07,0.0,0.0
2020-12-22 00:00:00-05:00,15.621744917353865,15.715286868460304,15.509492078148451,15.546910285949707,260400,0.0,0.0,0.0
2020-12-23 00:00:00-05:00,15.715288130709748,15.780769999621437,15.649808045996553,15.677871704101562,165500,0.0,0.0,0.0
2020-12-24 00:00:00-05:00,15.668515125628497,15.677869677120723,15.612389600873401,15.649806022644043,90000,0.0,0.0,0.0
2020-12-28 00:00:00-05:00,15.864957275052358,15.9959192276001,15.864957275052358,15.995919227600098,341100,0.0,0.0,0.0
2020-12-29 00:00:00-05:00,16.17365115859748,16.360736846923828,16.164296606551407,16.360736846923828,420100,0.0,0.0,0.0
2020-12-30 00:00:00-05:00,16.370092391967773,16.398156049808314,16.27654865003112,16.370092391967773,203000,0.0,0.0,0.0
2020-12-31 00:00:00-05:00,16.454280583186186,16.454280583186186,16.29525676679969,16.360736846923828,151800,0.0,0.0,0.0
2021-01-04 00:00:00-05:00,16.463633335561884,16.641366236612214,16.39815326259549,16.416860580444336,580500,0.0,0.0,0.0
2021-01-05 00:00:00-05:00,16.603950001338116,16.82845389992846,16.58524089707266,16.800390243530273,502900,0.0,0.0,0.0
2021-01-06 00:00:00-05:00,16.800390400129093,16.88457958591001,16.67878478966688,16.83780860900879,641100,0.0,0.0,0.0
2021-01-07 00:00:00-05:00,16.903288193220217,17.043602903995588,16.847162665749735,17.03424835205078,813100,0.0,0.0,0.0
2021-01-08 00:00:00-05:00,17.07166808095566,17.2681083367048,17.034249869842395,17.23069190979004,499900,0.0,0.0,0.0
2021-01-11 00:00:00-05:00,17.28681480968393,17.38035853902299,17.230689285759787,17.314878463745117,410600,0.0,0.0,0.0
2021-01-12 00:00:00-05:00,17.492612568137982,17.53938354390906,17.371005176415796,17.39906883239746,381600,0.0,0.0,0.0
2021-01-13 00:00:00-05:00,17.399067838813206,17.436484260453714,17.32423321133394,17.389713287353516,223800,0.0,0.0,0.0
2021-01-14 00:00:00-05:00,17.408425030864876,17.43648690530225,17.305526733398438,17.305526733398438,269200,0.0,0.0,0.0
2021-01-15 00:00:00-05:00,17.240044633394866,17.305524711697124,17.155855451521017,17.249399185180664,483200,0.0,0.0,0.0
2021-01-19 00:00:00-05:00,16.837807303510235,17.024894765006323,16.65071984201415,16.697492599487305,623200,0.0,0.0,0.0
2021-01-20 00:00:00-05:00,16.781682439775572,16.987477228168967,16.781682439775572,16.940706253051758,422000,0.0,0.0,0.0
2021-01-21 00:00:00-05:00,16.978121441641562,17.193270766252212,16.978121441641562,17.183917999267578,536800,0.0,0.0,0.0
2021-01-22 00:00:00-05:00,17.09973064282594,17.183919828233925,17.081021538468963,17.165210723876953,228800,0.0,0.0,0.0
2021-01-25 00:00:00-05:00,17.071667554564357,17.165211295264676,16.912643730633356,17.043603897094727,479200,0.0,0.0,0.0
2021-01-26 00:00:00-05:00,17.006187361084052,17.062312891461,16.931352725848633,16.987478256225586,306600,0.0,0.0,0.0
2021-01-27 00:00:00-05:00,16.472987442558612,16.55717661530272,16.183001721240863,16.229774475097656,774700,0.0,0.0,0.0
2021-01-28 00:00:00-05:00,15.724642830761676,15.855604785613762,15.528202574781314,15.743351936340332,753900,0.0,0.0,0.0
2021-01-29 00:00:00-05:00,16.12687796459921,16.12687796459921,15.743350262017893,15.827539443969727,641600,0.0,0.0,0.0
2021-02-01 00:00:00-05:00,15.90237434151722,15.949145317077637,15.724641422830608,15.949145317077637,629300,0.0,0.0,0.0
2021-02-02 00:00:00-05:00,16.313965600029963,16.35138202339466,16.126878130611473,16.267192840576172,505200,0.0,0.0,0.0
2021-02-03 00:00:00-05:00,16.660075418229447,16.791037363011164,16.5197607055761,16.744264602661133,394000,0.0,0.0,0.0
2021-02-04 00:00:00-05:00,16.688138047992673,16.725554469772934,16.622657971728522,16.697492599487305,304500,0.0,0.0,0.0
2021-02-05 00:00:00-05:00,16.7442665863925,16.865873993511315,16.697495604699775,16.762975692749023,266100,0.0,0.0,0.0
2021-02-08 00:00:00-05:00,16.37009132018773,16.538469687809968,16.154941976758582,16.34202766418457,394000,0.0,0.0,0.0
2021-02-09 00:00:00-05:00,16.435572125434113,16.60395050048828,16.416863020606222,16.60395050048828,253500,0.0,0.0,0.0
2021-02-10 00:00:00-05:00,16.753618883217577,16.753618883217577,16.594595069001397,16.650720596313477,255500,0.0,0.0,0.0
2021-02-11 00:00:00-05:00,16.809743845312873,16.809743845312873,16.650720036443765,16.772327423095703,234400,0.0,0.0,0.0
2021-02-12 00:00:00-05:00,16.791038621624047,16.856518706823934,16.697494878110557,16.847164154052734,326200,0.0,0.0,0.0
2021-02-16 00:00:00-05:00,16.940707442051988,16.940707442051988,16.67878532409668,16.67878532409668,568600,0.0,0.0,0.0
2021-02-17 00:00:00-05:00,16.791035927154116,16.950059730348826,16.72555406826364,16.912641525268555,432300,0.0,0.0,0.0
2021-02-18 00:00:00-05:00,17.04360394253528,17.052958495050095,16.921998328239567,17.0248966217041,505900,0.0,0.0,0.0
2021-02-19 00:00:00-05:00,17.249399942990667,17.258754495187432,17.024896042863475,17.202627182006836,428100,0.0,0.0,0.0
2021-02-22 00:00:00-05:00,17.0623120523076,17.109084812153398,16.931351893136075,17.015541076660156,203800,0.0,0.0,0.0
2021-02-23 00:00:00-05:00,16.83780681937355,16.968766968136364,16.650719363256783,16.893932342529297,268200,0.0,0.0,0.0
2021-02-24 00:00:00-05:00,16.781683079887646,16.893934138129932,16.62265926054574,16.83780860900879,279200,0.0,0.0,0.0
2021-02-25 00:00:00-05:00,16.893934574494786,16.893934574494786,16.276548385620117,16.276548385620117,263100,0.0,0.0,0.0
2021-02-26 00:00:00-05:00,16.35137976066115,16.519758102997624,16.276545140089173,16.463632583618164,331800,0.0,0.0,0.0
2021-03-01 00:00:00-05:00,16.71620401458498,16.912644270548146,16.660076697853924,16.884580612182617,183000,0.0,0.0,0.0
2021-03-02 00:00:00-05:00,16.837808339162823,16.884579315314483,16.744264602661133,16.744264602661133,310600,0.0,0.0,0.0
2021-03-03 00:00:00-05:00,16.69749099593036,16.744261964713562,16.463632583618164,16.463632583618164,209000,0.0,0.0,0.0
2021-03-04 00:00:00-05:00,16.435571250914535,16.46363490666314,16.173650934054283,16.248485565185547,427100,0.0,0.0,0.0
2021-03-05 00:00:00-05:00,16.650722365388912,16.650722365388912,16.295258275714584,16.557180404663086,345500,0.0,0.0,0.0
2021-03-08 00:00:00-05:00,16.510407112773517,16.557179875841083,16.370092391967773,16.370092391967773,244900,0.0,0.0,0.0
2021-03-09 00:00:00-05:00,16.407507813619,16.613302583541685,16.407507813619,16.416860580444336,187700,0.0,0.0,0.0
2021-03-10 00:00:00-05:00,16.463632583618164,16.55717630538266,16.398152513642444,16.463632583618164,172500,0.0,0.0,0.0
2021-03-11 00:00:00-05:00,16.744263883150815,16.828453063964844,16.585240073190796,16.828453063964844,172100,0.0,0.0,0.0
2021-03-12 00:00:00-05:00,16.669429744497666,16.744264375845646,16.60394966509298,16.63201332092285,262300,0.0,0.0,0.0
2021-03-15 00:00:00-04:00,16.781680860848237,16.781680860848237,16.61330251155105,16.706846237182617,107100,0.0,0.0,0.0
2021-03-16 00:00:00-04:00,16.772327343475357,16.80038921395545,16.68813816363853,16.753618240356445,109400,0.0,0.0,0.0
2021-03-17 00:00:00-04:00,16.69749378291934,16.81909939257179,16.603950045541403,16.78168296813965,110100,0.0,0.0,0.0
2021-03-18 00:00:00-04:00,16.78168353934748,16.819099965053187,16.603950610699638,16.660076141357422,232800,0.0,0.0,0.0
2021-03-19 00:00:00-04:00,16.725554506102238,16.837807340083366,16.66942898121081,16.734909057617188,133800,0.0,0.0,0.0
2021-03-22 00:00:00-04:00,16.772328415982017,16.837808496887057,16.72555565519385,16.78168296813965,164500,0.0,0.0,0.0
2021-03-23 00:00:00-04:00,16.650720011043674,16.716201872170828,16.42621612548828,16.42621612548828,422100,0.0,0.0,0.0
2021-03-24 00:00:00-04:00,16.472990418915757,16.472990418915757,16.276548385620117,16.276548385620117,267000,0.0,0.0,0.0
2021-03-25 00:00:00-04:00,16.248484014615688,16.435569682491355,16.19235670847463,16.416860580444336,257800,0.0,0.0,0.0
2021-03-26 00:00:00-04:00,16.519760594065204,16.688138961791992,16.463635066222395,16.688138961791992,85100,0.0,0.0,0.0
2021-03-29 00:00:00-04:00,16.725554506102238,16.753618160647086,16.68813808424071,16.734909057617188,244200,0.0,0.0,0.0
2021-03-30 00:00:00-04:00,16.734911010589983,16.781683773623136,16.678785479148672,16.716203689575195,76100,0.0,0.0,0.0
2021-03-31 00:00:00-04:00,16.678785054010728,16.978123592998944,16.65072139690617,16.931352615356445,201300,0.0,0.0,0.0
2021-04-01 00:00:00-04:00,17.090374620206337,17.36164947324863,17.090374620206337,17.352294921875,326100,0.0,0.0,0.0
2021-04-05 00:00:00-04:00,17.399068866676433,17.511319922427525,17.38971431466412,17.436485290527344,268400,0.0,0.0,0.0
2021-04-06 00:00:00-04:00,17.43648690530225,17.492614222574048,17.305526733398438,17.305526733398438,317300,0.0,0.0,0.0
2021-04-07 00:00:00-04:00,17.221337532829285,17.258755744324567,16.912644424787313,16.921998977661133,306300,0.0,0.0,0.0
2021-04-08 00:00:00-04:00,17.11843664761726,17.445838811913404,17.11843664761726,17.389713287353516,167100,0.0,0.0,0.0
2021-04-09 00:00:00-04:00,17.30552509665694,17.48325801614409,17.211981360916422,17.39906883239746,196500,0.0,0.0,0.0
2021-04-12 00:00:00-04:00,17.53938430443623,17.726471784029588,17.473904221838083,17.698408126831055,276400,0.0,0.0,0.0
2021-04-13 00:00:00-04:00,17.698407404175185,17.8200130120066,17.679698300140085,17.782596588134766,569000,0.0,0.0,0.0
2021-04-14 00:00:00-04:00,17.92291130000128,17.932265852018833,17.782596588134766,17.782596588134766,565200,0.0,0.0,0.0
2021-04-15 00:00:00-04:00,17.782596061851635,17.99774539929275,17.782596061851635,17.941619873046875,391300,0.0,0.0,0.0
2021-04-16 00:00:00-04:00,17.997746662452276,18.044519424438477,17.969683005260553,18.044519424438477,386200,0.0,0.0,0.0
2021-04-19 00:00:00-04:00,18.100646498002252,18.2877322093039,18.100646498002252,18.278379440307617,425000,0.0,0.0,0.0
2021-04-20 00:00:00-04:00,18.259666640257056,18.40933589270193,18.25031208895447,18.334501266479492,301300,0.0,0.0,0.0
2021-04-21 00:00:00-04:00,18.315792163874328,18.334501266479492,18.16612291142945,18.334501266479492,279100,0.0,0.0,0.0
2021-04-22 00:00:00-04:00,18.053870204253247,18.09128840972111,17.8948463994113,18.025808334350586,321300,0.0,0.0,0.0
2021-04-23 00:00:00-04:00,18.240959054897004,18.259668159058354,18.0725806858416,18.184833526611328,326900,0.0,0.0,0.0
2021-04-26 00:00:00-04:00,17.91355602343612,17.960328781632054,17.82001229124254,17.866785049438477,361900,0.0,0.0,0.0
2021-04-27 00:00:00-04:00,17.894848862262567,17.969683499299478,17.86678698849778,17.904203414916992,157400,0.0,0.0,0.0
2021-04-28 00:00:00-04:00,17.8200130120066,17.913556747983733,17.773242036117217,17.782596588134766,891300,0.0,0.0,0.0
2021-04-29 00:00:00-04:00,17.876139601077664,17.90420147179693,17.782595868884084,17.866785049438477,260100,0.0,0.0,0.0
2021-04-30 00:00:00-04:00,17.7732416497341,17.8200126246067,17.567446862416997,17.63292694091797,291300,0.0,0.0,0.0
2021-05-03 00:00:00-04:00,17.501968251917123,17.539386466126885,17.3148825334643,17.40842628479004,254600,0.0,0.0,0.0
2021-05-04 00:00:00-04:00,17.492611801706055,17.586153749149712,17.371004415312054,17.501964569091797,247000,0.0,0.0,0.0
2021-05-05 00:00:00-04:00,17.707762679230566,17.773242761828712,17.58615528223535,17.698408126831055,282300,0.0,0.0,0.0
2021-05-06 00:00:00-04:00,17.735824440973367,17.75453354565503,17.586155171916932,17.642282485961914,164200,0.0,0.0,0.0
2021-05-07 00:00:00-04:00,17.679698334128386,17.838722150335713,17.679698334128386,17.82001304626465,125800,0.0,0.0,0.0
2021-05-10 00:00:00-04:00,18.03516647342505,18.147417543762096,17.913559065661556,17.969684600830078,311600,0.0,0.0,0.0
2021-05-11 00:00:00-04:00,17.773243028099397,17.904203195257676,17.595510098242833,17.79195213317871,384800,0.0,0.0,0.0
2021-05-12 00:00:00-04:00,17.763887634206842,17.773242186303438,17.40842357552806,17.47390365600586,276000,0.0,0.0,0.0
2021-05-13 00:00:00-04:00,17.40842327086014,17.56744708532242,17.34294319152832,17.34294319152832,276800,0.0,0.0,0.0
2021-05-14 00:00:00-04:00,17.53938347650358,17.735823715025212,17.530028924545643,17.726470947265625,254300,0.0,0.0,0.0
2021-05-17 00:00:00-04:00,17.492612950622078,17.614218560804865,17.39906921283618,17.548738479614258,176400,0.0,0.0,0.0
2021-05-18 00:00:00-04:00,17.436484650410712,17.604863012054317,17.41777733127121,17.539382934570312,340000,0.0,0.0,0.0
2021-05-19 00:00:00-04:00,17.342942971471523,17.707761571233128,17.342942971471523,17.63292694091797,214800,0.0,0.0,0.0
2021-05-20 00:00:00-04:00,17.87614054980013,17.960329734822608,17.8013059169133,17.894847869873047,202300,0.0,0.0,0.0
2021-05-21 00:00:00-04:00,17.894846920157747,17.960328781632054,17.773241317244896,17.866785049438477,182300,0.0,0.0,0.0
2021-05-24 00:00:00-04:00,18.016455909708668,18.14741607590871,17.960330379079856,18.1380615234375,174400,0.0,0.0,0.0
2021-05-25 00:00:00-04:00,18.147413970756723,18.184832176300944,18.016453819748435,18.06322479248047,188200,0.0,0.0,0.0
2021-05-26 00:00:00-04:00,18.138061896433992,18.334503933972197,18.11000002264174,18.287731170654297,486000,0.0,0.0,0.0
2021-05-27 00:00:00-04:00,18.203542709350586,18.2690245806161,18.147417175321557,18.203542709350586,158700,0.0,0.0,0.0
2021-05-28 00:00:00-04:00,18.269021387441136,18.40933609008789,18.240957733232484,18.40933609008789,217900,0.0,0.0,0.0
2021-06-01 00:00:00-04:00,18.42804527282715,18.512234451620028,18.41869072138369,18.42804527282715,310500,0.0,0.0,0.0
2021-06-02 00:00:00-04:00,18.42804451626435,18.577713764818526,18.42804451626435,18.530941009521484,271600,0.0,0.0,0.0
2021-06-03 00:00:00-04:00,18.56836222924593,18.708676949527696,18.53094401893161,18.596424102783203,229300,0.0,0.0,0.0
2021-06-04 00:00:00-04:00,18.624487411032078,18.895764078125012,18.624487411032078,18.83028221130371,296200,0.0,0.0,0.0
2021-06-07 00:00:00-04:00,18.839635461488722,18.886408220270948,18.671257098269336,18.689966201782227,191900,0.0,0.0,0.0
2021-06-08 00:00:00-04:00,18.615130949101577,18.615130949101577,18.334501542590807,18.42804527282715,296300,0.0,0.0,0.0
2021-06-09 00:00:00-04:00,18.587071334403092,18.633842313097524,18.53094401893161,18.596424102783203,171500,0.0,0.0,0.0
2021-06-10 00:00:00-04:00,18.596420329858578,18.643193083262016,18.521585708611187,18.577713012695312,144300,0.0,0.0,0.0
2021-06-11 00:00:00-04:00,18.67125717733725,18.76480091109952,18.66190440973951,18.708675384521484,158100,0.0,0.0,0.0
2021-06-14 00:00:00-04:00,18.802221482247216,18.923827102488563,18.75544871738628,18.877056121826172,276300,0.0,0.0,0.0
2021-06-15 00:00:00-04:00,18.895763239690147,18.92382511145569,18.80221950400884,18.85834503173828,203100,0.0,0.0,0.0
2021-06-16 00:00:00-04:00,18.71802946582647,18.84898961928288,18.456107374715373,18.54029655456543,325300,0.0,0.0,0.0
2021-06-17 00:00:00-04:00,18.69932094661771,18.820928336508835,18.559006237218846,18.764801025390625,200500,0.0,0.0,0.0
2021-06-18 00:00:00-04:00,18.848989172569507,18.933178350424313,18.708674470877572,18.718029022216797,206200,0.0,0.0,0.0
2021-06-21 00:00:00-04:00,18.718030320315496,18.86769958372625,18.70867576832753,18.85834503173828,121000,0.0,0.0,0.0
2021-06-22 00:00:00-04:00,18.83963493519921,18.848989486694336,18.727383885654255,18.848989486694336,103800,0.0,0.0,0.0
2021-06-23 00:00:00-04:00,18.839636652671512,18.839636652671512,18.708676488197625,18.77415657043457,227900,0.0,0.0,0.0
2021-06-24 00:00:00-04:00,18.83963489879734,18.83963489879734,18.718029297992224,18.811573028564453,181500,0.0,0.0,0.0
2021-06-25 00:00:00-04:00,19.00801135289054,19.176389694213867,18.858342112647158,19.176389694213867,227700,0.0,0.0,0.0
2021-06-28 00:00:00-04:00,19.185748326685157,19.30735394118126,19.185748326685157,19.26993751525879,253400,0.0,0.0,0.0
2021-06-29 00:00:00-04:00,19.31670753247419,19.31670753247419,19.223163796025247,19.297998428344727,202900,0.0,0.0,0.0
2021-06-30 00:00:00-04:00,19.42895897278045,19.46637539414435,19.363478897244942,19.447668075561523,321100,0.0,0.0,0.0
2021-07-01 00:00:00-04:00,19.53185757471884,19.53185757471884,19.410251961932357,19.522504806518555,172500,0.0,0.0,0.0
2021-07-02 00:00:00-04:00,19.485086551845146,19.597339396171648,19.475731999468067,19.54121208190918,113400,0.0,0.0,0.0
2021-07-06 00:00:00-04:00,19.17639228719557,19.17639228719557,18.895762869842766,19.054786682128906,426500,0.0,0.0,0.0
2021-07-07 00:00:00-04:00,19.12962417593801,19.157686051354958,18.989307662058902,19.08285140991211,309200,0.0,0.0,0.0
2021-07-08 00:00:00-04:00,18.979953120327533,18.979953120327533,18.62448726852552,18.736740112304688,377900,0.0,0.0,0.0
2021-07-09 00:00:00-04:00,18.615132449364896,18.680612530548146,18.54029781598427,18.64319610595703,204200,0.0,0.0,0.0
2021-07-12 00:00:00-04:00,18.26902271113903,18.31579368734403,18.081935237922274,18.184833526611328,531600,0.0,0.0,0.0
2021-07-13 00:00:00-04:00,18.091292008593573,18.147417543762096,17.913559065661556,17.969684600830078,487300,0.0,0.0,0.0
2021-07-14 00:00:00-04:00,17.96033198397165,18.072583055259756,17.9135592174361,18.007102966308594,210300,0.0,0.0,0.0
2021-07-15 00:00:00-04:00,18.175477865559436,18.21289428740081,18.100643237678423,18.119352340698242,138300,0.0,0.0,0.0
2021-07-16 00:00:00-04:00,18.22224971378555,18.287729793300443,18.119353210632873,18.128705978393555,242900,0.0,0.0,0.0
2021-07-19 00:00:00-04:00,17.66098845783207,17.670343009458577,17.399068149083053,17.520673751831055,659700,0.0,0.0,0.0
2021-07-20 00:00:00-04:00,17.642280297819063,17.969680668149074,17.60486209309666,17.913555145263672,435100,0.0,0.0,0.0
2021-07-21 00:00:00-04:00,17.950976441504945,18.00710197405629,17.810661718027326,17.99774742126465,222000,0.0,0.0,0.0
2021-07-22 00:00:00-04:00,18.156768522142777,18.240957700419035,18.053870241094412,18.06322479248047,187200,0.0,0.0,0.0
2021-07-23 00:00:00-04:00,17.92291141349661,17.979036941758952,17.773242148664778,17.838722229003906,311500,0.0,0.0,0.0
2021-07-26 00:00:00-04:00,17.773241510110935,17.941619873046875,17.70776143212436,17.941619873046875,218000,0.0,0.0,0.0
2021-07-27 00:00:00-04:00,17.98839012888272,18.025808334350586,17.791949902771147,18.025808334350586,129900,0.0,0.0,0.0
2021-07-28 00:00:00-04:00,18.03516581752099,18.11000045642363,17.92291296706777,18.072582244873047,136300,0.0,0.0,0.0
2021-07-29 00:00:00-04:00,18.222251677560344,18.2316062305275,18.063227845515783,18.110000610351562,124700,0.0,0.0,0.0
2021-07-30 00:00:00-04:00,18.100645469978158,18.287731170654297,18.05387270666026,18.287731170654297,153700,0.0,0.0,0.0
2021-08-02 00:00:00-04:00,18.166123624346813,18.39062751182463,18.14741452100742,18.25031280517578,267500,0.0,0.0,0.0
2021-08-03 00:00:00-04:00,18.399980157305965,18.633838572226377,18.399980157305965,18.615129470825195,269500,0.0,0.0,0.0
2021-08-04 00:00:00-04:00,18.615134170810933,18.671259704987044,18.530944977447483,18.568363189697266,162500,0.0,0.0,0.0
2021-08-05 00:00:00-04:00,18.680613710667686,18.774157454352554,18.661906389289523,18.727386474609375,270800,0.0,0.0,0.0
2021-08-06 00:00:00-04:00,18.596421082739163,18.73673756443211,18.474815487363212,18.530941009521484,136500,0.0,0.0,0.0
2021-08-09 00:00:00-04:00,18.689965794449186,18.942533333773756,18.60577661467433,18.905115127563477,228700,0.0,0.0,0.0
2021-08-10 00:00:00-04:00,18.81157458966795,18.81157458966795,18.64319621750449,18.699321746826172,213800,0.0,0.0,0.0
2021-08-11 00:00:00-04:00,18.568361550528202,18.69932171344448,18.568361550528202,18.66190528869629,199400,0.0,0.0,0.0
2021-08-12 00:00:00-04:00,18.521591186523438,18.577718507207674,18.437401989695715,18.521591186523438,116500,0.0,0.0,0.0
2021-08-13 00:00:00-04:00,18.484173008352236,18.55900764465332,18.484173008352236,18.55900764465332,145800,0.0,0.0,0.0
2021-08-16 00:00:00-04:00,18.55900921898815,18.59642564821344,18.39063082697779,18.44675636291504,194200,0.0,0.0,0.0
2021-08-17 00:00:00-04:00,18.32514916133974,18.381274692449022,18.119354357806735,18.175479888916016,180300,0.0,0.0,0.0
2021-08-18 00:00:00-04:00,18.18483336913147,18.315793528730065,18.147415161132812,18.147415161132812,184900,0.0,0.0,0.0
2021-08-19 00:00:00-04:00,18.119354389764933,18.278378215020428,18.016456095717707,18.2128963470459,282500,0.0,0.0,0.0
2021-08-20 00:00:00-04:00,17.866787065685717,18.053872766987,17.801306981020343,17.92291259765625,361000,0.0,0.0,0.0
2021-08-23 00:00:00-04:00,17.829366596485826,18.119352340698242,17.829366596485826,18.119352340698242,307300,0.0,0.0,0.0
2021-08-24 00:00:00-04:00,18.01645477562979,18.091289406490418,17.969682016217938,18.03516387939453,187000,0.0,0.0,0.0
2021-08-25 00:00:00-04:00,18.128705144242307,18.212894323801493,18.053870516211724,18.156768798828125,199300,0.0,0.0,0.0
2021-08-26 00:00:00-04:00,18.081933697511403,18.156768323583222,17.93226444536776,17.98838996887207,192700,0.0,0.0,0.0
2021-08-27 00:00:00-04:00,18.1193541957988,18.559007456587675,18.109999643331147,18.484172821044922,337100,0.0,0.0,0.0
2021-08-30 00:00:00-04:00,18.55900391133394,18.643193083262016,18.446751087363797,18.577713012695312,207000,0.0,0.0,0.0
2021-08-31 00:00:00-04:00,18.57771364544648,18.57771364544648,18.428044397854013,18.474815368652344,165800,0.0,0.0,0.0
2021-09-01 00:00:00-04:00,18.4654621987286,18.68996608690848,18.4654621987286,18.633840560913086,236000,0.0,0.0,0.0
2021-09-02 00:00:00-04:00,18.699320832725427,18.727384488113604,18.633840754351333,18.708675384521484,195200,0.0,0.0,0.0
2021-09-03 00:00:00-04:00,18.81157231397107,18.91446880791337,18.76479955836258,18.895761489868164,273100,0.0,0.0,0.0
2021-09-07 00:00:00-04:00,18.858345724216896,18.877054828879828,18.643196373188452,18.736740112304688,183000,0.0,0.0,0.0
2021-09-08 00:00:00-04:00,18.6619048264323,18.6619048264323,18.456108250720504,18.493526458740234,330700,0.0,0.0,0.0
2021-09-09 00:00:00-04:00,18.587070843398077,18.774156537432127,18.540298081740747,18.736740112304688,159800,0.0,0.0,0.0
2021-09-10 00:00:00-04:00,18.736740112304688,18.858345724216896,18.699321902978824,18.736740112304688,151700,0.0,0.0,0.0
2021-09-13 00:00:00-04:00,18.73673957245138,18.73673957245138,18.42804649120093,18.549652099609375,140800,0.0,0.0,0.0
2021-09-14 00:00:00-04:00,18.540295441449278,18.596420963246914,18.437397164655142,18.474815368652344,183100,0.0,0.0,0.0
2021-09-15 00:00:00-04:00,18.54029655456543,18.680611259582765,18.474816477837226,18.54029655456543,161100,0.0,0.0,0.0
2021-09-16 00:00:00-04:00,18.549652256523615,18.61513233731271,18.46546307145238,18.58707046508789,100400,0.0,0.0,0.0
2021-09-17 00:00:00-04:00,18.652551386079292,18.671258707005713,18.484173008352236,18.55900764465332,143700,0.0,0.0,0.0
2021-09-20 00:00:00-04:00,18.24095881770362,18.297084345259478,18.063225898878663,18.128705978393555,264100,0.0,0.0,0.0
2021-09-21 00:00:00-04:00,18.109998098526933,18.31579288266536,18.109998098526933,18.25031280517578,124100,0.0,0.0,0.0
2021-09-22 00:00:00-04:00,18.40933935603281,18.68996881111194,18.353213821856695,18.568363189697266,204900,0.0,0.0,0.0
2021-09-23 00:00:00-04:00,18.643195563367506,18.643195563367506,18.343857038556923,18.45610809326172,748600,0.0,0.0,0.0
2021-09-24 00:00:00-04:00,18.409339646338534,18.409339646338534,18.287732238807614,18.3157958984375,138200,0.0,0.0,0.0
2021-09-27 00:00:00-04:00,18.12870843730639,18.147417543762096,17.941622725345116,17.969684600830078,315800,0.0,0.0,0.0
2021-09-28 00:00:00-04:00,18.035165601139557,18.091291133593522,17.87614177235456,17.960330963134766,214600,0.0,0.0,0.0
2021-09-29 00:00:00-04:00,17.941620517650183,18.063226126251656,17.810660356971923,17.838722229003906,379800,0.0,0.0,0.0
2021-09-30 00:00:00-04:00,17.932264604879162,18.147413933724668,17.932264604879162,18.025808334350586,178900,0.0,0.0,0.0
2021-10-01 00:00:00-04:00,17.894848862262567,17.969683499299478,17.838723330534506,17.904203414916992,153100,0.0,0.0,0.0
2021-10-04 00:00:00-04:00,17.941619678353682,18.044517962186447,17.866785049438477,17.866785049438477,134200,0.0,0.0,0.0
2021-10-05 00:00:00-04:00,17.960327307120863,18.147412971950327,17.960327307120863,18.053869247436523,159800,0.0,0.0,0.0
2021-10-06 00:00:00-04:00,17.941622725345116,17.99774826051364,17.904204512433704,17.969684600830078,125400,0.0,0.0,0.0
2021-10-07 00:00:00-04:00,18.063227074358192,18.278378215020428,18.063227074358192,18.2128963470459,240000,0.0,0.0,0.0
2021-10-08 00:00:00-04:00,18.315792163874328,18.362563136189014,18.269021191559638,18.334501266479492,209100,0.0,0.0,0.0
2021-10-11 00:00:00-04:00,18.559005182642565,18.568359733964048,18.343855854843156,18.371917724609375,99600,0.0,0.0,0.0
2021-10-12 00:00:00-04:00,18.42804599360924,18.47481696845765,18.297084052476702,18.343856811523438,115800,0.0,0.0,0.0
2021-10-13 00:00:00-04:00,18.29708306126916,18.399981341399346,18.27837574286222,18.334501266479492,90200,0.0,0.0,0.0
2021-10-14 00:00:00-04:00,18.29708590915108,18.39062965253846,18.29708590915108,18.362565994262695,87400,0.0,0.0,0.0
2021-10-15 00:00:00-04:00,18.409339462530067,18.428048568763188,18.194190093444867,18.2409610748291,344600,0.0,0.0,0.0
2021-10-18 00:00:00-04:00,18.203542165763693,18.39062965253846,18.203542165763693,18.362565994262695,200400,0.0,0.0,0.0
2021-10-19 00:00:00-04:00,18.521588093290006,18.5402971970602,18.399982487180406,18.43739891052246,76100,0.0,0.0,0.0
2021-10-20 00:00:00-04:00,18.390627935295306,18.446753462407557,18.343856960068155,18.43739891052246,195500,0.0,0.0,0.0
2021-10-21 00:00:00-04:00,18.32514564020396,18.353209292465465,18.278374670632907,18.30643653869629,32300,0.0,0.0,0.0
2021-10-22 00:00:00-04:00,18.31579220087871,18.428045032538268,18.30643764955723,18.371917724609375,98500,0.0,0.0,0.0
2021-10-25 00:00:00-04:00,18.334502408183056,18.446753462407557,18.334502408183056,18.43739891052246,249700,0.0,0.0,0.0
2021-10-26 00:00:00-04:00,18.52159100556424,18.59642564821344,18.44675636291504,18.44675636291504,190300,0.0,0.0,0.0
2021-10-27 00:00:00-04:00,18.783512192456516,18.848992278422386,18.708677553610016,18.802221298217773,324200,0.0,0.0,0.0
2021-10-28 00:00:00-04:00,18.90511429457686,19.01736712406341,18.89576152763466,18.933177947998047,296800,0.0,0.0,0.0
2021-10-29 00:00:00-04:00,18.94253451972302,19.008014600492295,18.886408991091983,18.98930549621582,269400,0.0,0.0,0.0
2021-11-01 00:00:00-04:00,18.9705975000834,19.082848553345194,18.94253384466879,19.054786682128906,177900,0.0,0.0,0.0
2021-11-02 00:00:00-04:00,19.082848394541244,19.082848394541244,19.00801376492337,19.01736831665039,164800,0.0,0.0,0.0
2021-11-03 00:00:00-04:00,18.877055207002638,18.91447163287956,18.727385935098035,18.886409759521484,161300,0.0,0.0,0.0
2021-11-04 00:00:00-04:00,18.895761489868164,18.97059611464356,18.830279632016275,18.895761489868164,243400,0.0,0.0,0.0
2021-11-05 00:00:00-04:00,19.03607670253155,19.1202658807029,19.03607670253155,19.1015567779541,123600,0.0,0.0,0.0
2021-11-08 00:00:00-05:00,19.185747527967298,19.344771345964038,19.148329319404116,19.335416793823242,351500,0.0,0.0,0.0
2021-11-09 00:00:00-05:00,19.316708337673834,19.316708337673834,19.176393619250714,19.232519149780273,167100,0.0,0.0,0.0
2021-11-10 00:00:00-05:00,19.17639278597955,19.410251234589058,19.17639278597955,19.260581970214844,310200,0.0,0.0,0.0
2021-11-11 00:00:00-05:00,19.344772151302188,19.344772151302188,19.23251930513786,19.26993751525879,169000,0.0,0.0,0.0
2021-11-12 00:00:00-05:00,19.344771379680218,19.428960564895718,19.269936746621813,19.372833251953125,141600,0.0,0.0,0.0
2021-11-15 00:00:00-05:00,19.38218605614261,19.494438887705975,19.372831504829144,19.410249710083008,193800,0.0,0.0,0.0
2021-11-16 00:00:00-05:00,19.42896163775729,19.438316190430946,19.344772447892886,19.400897979736328,207300,0.0,0.0,0.0
2021-11-17 00:00:00-05:00,19.447670093809705,19.55992115374889,19.428960989087035,19.503795623779297,205200,0.0,0.0,0.0
2021-11-18 00:00:00-05:00,19.503795623779297,19.531857496664877,19.457022861972614,19.503795623779297,196700,0.0,0.0,0.0
2021-11-19 00:00:00-05:00,19.344772040667003,19.344772040667003,19.18574821695945,19.21381187438965,159600,0.0,0.0,0.0
2021-11-22 00:00:00-05:00,19.167036536496564,19.176391087716308,18.970596313476562,18.970596313476562,192600,0.0,0.0,0.0
2021-11-23 00:00:00-05:00,19.15768451434138,19.24187370223494,19.15768451434138,19.232519149780273,205400,0.0,0.0,0.0
2021-11-24 00:00:00-05:00,19.316704910931602,19.410248634685374,19.316704910931602,19.382184982299805,142300,0.0,0.0,0.0
2021-11-26 00:00:00-05:00,19.18574662103902,19.45702148350511,19.18574662103902,19.344770431518555,236400,0.0,0.0,0.0
2021-11-29 00:00:00-05:00,19.344771345964038,19.569275244747956,19.27929126517686,19.335416793823242,304300,0.0,0.0,0.0
2021-11-30 00:00:00-05:00,19.33541508377351,19.485084336392507,19.33541508377351,19.410249710083008,322300,0.0,0.0,0.0
2021-12-01 00:00:00-05:00,19.531856343530965,19.62540007742321,19.410250738409875,19.457021713256836,195600,0.0,0.0,0.0
2021-12-02 00:00:00-05:00,19.457019604463195,19.50379235843915,19.344768563317174,19.382184982299805,296800,0.0,0.0,0.0
2021-12-03 00:00:00-05:00,19.17639228719557,19.223163262021593,18.9705975000834,19.054786682128906,251000,0.0,0.0,0.0
2021-12-06 00:00:00-05:00,18.708674470877572,18.75544544337547,18.58706887186409,18.718029022216797,502800,0.0,0.0,0.0
2021-12-07 00:00:00-05:00,19.064139755391725,19.232518122182352,19.008014227860965,19.185747146606445,339700,0.0,0.0,0.0
2021-12-08 00:00:00-05:00,19.22316312240222,19.363479614257812,19.22316312240222,19.363479614257812,204800,0.0,0.0,0.0
2021-12-09 00:00:00-05:00,19.447670093809705,19.531857496664877,19.43831554144837,19.503795623779297,293600,0.0,0.0,0.0
2021-12-10 00:00:00-05:00,19.42895961260762,19.438314164306217,19.297997673025574,19.344770431518555,133400,0.0,0.0,0.0
2021-12-13 00:00:00-05:00,19.494439690299494,19.494439690299494,19.288644905525278,19.344770431518555,275600,0.0,0.0,0.0
2021-12-14 00:00:00-05:00,19.2979986634902,19.438315161972554,19.269936791152446,19.3541259765625,56800,0.0,0.0,0.0
2021-12-15 00:00:00-05:00,19.344772447892886,19.457023511579767,19.316708789871925,19.400897979736328,117000,0.0,0.0,0.0
2021-12-16 00:00:00-05:00,19.44766966920992,19.457022437168625,19.279291298778915,19.372833251953125,168500,0.0,0.0,0.0
2021-12-17 00:00:00-05:00,19.382188038819006,19.50379543413551,19.382188038819006,19.4289608001709,160600,0.0,0.0,0.0
2021-12-20 00:00:00-05:00,19.28136375923934,19.403575415951416,19.28136375923934,19.3659725189209,178300,0.103,0.0,0.0
2021-12-21 00:00:00-05:00,19.516387590751272,19.6856051092259,19.516387590751272,19.62919807434082,217000,0.0,0.0,0.0
2021-12-22 00:00:00-05:00,19.629197692976124,19.732608795166016,19.60099596917181,19.732608795166016,169200,0.0,0.0,0.0
2021-12-23 00:00:00-05:00,19.488184957299687,19.488184957299687,19.403576194224488,19.422378540039062,165400,0.0,0.0,0.0
2021-12-27 00:00:00-05:00,19.525788678695708,19.78901433465856,19.44117991982471,19.75141143798828,350500,0.0,0.0,0.0
2021-12-28 00:00:00-05:00,19.75141191869872,19.836020679628934,19.74201074602977,19.78901481628418,107700,0.0,0.0,0.0
2021-12-29 00:00:00-05:00,19.760812610428424,19.760812610428424,19.695006196437713,19.75141143798828,100800,0.0,0.0,0.0
2021-12-30 00:00:00-05:00,19.751411009884766,20.033439004615065,19.751411009884766,19.986434936523438,305400,0.0,0.0,0.0
2021-12-31 00:00:00-05:00,19.995837720031588,20.089847656880462,19.92063012917057,19.967634201049805,126000,0.0,0.0,0.0
2022-01-03 00:00:00-05:00,20.00523933848647,20.071045757818887,19.977035818876672,19.995838165283203,360600,0.0,0.0,0.0
2022-01-04 00:00:00-05:00,20.249664158291527,20.362474648855088,20.23086181216746,20.240262985229492,422200,0.0,0.0,0.0
2022-01-05 00:00:00-05:00,20.259062943209997,20.306068807139496,20.165054801531728,20.20265769958496,315600,0.0,0.0,0.0
2022-01-06 00:00:00-05:00,20.20265823744237,20.21205941047856,19.948831944736522,20.1086483001709,227800,0.0,0.0,0.0
2022-01-07 00:00:00-05:00,20.11804962158203,20.193257213335798,20.108648448476508,20.11804962158203,160300,0.0,0.0,0.0
2022-01-10 00:00:00-05:00,19.986437979016998,19.986437979016998,19.77021636393612,19.93003273010254,427500,0.0,0.0,0.0
2022-01-11 00:00:00-05:00,19.77021441256693,19.807817310434892,19.657402132782323,19.798416137695312,226800,0.0,0.0,0.0
2022-01-12 00:00:00-05:00,19.986436455916046,19.986436455916046,19.789015410124446,19.82662010192871,140200,0.0,0.0,0.0
2022-01-13 00:00:00-05:00,19.63859914797558,19.63859914797558,19.431778733708857,19.488183975219727,297800,0.0,0.0,0.0
2022-01-14 00:00:00-05:00,19.4881841241255,19.544591159157665,19.412976537172923,19.49758529663086,164700,0.0,0.0,0.0
2022-01-18 00:00:00-05:00,18.80191370643191,18.820716050479998,18.501083374023438,18.501083374023438,569000,0.0,0.0,0.0
2022-01-19 00:00:00-05:00,18.538687199065713,18.689102372815878,18.538687199065713,18.566890716552734,495700,0.0,0.0,0.0
2022-01-20 00:00:00-05:00,18.736108482324212,18.87712248543793,18.69850379184571,18.71730613708496,336700,0.0,0.0,0.0
2022-01-21 00:00:00-05:00,18.651500701904297,18.726708293722844,18.595095456312993,18.651500701904297,497500,0.0,0.0,0.0
2022-01-24 00:00:00-05:00,18.162650345009506,18.162650345009506,17.720805969973668,17.974632263183594,682200,0.0,0.0,0.0
2022-01-25 00:00:00-05:00,18.172050572887784,18.388272162632017,18.14384705519015,18.313064575195312,435000,0.0,0.0,0.0
2022-01-26 00:00:00-05:00,18.388272064666506,18.388272064666506,18.14384695852684,18.17205047607422,187800,0.0,0.0,0.0
2022-01-27 00:00:00-05:00,18.17205107042565,18.284863351214586,18.153248724779097,18.20965576171875,238800,0.0,0.0,0.0
2022-01-28 00:00:00-05:00,18.23785675469742,18.44467896232312,18.2096550304505,18.42587661743164,202000,0.0,0.0,0.0
2022-01-31 00:00:00-05:00,18.360070595134207,18.623296256869963,18.360070595134207,18.585693359375,123000,0.0,0.0,0.0
2022-02-01 00:00:00-05:00,18.63269820745433,18.670302899609673,18.463480678936108,18.642099380493164,123900,0.0,0.0,0.0
2022-02-02 00:00:00-05:00,18.707904666732706,18.78311225340246,18.60449535574323,18.698503494262695,112100,0.0,0.0,0.0
2022-02-03 00:00:00-05:00,18.62329610772873,18.63269728029977,18.529286175108677,18.576292037963867,243900,0.0,0.0,0.0
2022-02-04 00:00:00-05:00,18.604494958203205,18.604494958203205,18.49168268406398,18.538686752319336,108100,0.0,0.0,0.0
2022-02-07 00:00:00-05:00,18.604497169422693,18.604497169422693,18.51048722864826,18.557491302490234,165100,0.0,0.0,0.0
2022-02-08 00:00:00-05:00,18.491685571961966,18.501086745699297,18.378873280204537,18.472883224487305,208100,0.0,0.0,0.0
2022-02-09 00:00:00-05:00,18.783114219399856,18.830120086669922,18.6797048975867,18.830120086669922,420200,0.0,0.0,0.0
2022-02-10 00:00:00-05:00,18.670303492800166,18.78311398666957,18.58569472585288,18.679704666137695,168400,0.0,0.0,0.0
2022-02-11 00:00:00-05:00,18.613896912586714,18.660902780435528,18.425878820463016,18.44468116760254,283300,0.0,0.0,0.0
2022-02-14 00:00:00-05:00,18.331867755454695,18.350670101443015,18.17205140073481,18.237857818603516,252500,0.0,0.0,0.0
2022-02-15 00:00:00-05:00,18.444681496365856,18.548090821295407,18.41647797515386,18.472883224487305,102200,0.0,0.0,0.0
2022-02-16 00:00:00-05:00,18.472879665683564,18.66089951802704,18.444677942995185,18.623294830322266,59800,0.0,0.0,0.0
2022-02-17 00:00:00-05:00,18.65150040500998,18.7549115145233,18.576292814388587,18.63269805908203,281700,0.0,0.0,0.0
2022-02-18 00:00:00-05:00,18.61389538190357,18.707905316779925,18.604496002197266,18.604496002197266,114800,0.0,0.0,0.0
2022-02-22 00:00:00-05:00,18.416474022870144,18.519885118697616,18.294260583603105,18.463478088378906,286900,0.0,0.0,0.0
2022-02-23 00:00:00-05:00,18.689101435233624,18.689101435233624,18.463478685927267,18.501083374023438,222600,0.0,0.0,0.0
2022-02-24 00:00:00-05:00,17.96523044744614,18.350669563454666,17.890022858788143,18.331867218017578,423100,0.0,0.0,0.0
2022-02-25 00:00:00-05:00,18.38827368333908,18.444680723399202,18.341269609712782,18.41647720336914,219100,0.0,0.0,0.0
2022-02-28 00:00:00-05:00,18.313065021044434,18.369472057812988,18.24725860457149,18.34126853942871,193900,0.0,0.0,0.0
2022-03-01 00:00:00-05:00,18.388273448559183,18.425878141452465,18.247259436390273,18.266061782836914,142500,0.0,0.0,0.0
2022-03-02 00:00:00-05:00,18.24725908133991,18.41647660988619,18.237857908299514,18.37887191772461,176800,0.0,0.0,0.0
2022-03-03 00:00:00-05:00,18.689104143720154,18.689104143720154,18.53868895571725,18.557491302490234,134200,0.0,0.0,0.0
2022-03-04 00:00:00-05:00,18.36946995736138,18.501082775258045,18.36946995736138,18.463478088378906,134400,0.0,0.0,0.0
2022-03-07 00:00:00-05:00,18.331867513421084,18.331867513421084,18.068640052331215,18.08744239807129,221100,0.0,0.0,0.0
2022-03-08 00:00:00-05:00,17.946426619578762,17.965228963462717,17.805412626629504,17.833614349365234,232500,0.0,0.0,0.0
2022-03-09 00:00:00-05:00,17.86181997961571,18.021636335367468,17.86181997961571,17.974632263183594,170200,0.0,0.0,0.0
2022-03-10 00:00:00-05:00,18.049837717850313,18.049837717850313,17.796011454687527,17.833614349365234,184500,0.0,0.0,0.0
2022-03-11 00:00:00-05:00,17.767809711873532,17.767809711873532,17.41997528076172,17.41997528076172,258500,0.0,0.0,0.0
2022-03-14 00:00:00-04:00,17.27895884462812,17.27895884462812,17.053336083081817,17.109743118286133,292200,0.0,0.0,0.0
2022-03-15 00:00:00-04:00,17.15674601755445,17.34476586922948,17.109741951180787,17.297760009765625,293000,0.0,0.0,0.0
2022-03-16 00:00:00-04:00,17.3447688376326,17.664401564328337,17.3447688376326,17.636198043823242,331100,0.0,0.0,0.0
2022-03-17 00:00:00-04:00,17.57038977326044,17.57038977326044,17.44817632369084,17.50458335876465,252600,0.0,0.0,0.0
2022-03-18 00:00:00-04:00,17.598590769961767,17.730205386601078,17.485780290659772,17.72080421447754,151400,0.0,0.0,0.0
2022-03-21 00:00:00-04:00,18.049836962564214,18.087439855668446,17.84301477467548,18.040435791015625,183500,0.0,0.0,0.0
2022-03-22 00:00:00-04:00,18.07803976651018,18.16264852242316,17.984029838485725,18.115644454956055,148600,0.0,0.0,0.0
2022-03-23 00:00:00-04:00,18.143845428594737,18.190851287210055,18.059236676177328,18.06863784790039,104700,0.0,0.0,0.0
2022-03-24 00:00:00-04:00,18.1250485229416,18.1250485229416,18.00283505905646,18.049840927124023,112500,0.0,0.0,0.0
2022-03-25 00:00:00-04:00,18.049838273877636,18.049838273877636,17.946427172420496,18.002832412719727,102300,0.0,0.0,0.0
2022-03-28 00:00:00-04:00,17.814816985226354,17.871222233877596,17.655000619805723,17.78661346435547,225600,0.0,0.0,0.0
2022-03-29 00:00:00-04:00,17.927626249863568,17.99343266761373,17.8618198321134,17.96523094177246,115100,0.0,0.0,0.0
2022-03-30 00:00:00-04:00,17.871221394129144,17.89942491367478,17.75840910903705,17.861820220947266,222800,0.0,0.0,0.0
2022-03-31 00:00:00-04:00,17.918225677936015,17.918225677936015,17.70200407147813,17.739608764648438,82800,0.0,0.0,0.0
2022-04-01 00:00:00-04:00,18.00283110482126,18.078038684119857,17.937024697071255,18.040435791015625,135800,0.0,0.0,0.0
2022-04-04 00:00:00-04:00,18.190854484992634,18.303664979320104,18.134449237828903,18.28486442565918,203700,0.0,0.0,0.0
2022-04-05 00:00:00-04:00,18.266059622559084,18.275460794670554,18.06863859439871,18.115644454956055,150700,0.0,0.0,0.0
2022-04-06 00:00:00-04:00,17.984030749741272,18.11564537288055,17.88062143745581,17.918224334716797,189000,0.0,0.0,0.0
2022-04-07 00:00:00-04:00,17.824213475889298,17.96522926429007,17.786610580581932,17.8524169921875,101700,0.0,0.0,0.0
2022-04-08 00:00:00-04:00,17.749004851386143,17.749004851386143,17.636194378988993,17.64559555053711,146000,0.0,0.0,0.0
2022-04-11 00:00:00-04:00,17.523384836249683,17.654999465283208,17.523384836249683,17.570390701293945,253300,0.0,0.0,0.0
2022-04-12 00:00:00-04:00,17.50458437599824,17.560989621259576,17.438776164587857,17.448177337646484,92300,0.0,0.0,0.0
2022-04-13 00:00:00-04:00,17.617395548989297,17.645599069257734,17.363569245844847,17.62679672241211,115300,0.0,0.0,0.0
2022-04-14 00:00:00-04:00,17.598592336185554,17.598592336185554,17.42937660217285,17.42937660217285,100500,0.0,0.0,0.0
2022-04-18 00:00:00-04:00,17.22255468713168,17.2977622790501,16.921724319458008,16.921724319458008,197200,0.0,0.0,0.0
2022-04-19 00:00:00-04:00,16.73370426529705,16.73370426529705,16.62089377516341,16.63969612121582,326700,0.0,0.0,0.0
2022-04-20 00:00:00-04:00,16.61149383722083,16.61149383722083,16.451677470073637,16.461078643798828,229700,0.0,0.0,0.0
2022-04-21 00:00:00-04:00,16.451675467278424,16.479878985020562,16.31066146474839,16.3200626373291,315600,0.0,0.0,0.0
2022-04-22 00:00:00-04:00,16.423472489327615,16.442274835107018,16.22605323791504,16.22605323791504,184800,0.0,0.0,0.0
2022-04-25 00:00:00-04:00,15.605588912963867,15.624391257226423,15.473974296216213,15.605588912963867,487300,0.0,0.0,0.0
2022-04-26 00:00:00-04:00,15.84061441196795,15.887618484207598,15.699600402158588,15.718400955200195,232600,0.0,0.0,0.0
2022-04-27 00:00:00-04:00,15.897019061845123,16.02863189365887,15.897019061845123,15.944023132324219,237300,0.0,0.0,0.0
2022-04-28 00:00:00-04:00,15.934623928969796,15.944023308697309,15.812410475427662,15.887618064880371,340100,0.0,0.0,0.0
2022-04-29 00:00:00-04:00,16.038032347759682,16.150844622181243,16.000429451679345,16.01923179626465,282200,0.0,0.0,0.0
2022-05-02 00:00:00-04:00,16.028631953637472,16.094440162880947,16.000430228480628,16.075637817382812,222400,0.0,0.0,0.0
2022-05-03 00:00:00-04:00,16.113240365003257,16.197849124815203,16.10383919245856,16.188447952270508,237700,0.0,0.0,0.0
2022-05-04 00:00:00-04:00,16.009830807627083,16.07563722134027,15.878216187110414,16.03803253173828,314200,0.0,0.0,0.0
2022-05-05 00:00:00-04:00,15.981628477460706,16.028632549864128,15.812410947863713,15.850015640258789,269700,0.0,0.0,0.0
2022-05-06 00:00:00-04:00,15.699599141183228,15.727800865025715,15.586786866542448,15.624391555786133,233800,0.0,0.0,0.0
2022-05-09 00:00:00-04:00,15.032130678024544,15.07913654091187,14.787705570281423,14.797106742858887,517700,0.0,0.0,0.0
2022-05-10 00:00:00-04:00,15.182545512881948,15.220150202349185,15.050932685927185,15.173144340515137,327400,0.0,0.0,0.0
2022-05-11 00:00:00-04:00,15.097938028676419,15.248353213057246,15.097938028676419,15.126141548156738,243800,0.0,0.0,0.0
2022-05-12 00:00:00-04:00,14.533881614599766,14.533881614599766,14.336461453800377,14.364664077758789,694000,0.0,0.0,0.0
2022-05-13 00:00:00-04:00,14.148441792147063,14.33646077048371,14.148441792147063,14.317658424377441,492000,0.0,0.0,0.0
2022-05-16 00:00:00-04:00,14.139039870372118,14.157842215482724,14.045029937909414,14.06383228302002,347400,0.0,0.0,0.0
2022-05-17 00:00:00-04:00,14.627889849181674,14.731300055989507,14.627889849181674,14.71249771118164,442600,0.0,0.0,0.0
2022-05-18 00:00:00-04:00,14.693697003171444,14.778305765979056,14.47747450971364,14.49627685546875,141100,0.0,0.0,0.0
2022-05-19 00:00:00-04:00,14.590287326135552,14.703098715167087,14.580886152913285,14.665494918823242,170400,0.0,0.0,0.0
2022-05-20 00:00:00-04:00,14.759503240981163,14.759503240981163,14.468074057677676,14.552681922912598,140600,0.0,0.0,0.0
2022-05-23 00:00:00-04:00,14.46807372191492,14.496276343005391,14.374063789553134,14.392866134643555,224800,0.0,0.0,0.0
2022-05-24 00:00:00-04:00,14.4680748895621,14.552682759661801,14.449272542954235,14.4774751663208,244700,0.0,0.0,0.0
2022-05-25 00:00:00-04:00,14.787707090190654,14.787707090190654,14.674895697301585,14.768905639648438,323800,0.0,0.0,0.0
2022-05-26 00:00:00-04:00,14.815909088013818,14.815909088013818,14.750101776516724,14.797106742858887,279900,0.0,0.0,0.0
2022-05-27 00:00:00-04:00,14.956924290397094,14.956924290397094,14.919320493615674,14.94752311706543,149400,0.0,0.0,0.0
2022-05-31 00:00:00-04:00,15.163744776217047,15.191948296308373,15.003929311759059,15.079137802124023,317300,0.0,0.0,0.0
2022-06-01 00:00:00-04:00,15.229552211197305,15.229552211197305,15.060334685481052,15.09793758392334,159900,0.0,0.0,0.0
2022-06-02 00:00:00-04:00,15.050933986122816,15.060335159301758,14.966325220602771,15.060335159301758,225600,0.0,0.0,0.0
2022-06-03 00:00:00-04:00,14.985126704485737,14.985126704485737,14.853513865862183,14.8629150390625,174500,0.0,0.0,0.0
2022-06-06 00:00:00-04:00,15.022730350842497,15.022730350842497,14.853513717651367,14.853513717651367,146200,0.0,0.0,0.0
2022-06-07 00:00:00-04:00,14.891117870165917,14.94752311706543,14.853514073384499,14.94752311706543,172300,0.0,0.0,0.0
2022-06-08 00:00:00-04:00,15.079136669223804,15.088536048790925,14.985125839194353,15.003928184509277,222900,0.0,0.0,0.0
2022-06-09 00:00:00-04:00,15.107338001554133,15.107338001554133,14.966324001537016,14.975725173950195,138700,0.0,0.0,0.0
2022-06-10 00:00:00-04:00,14.85351260760521,14.85351260760521,14.693696262918918,14.71249771118164,217000,0.0,0.0,0.0
2022-06-13 00:00:00-04:00,14.308257238642723,14.308257238642723,14.035629513242576,14.054430961608887,468200,0.0,0.0,0.0
2022-06-14 00:00:00-04:00,14.195446281831511,14.289455319554824,14.110837520298904,14.148441314697266,115300,0.0,0.0,0.0
2022-06-15 00:00:00-04:00,14.007427332112318,14.139041069412379,13.904017114869923,14.082634925842285,275100,0.0,0.0,0.0
2022-06-16 00:00:00-04:00,14.054431136511067,14.054431136511067,13.875813340355098,13.998025894165039,403600,0.0,0.0,0.0
2022-06-17 00:00:00-04:00,13.913417103077377,13.960422069291031,13.838209515753594,13.932218551635742,117400,0.0,0.0,0.0
2022-06-21 00:00:00-04:00,13.76300197528889,13.81000604511742,13.640789421335352,13.668992042541504,351000,0.0,0.0,0.0
2022-06-22 00:00:00-04:00,13.631388933272694,13.640790106328561,13.443369954881424,13.584383964538574,189300,0.0,0.0,0.0
2022-06-23 00:00:00-04:00,13.706595396806502,13.819406774558782,13.631387811638316,13.772401809692383,270400,0.0,0.0,0.0
2022-06-24 00:00:00-04:00,13.810006558508741,13.941620289938832,13.772402763320887,13.904016494750977,175700,0.0,0.0,0.0
2022-06-27 00:00:00-04:00,14.10143694438894,14.10143694438894,13.913417964439464,13.922819137573242,292100,0.0,0.0,0.0
2022-06-28 00:00:00-04:00,14.092034898835072,14.092034898835072,13.875813309415484,13.932218551635742,109800,0.0,0.0,0.0
2022-06-29 00:00:00-04:00,13.960422514773914,13.960422514773914,13.791204989623019,13.828808784484863,115100,0.0,0.0,0.0
2022-06-30 00:00:00-04:00,13.650191550653423,13.650191550653423,13.48097401846583,13.537379264831543,238700,0.0,0.0,0.0
2022-07-01 00:00:00-04:00,13.527978157072468,13.631388366753647,13.48097319029187,13.61258602142334,325200,0.0,0.0,0.0
2022-07-05 00:00:00-04:00,13.330558509218484,13.424567549728062,13.16134098113796,13.245949745178223,986600,0.0,0.0,0.0
2022-07-06 00:00:00-04:00,13.133138268643703,13.133138268643703,12.935718119417663,12.973321914672852,375900,0.0,0.0,0.0
2022-07-07 00:00:00-04:00,13.236548543172184,13.32115730702713,13.236548543172184,13.311756134033203,219900,0.0,0.0,0.0
2022-07-08 00:00:00-04:00,13.311756784465866,13.471573146990703,13.245950363383374,13.424568176269531,203000,0.0,0.0,0.0
2022-07-11 00:00:00-04:00,13.42456781925246,13.42456781925246,13.311756430448936,13.330558776855469,95800,0.0,0.0,0.0
2022-07-12 00:00:00-04:00,13.452770622151329,13.518577037977838,13.405765655184462,13.480973243713379,112600,0.0,0.0,0.0
2022-07-13 00:00:00-04:00,13.37756228280469,13.471572217762512,13.311755866261324,13.358760833740234,209900,0.0,0.0,0.0
2022-07-14 00:00:00-04:00,13.405765655184462,13.480973243713379,13.396364482482054,13.480973243713379,204700,0.0,0.0,0.0
2022-07-15 00:00:00-04:00,13.41516615223411,13.574981597400098,13.41516615223411,13.565581321716309,179200,0.0,0.0,0.0
2022-07-18 00:00:00-04:00,13.537378514054717,13.556180859497337,13.396364509415779,13.415166854858398,316200,0.0,0.0,0.0
2022-07-19 00:00:00-04:00,13.556180422302686,13.650190353393555,13.556180422302686,13.650190353393555,78800,0.0,0.0,0.0
2022-07-20 00:00:00-04:00,13.753601731508097,13.763002904726743,13.678394138849361,13.7347993850708,177600,0.0,0.0,0.0
2022-07-21 00:00:00-04:00,13.810005751710474,13.819406924094508,13.70659554512153,13.781803131103516,74500,0.0,0.0,0.0
2022-07-22 00:00:00-04:00,13.72539859985848,13.734798876183614,13.60318604217982,13.631388664245605,135000,0.0,0.0,0.0
2022-07-25 00:00:00-04:00,13.715998353786038,13.744200977757492,13.65959220929788,13.697196006774902,98100,0.0,0.0,0.0
2022-07-26 00:00:00-04:00,13.603185799209163,13.603185799209163,13.471572071010971,13.480973243713379,133400,0.0,0.0,0.0
2022-07-27 00:00:00-04:00,13.546780403423965,13.753601731508097,13.546780403423965,13.7347993850708,56700,0.0,0.0,0.0
2022-07-28 00:00:00-04:00,13.838210224983817,13.932219265684079,13.763002633805526,13.91341781616211,134900,0.0,0.0,0.0
2022-07-29 00:00:00-04:00,13.828808071769165,13.866411864692967,13.763001658288797,13.847609519958496,107000,0.0,0.0,0.0
2022-08-01 00:00:00-04:00,14.045029912122938,14.139039844413041,13.951020876377994,14.129638671875,503300,0.0,0.0,0.0
2022-08-02 00:00:00-04:00,14.176643130291644,14.233049266954584,14.120237890173831,14.157841682434082,147000,0.0,0.0,0.0
2022-08-03 00:00:00-04:00,14.242450742233476,14.317658333088614,14.148441701937156,14.308258056640625,183300,0.0,0.0,0.0
2022-08-04 00:00:00-04:00,14.289456245087267,14.355263561955642,14.204847478074525,14.34586238861084,304600,0.0,0.0,0.0
2022-08-05 00:00:00-04:00,14.298856854792238,14.383465618469828,14.289455681818016,14.374064445495605,139700,0.0,0.0,0.0
2022-08-08 00:00:00-04:00,14.458673180261432,14.468074353216853,14.374064416753026,14.439870834350586,462900,0.0,0.0,0.0
2022-08-09 00:00:00-04:00,14.524479477556223,14.524479477556223,14.439870714748611,14.49627685546875,118600,0.0,0.0,0.0
2022-08-10 00:00:00-04:00,14.59968733670261,14.59968733670261,14.50567829582912,14.580885887145996,137300,0.0,0.0,0.0
2022-08-11 00:00:00-04:00,14.515078453308503,14.590286940553861,14.449272035582164,14.505678176879883,249600,0.0,0.0,0.0
2022-08-12 00:00:00-04:00,14.627890145104082,14.759502975241102,14.599686627321724,14.731300354003906,78000,0.0,0.0,0.0
2022-08-15 00:00:00-04:00,14.759504466104701,14.815910610821863,14.731301842018746,14.768905639648438,115200,0.0,0.0,0.0
2022-08-16 00:00:00-04:00,14.768904296936958,14.77830546962599,14.684295535826028,14.740701675415039,84100,0.0,0.0,0.0
2022-08-17 00:00:00-04:00,14.806507915436352,14.853512881778517,14.740701500484422,14.797106742858887,131800,0.0,0.0,0.0
2022-08-18 00:00:00-04:00,14.684295951209206,14.74070209239381,14.646692155934536,14.70309829711914,293600,0.0,0.0,0.0
2022-08-19 00:00:00-04:00,14.590286223390395,14.590286223390395,14.449271325350072,14.524478912353516,151100,0.0,0.0,0.0
2022-08-22 00:00:00-04:00,14.383466424761231,14.392867598262452,14.336461453800377,14.364664077758789,76400,0.0,0.0,0.0
2022-08-23 00:00:00-04:00,14.505677760904058,14.59028652215173,14.43987044851966,14.543281555175781,222800,0.0,0.0,0.0
2022-08-24 00:00:00-04:00,14.63729139915644,14.69369754194482,14.580886152913285,14.665494918823242,73700,0.0,0.0,0.0
2022-08-25 00:00:00-04:00,14.703098240150304,14.853513420666184,14.703098240150304,14.834711074829102,389700,0.0,0.0,0.0
2022-08-26 00:00:00-04:00,14.731300675211699,14.731300675211699,14.383465350551392,14.421069145202637,452300,0.0,0.0,0.0
2022-08-29 00:00:00-04:00,14.345861137163656,14.421068724270937,14.308257343610016,14.327058792114258,359700,0.0,0.0,0.0
2022-08-30 00:00:00-04:00,14.298856196880756,14.345861163043892,14.223648609637799,14.261252403259277,89600,0.0,0.0,0.0
2022-08-31 00:00:00-04:00,14.439870445352817,14.458672790757143,14.355262580668875,14.411667823791504,259000,0.0,0.0,0.0
2022-09-01 00:00:00-04:00,14.336459964638957,14.336459964638957,14.233049756502735,14.327058792114258,101800,0.0,0.0,0.0
2022-09-02 00:00:00-04:00,14.383464956665371,14.39286612920703,14.261252403259277,14.261252403259277,41900,0.0,0.0,0.0
2022-09-06 00:00:00-04:00,14.251851525156463,14.251851525156463,14.12023869303479,14.148441314697266,401700,0.0,0.0,0.0
2022-09-07 00:00:00-04:00,13.96982318020098,14.03563049545112,13.866412965586777,13.988625526428223,135900,0.0,0.0,0.0
2022-09-08 00:00:00-04:00,13.960421654204538,14.035629239292167,13.941619309660064,13.96982192993164,88900,0.0,0.0,0.0
2022-09-09 00:00:00-04:00,14.10143634756302,14.204846558022217,14.063832553164659,14.148441314697266,506800,0.0,0.0,0.0
2022-09-12 00:00:00-04:00,14.204846918758008,14.270654233035218,14.15784284697526,14.242450714111328,122800,0.0,0.0,0.0
2022-09-13 00:00:00-04:00,14.063832026808536,14.063832026808536,13.734798165728488,13.781803131103516,514200,0.0,0.0,0.0
2022-09-14 00:00:00-04:00,13.960423444815355,13.960423444815355,13.819408532280152,13.89461612701416,442700,0.0,0.0,0.0
2022-09-15 00:00:00-04:00,13.866411739425184,13.94161932459337,13.744199189390596,13.772401809692383,358300,0.0,0.0,0.0
2022-09-16 00:00:00-04:00,13.706596403375231,13.725398749320629,13.631388812684039,13.640789985656738,212900,0.0,0.0,0.0
2022-09-19 00:00:00-04:00,13.537377920981339,13.546779093290782,13.452770059831757,13.509175300598145,150900,0.0,0.0,0.0
2022-09-20 00:00:00-04:00,13.537379264831543,13.537379264831543,13.46217167198044,13.537379264831543,291100,0.0,0.0,0.0
2022-09-21 00:00:00-04:00,13.509175059187962,13.537377679067172,13.396363683126,13.490373611450195,206400,0.0,0.0,0.0
2022-09-22 00:00:00-04:00,13.415166824685079,13.527978207451529,13.339958339628936,13.349359512329102,186800,0.0,0.0,0.0
2022-09-23 00:00:00-04:00,13.25535133689448,13.264751613660724,13.16134139687017,13.208346366882324,125600,0.0,0.0,0.0
2022-09-26 00:00:00-04:00,12.973321944107552,13.020326912419485,12.75709944849074,12.775901794433594,393400,0.0,0.0,0.0
2022-09-27 00:00:00-04:00,12.766501039430112,12.86051097913181,12.710095792845276,12.738298416137695,207700,0.0,0.0,0.0
2022-09-28 00:00:00-04:00,12.606684000890743,12.728896557302706,12.578481379117267,12.691292762756348,225900,0.0,0.0,0.0
2022-09-29 00:00:00-04:00,12.456268873892903,12.587882603618604,12.268249900388463,12.296452522277832,188300,0.0,0.0,0.0
2022-09-30 00:00:00-04:00,12.268250020608313,12.663090317109377,12.268250020608313,12.503273963928223,1644200,0.0,0.0,0.0
2022-10-03 00:00:00-04:00,12.193042187415749,12.221244809019298,11.958018248780762,12.089631080627441,287900,0.0,0.0,0.0
2022-10-04 00:00:00-04:00,12.117834598776167,12.183641014699507,12.042627010136586,12.089631080627441,418400,0.0,0.0,0.0
2022-10-05 00:00:00-04:00,12.193042486644407,12.277651250076607,12.089631377318295,12.240047454833984,652900,0.0,0.0,0.0
2022-10-06 00:00:00-04:00,11.939216225575157,11.976820020909836,11.864008634905803,11.91101360321045,214200,0.0,0.0,0.0
2022-10-07 00:00:00-04:00,11.73239424359085,11.73239424359085,11.478568863483288,11.666587829589844,717100,0.0,0.0,0.0
2022-10-10 00:00:00-04:00,11.807603841651645,11.807603841651645,11.581980164471437,11.675990104675293,342700,0.0,0.0,0.0
2022-10-11 00:00:00-04:00,11.375159234975667,11.412763030110082,11.177739086383685,11.309351921081543,633600,0.0,0.0,0.0
2022-10-12 00:00:00-04:00,11.469169455762396,11.619584651791497,11.469169455762396,11.591382026672363,257200,0.0,0.0,0.0
2022-10-13 00:00:00-04:00,11.459767074288806,11.779399780441645,11.29995161775758,11.769999504089355,635200,0.0,0.0,0.0
2022-10-14 00:00:00-04:00,11.751196733152835,11.882810459320403,11.516172798489777,11.5443754196167,123000,0.0,0.0,0.0
2022-10-17 00:00:00-04:00,11.553778227665088,11.638386999567778,11.553778227665088,11.591382026672363,173100,0.0,0.0,0.0
2022-10-18 00:00:00-04:00,11.741795416032465,11.741795416032465,11.610182588030451,11.666587829589844,407100,0.0,0.0,0.0
2022-10-19 00:00:00-04:00,11.591381524500829,11.610183871462539,11.44096633498814,11.487971305847168,308200,0.0,0.0,0.0
2022-10-20 00:00:00-04:00,11.53497504554431,11.53497504554431,11.375158699608438,11.403361320495605,149600,0.0,0.0,0.0
2022-10-21 00:00:00-04:00,11.140135051659069,11.168337673267029,10.886308767551892,11.158936500549316,891100,0.0,0.0,0.0
2022-10-24 00:00:00-04:00,10.745294539503812,10.745294539503812,10.59487936532921,10.679487228393555,689800,0.0,0.0,0.0
2022-10-25 00:00:00-04:00,10.670087814331055,10.726493060930288,10.61368167118659,10.670087814331055,471600,0.0,0.0,0.0
2022-10-26 00:00:00-04:00,10.585478752219515,10.858106493954876,10.585478752219515,10.782898902893066,695200,0.0,0.0,0.0
2022-10-27 00:00:00-04:00,11.083729504705405,11.111932127821769,11.00852191203162,11.06492805480957,496900,0.0,0.0,0.0
2022-10-28 00:00:00-04:00,11.046124458312988,11.074327078237749,10.952114529836956,11.046124458312988,232500,0.0,0.0,0.0
2022-10-31 00:00:00-04:00,10.970916897281558,11.017921861618682,10.942714277297336,10.980318069458008,192500,0.0,0.0,0.0
2022-11-01 00:00:00-04:00,11.093130410313918,11.140135378737385,10.848705291748047,10.848705291748047,348000,0.0,0.0,0.0
2022-11-02 00:00:00-04:00,10.867506798552679,11.036723416647067,10.782898041232919,10.792298316955566,324300,0.0,0.0,0.0
2022-11-03 00:00:00-04:00,10.792298759353871,10.792298759353871,10.67008710104355,10.688888549804688,372200,0.0,0.0,0.0
2022-11-04 00:00:00-04:00,10.67948698732044,10.735893124635211,10.510270368466395,10.660685539245605,731200,0.0,0.0,0.0
2022-11-07 00:00:00-05:00,10.538473845419524,10.538473845419524,10.350454866663307,10.38805866241455,532200,0.0,0.0,0.0
2022-11-08 00:00:00-05:00,10.435063453710852,10.594879807071024,10.435063453710852,10.576077461242676,601200,0.0,0.0,0.0
2022-11-09 00:00:00-05:00,10.510271646643465,10.510271646643465,10.34105411066537,10.350455284118652,330300,0.0,0.0,0.0
2022-11-10 00:00:00-05:00,10.566675216134039,10.57607638809428,10.247042541846639,10.303448677062988,906800,0.0,0.0,0.0
2022-11-11 00:00:00-05:00,10.388057956489025,10.623081888099431,10.322250645987408,10.538473129272461,1643200,0.0,0.0,0.0
2022-11-14 00:00:00-05:00,10.416260714102311,10.529072095172046,10.265845539342664,10.284646987915039,1630000,0.0,0.0,0.0
2022-11-15 00:00:00-05:00,10.341053545927469,10.359855891807214,10.0872272558221,10.24704360961914,1137000,0.0,0.0,0.0
2022-11-16 00:00:00-05:00,10.4820676722376,10.660686373931847,10.47266739573675,10.585478782653809,1303300,0.0,0.0,0.0
2022-11-17 00:00:00-05:00,10.801699489223347,10.829903006026688,10.623081698861178,10.792298316955566,1383700,0.0,0.0,0.0
2022-11-18 00:00:00-05:00,10.90511021762425,10.923911664970808,10.660685126303287,10.698288917541504,591500,0.0,0.0,0.0
2022-11-21 00:00:00-05:00,10.576076379835245,10.604278999148843,10.463265006035748,10.500868797302246,538000,0.0,0.0,0.0
2022-11-22 00:00:00-05:00,10.482067108154297,10.51027062577472,10.41626069346363,10.482067108154297,542700,0.0,0.0,0.0
2022-11-23 00:00:00-05:00,10.444463878222013,10.491468846914396,10.397459806074838,10.453865051269531,450500,0.0,0.0,0.0
2022-11-25 00:00:00-05:00,10.764095968209306,10.905110866147556,10.6888883812603,10.876907348632812,528600,0.0,0.0,0.0
2022-11-28 00:00:00-05:00,11.11193156063048,11.281149083781662,11.064927490017531,11.093130111694336,1242400,0.0,0.0,0.0
2022-11-29 00:00:00-05:00,11.450366260982491,11.487970054263831,11.365757501963188,11.469167709350586,1546400,0.0,0.0,0.0
2022-11-30 00:00:00-05:00,11.647787528162889,12.014424324035645,11.638386354795577,12.014424324035645,1618300,0.0,0.0,0.0
2022-12-01 00:00:00-05:00,11.760598480684394,11.798202276207121,11.572579503070756,11.647787094116211,1223600,0.0,0.0,0.0
2022-12-02 00:00:00-05:00,11.995622752069286,12.136636764966457,11.967419232253668,12.070830345153809,1142200,0.0,0.0,0.0
2022-12-05 00:00:00-05:00,12.296452939960137,12.343457909069194,12.193042725156383,12.258849143981934,1811200,0.0,0.0,0.0
2022-12-06 00:00:00-05:00,11.948616186606683,11.976818806110822,11.72299343748335,11.760597229003906,1242600,0.0,0.0,0.0
2022-12-07 00:00:00-05:00,11.769999037376413,11.948616832619914,11.769999037376413,11.939215660095215,764700,0.0,0.0,0.0
2022-12-08 00:00:00-05:00,12.033225300608667,12.070829093250923,11.939215370730459,12.052026748657227,640700,0.0,0.0,0.0
2022-12-09 00:00:00-05:00,12.16483953741365,12.193043057575126,12.052028146403465,12.080231666564941,763100,0.0,0.0,0.0
2022-12-12 00:00:00-05:00,11.845207723988413,11.854608000840514,11.760598956502815,11.817004203796387,861700,0.0,0.0,0.0
2022-12-13 00:00:00-05:00,12.070830467694273,12.127235714807664,11.948617903554942,12.014424324035645,535400,0.0,0.0,0.0
2022-12-14 00:00:00-05:00,12.108432934919827,12.14603672771434,11.807602592563729,11.920413970947266,756600,0.0,0.0,0.0
2022-12-15 00:00:00-05:00,11.892211377808108,11.986221315370273,11.807603509856412,11.854607582092285,1598500,0.0,0.0,0.0
2022-12-16 00:00:00-05:00,11.760597229003906,11.845205984061433,11.732393712954657,11.760597229003906,468000,0.0,0.0,0.0
2022-12-19 00:00:00-05:00,11.685664953730411,11.723605389116369,11.47699301139332,11.524417877197266,496000,0.111,0.0,0.0
2022-12-20 00:00:00-05:00,11.41059735107093,11.448537789050505,11.31574670840769,11.363171577453613,547000,0.0,0.0,0.0
2022-12-21 00:00:00-05:00,11.382141476393754,11.486477447615016,11.249349500190148,11.43905258178711,927800,0.0,0.0,0.0
2022-12-22 00:00:00-05:00,11.41059767498821,11.448538114044815,11.249350582854783,11.334716796875,720300,0.0,0.0,0.0
2022-12-23 00:00:00-05:00,11.35368744795595,11.524418971113189,11.344202112066265,11.514934539794922,641700,0.0,0.0,0.0
2022-12-27 00:00:00-05:00,11.344201499560882,11.382141936499693,11.239865524121994,11.30626106262207,755600,0.0,0.0,0.0
2022-12-28 00:00:00-05:00,11.347057093920887,11.422957068745848,11.157307156858478,11.242694854736328,942600,0.003,0.0,0.0
2022-12-29 00:00:00-05:00,11.27115669411393,11.290131234705196,11.176281276760495,11.280644416809082,444400,0.0,0.0,0.0
2022-12-30 00:00:00-05:00,11.242695426171842,11.290132234249224,11.176282266225096,11.233207702636719,571300,0.0,0.0,0.0
2023-01-03 00:00:00-05:00,11.489369223522177,11.679120063781738,11.489369223522177,11.679120063781738,1271800,0.0,0.0,0.0
2023-01-04 00:00:00-05:00,11.688606985005572,11.811944670342044,11.631682456265091,11.755020141601562,1443000,0.0,0.0,0.0
2023-01-05 00:00:00-05:00,11.755020758180702,11.764507576935674,11.660145332238027,11.698095321655273,808400,0.0,0.0,0.0
2023-01-06 00:00:00-05:00,11.717069731558555,11.811944244303739,11.603218868585873,11.792969703674316,920600,0.0,0.0,0.0
2023-01-09 00:00:00-05:00,11.859382571042762,11.868870294251376,11.717070342109883,11.736044883728027,1037100,0.0,0.0,0.0
2023-01-10 00:00:00-05:00,11.755020431403981,11.811944961547852,11.717070443041704,11.811944961547852,615700,0.0,0.0,0.0
2023-01-11 00:00:00-05:00,11.878358320528635,11.973232840638188,11.840407426725884,11.9637451171875,781300,0.0,0.0,0.0
2023-01-12 00:00:00-05:00,11.992207224804169,12.001694042615037,11.717069602710357,11.88784408569336,802100,0.0,0.0,0.0
2023-01-13 00:00:00-05:00,11.878357692467697,11.887844510617667,11.792969995524546,11.849894523620605,480700,0.0,0.0,0.0
2023-01-17 00:00:00-05:00,12.115545036398773,12.144007299739682,12.07759414554551,12.134519577026367,948200,0.0,0.0,0.0
2023-01-18 00:00:00-05:00,12.238882673114722,12.305295831979073,12.02067046415799,12.05862045288086,1427500,0.0,0.0,0.0
2023-01-19 00:00:00-05:00,12.058620464575945,12.295808120523702,12.058620464575945,12.229395866394043,807500,0.0,0.0,0.0
2023-01-20 00:00:00-05:00,12.314782100501356,12.409657520470326,12.229395308288158,12.36221981048584,1017600,0.0,0.0,0.0
2023-01-23 00:00:00-05:00,12.438119700394154,12.495045132950231,12.343245185866099,12.4570951461792,1289900,0.0,0.0,0.0
2023-01-24 00:00:00-05:00,12.428633248451153,12.447607789996137,12.257857850550891,12.295807838439941,791500,0.0,0.0,0.0
2023-01-25 00:00:00-05:00,12.31478236412767,12.390683244607114,12.068107895566024,12.125032424926758,1138000,0.0,0.0,0.0
2023-01-26 00:00:00-05:00,12.286319969787105,12.447607642605545,12.153495466147733,12.267345428466797,941600,0.0,0.0,0.0
2023-01-27 00:00:00-05:00,12.314781954823747,12.409657373670388,12.267345150199477,12.333757400512695,929800,0.0,0.0,0.0
2023-01-30 00:00:00-05:00,12.21042006375495,12.324270026715945,11.992207860946145,12.001694679260254,842400,0.0,0.0,0.0
2023-01-31 00:00:00-05:00,12.077595006556232,12.26734585515372,12.058620464575945,12.229395866394043,466000,0.0,0.0,0.0
2023-02-01 00:00:00-05:00,12.00169425502081,12.068107409666439,11.86886975532764,12.039644241333008,1574800,0.0,0.0,0.0
2023-02-02 00:00:00-05:00,12.020669874971059,12.030157597886516,11.641170006343337,11.897332191467285,2698500,0.0,0.0,0.0
2023-02-03 00:00:00-05:00,11.840407262617349,11.887844974414191,11.527319631476924,11.641170501708984,1686100,0.0,0.0,0.0
2023-02-06 00:00:00-05:00,11.7645067647514,11.792969933448667,11.669632250157681,11.726556777954102,1173400,0.0,0.0,0.0
2023-02-07 00:00:00-05:00,11.555782801434487,11.641170501708984,11.451419654521617,11.641170501708984,1152100,0.0,0.0,0.0
2023-02-08 00:00:00-05:00,11.641170488551777,11.660145030369613,11.4703950881958,11.4703950881958,1284600,0.0,0.0,0.0
2023-02-09 00:00:00-05:00,11.527319560488273,11.536807283749033,11.290131907763831,11.347057342529297,1317900,0.0,0.0,0.0
2023-02-10 00:00:00-05:00,11.337570190429688,11.356545637907146,11.290132476535176,11.337570190429688,434600,0.0,0.0,0.0
2023-02-13 00:00:00-05:00,11.214232018297501,11.385007419120013,11.176282029759065,11.252182006835938,1013300,0.0,0.0,0.0
2023-02-14 00:00:00-05:00,11.223719596862793,11.280645031335743,11.081407367879045,11.223719596862793,659400,0.0,0.0,0.0
2023-02-15 00:00:00-05:00,11.271157453504705,11.337569707247193,11.195257476427832,11.252182006835938,1074300,0.0,0.0,0.0
2023-02-16 00:00:00-05:00,11.299619208049688,11.441932337236647,11.242694680214148,11.38500690460205,1614100,0.0,0.0,0.0
2023-02-17 00:00:00-05:00,11.328081794164076,11.337569517339537,11.24269499998217,11.271157264709473,330400,0.0,0.0,0.0
2023-02-21 00:00:00-05:00,11.49885682294658,11.53680680963093,11.38500686289353,11.43244457244873,1147200,0.0,0.0,0.0
2023-02-22 00:00:00-05:00,11.290131168904422,11.290131168904422,11.109868962742334,11.157306671142578,1155500,0.0,0.0,0.0
2023-02-23 00:00:00-05:00,11.19525727321982,11.19525727321982,10.929607358272646,11.100381851196289,1730900,0.0,0.0,0.0
2023-02-24 00:00:00-05:00,10.929607769687586,10.929607769687586,10.796782354814614,10.891656875610352,1181400,0.0,0.0,0.0
2023-02-27 00:00:00-05:00,10.777806606805978,10.815756595024343,10.588056665714147,10.663956642150879,1586600,0.0,0.0,0.0
2023-02-28 00:00:00-05:00,10.720881887572673,10.720881887572673,10.63549418938932,10.682931900024414,919700,0.0,0.0,0.0
2023-03-01 00:00:00-05:00,10.834731692471678,11.024481627450356,10.834731692471678,10.99601936340332,1586100,0.0,0.0,0.0
2023-03-02 00:00:00-05:00,10.93909411788401,10.986531828640997,10.882169588814888,10.977044105529785,476500,0.0,0.0,0.0
2023-03-03 00:00:00-05:00,10.882169588814888,11.01499409317556,10.777806444189702,10.977044105529785,1017400,0.0,0.0,0.0
2023-03-06 00:00:00-05:00,11.005507748243824,11.014994566964017,10.853706886332233,10.891656875610352,1372700,0.0,0.0,0.0
2023-03-07 00:00:00-05:00,11.024481908869063,11.043457355250842,10.929607391357422,10.929607391357422,1056000,0.0,0.0,0.0
2023-03-08 00:00:00-05:00,11.062431440471224,11.157306858868022,11.052943717671734,11.138331413269043,783600,0.0,0.0,0.0
2023-03-09 00:00:00-05:00,11.166794714715742,11.214231519680286,11.014993862512405,11.04345703125,1452900,0.0,0.0,0.0
2023-03-10 00:00:00-05:00,11.204744461693355,11.26166898835178,11.033969072120007,11.062431335449219,835600,0.0,0.0,0.0
2023-03-13 00:00:00-04:00,11.052944709293065,11.147820136201666,10.996020176987207,11.09089469909668,1094100,0.0,0.0,0.0
2023-03-14 00:00:00-04:00,11.052944610742099,11.06243233430819,10.977044631811612,11.014994621276855,1072100,0.0,0.0,0.0
2023-03-15 00:00:00-04:00,11.128844688900296,11.195257849655967,11.01499471948945,11.09089469909668,1213600,0.0,0.0,0.0
2023-03-16 00:00:00-04:00,11.052944340809374,11.252182006835938,11.02448207560532,11.252182006835938,1217400,0.0,0.0,0.0
2023-03-17 00:00:00-04:00,11.109869856779012,11.242695270028653,11.024482155747037,11.03396987915039,1538200,0.0,0.0,0.0
2023-03-20 00:00:00-04:00,10.920120046168277,10.93909458840778,10.834732344092732,10.891656875610352,575400,0.0,0.0,0.0
2023-03-21 00:00:00-04:00,11.005506728101025,11.176281211623257,11.005506728101025,11.157306671142578,808200,0.0,0.0,0.0
2023-03-22 00:00:00-04:00,11.195257229871052,11.261669482150923,11.100381808214886,11.147819519042969,694900,0.0,0.0,0.0
2023-03-23 00:00:00-04:00,11.185769081115723,11.32808130338577,11.166794540385936,11.185769081115723,977800,0.0,0.0,0.0
2023-03-24 00:00:00-04:00,11.166795067188927,11.233207320074799,11.033969656618101,11.223719596862793,697500,0.0,0.0,0.0
2023-03-27 00:00:00-04:00,11.280645708246618,11.479883383658851,11.280645708246618,11.460907936096191,1069500,0.0,0.0,0.0
2023-03-28 00:00:00-04:00,11.441932823069504,11.4703950881958,11.394495111326277,11.4703950881958,443900,0.0,0.0,0.0
2023-03-29 00:00:00-04:00,11.527318954467773,11.584244386240526,11.441932164007211,11.527318954467773,376200,0.0,0.0,0.0
2023-03-30 00:00:00-04:00,11.53680667722974,11.57475666347856,11.470394427494066,11.527318954467773,475400,0.0,0.0,0.0
2023-03-31 00:00:00-04:00,11.574756859160905,11.593732305005634,11.52731914934814,11.555782318115234,384400,0.0,0.0,0.0
2023-04-03 00:00:00-04:00,11.669633108961165,11.821433067321777,11.660145385363846,11.821433067321777,456800,0.0,0.0,0.0
2023-04-04 00:00:00-04:00,11.80245709312297,11.821432539470313,11.745532563679099,11.783482551574707,366800,0.0,0.0,0.0
2023-04-05 00:00:00-04:00,11.773994682915365,11.84989465776872,11.736044695488687,11.755020141601562,430000,0.0,0.0,0.0
2023-04-06 00:00:00-04:00,11.688607070486594,11.688607070486594,11.565269384248131,11.660144805908203,1042100,0.0,0.0,0.0
2023-04-10 00:00:00-04:00,11.641169694822157,11.755019652363814,11.565268818328684,11.669631958007812,338200,0.0,0.0,0.0
2023-04-11 00:00:00-04:00,11.755020227568275,11.755020227568275,11.612707095078168,11.660144805908203,789400,0.0,0.0,0.0
2023-04-12 00:00:00-04:00,11.66014442294849,11.726556673049885,11.6316821593049,11.650656700134277,347100,0.0,0.0,0.0
2023-04-13 00:00:00-04:00,11.593732596538723,11.612707138061523,11.5462948855331,11.612707138061523,268600,0.0,0.0,0.0
2023-04-14 00:00:00-04:00,11.517833373985033,11.527320192967222,11.39449567922516,11.460907936096191,734700,0.0,0.0,0.0
2023-04-17 00:00:00-04:00,11.432444863319715,11.48936939239502,11.432444863319715,11.48936939239502,222800,0.0,0.0,0.0
2023-04-18 00:00:00-04:00,11.565269178412207,11.574756901369168,11.48936920435463,11.508344650268555,802000,0.0,0.0,0.0
2023-04-19 00:00:00-04:00,11.403982777294763,11.45141958400038,11.337569619268537,11.347057342529297,716100,0.0,0.0,0.0
2023-04-20 00:00:00-04:00,11.309107117951728,11.39449481591598,11.29961939488924,11.366031646728516,553400,0.0,0.0,0.0
2023-04-21 00:00:00-04:00,11.290131568908691,11.290131568908691,11.242694763626815,11.290131568908691,859000,0.0,0.0,0.0
2023-04-24 00:00:00-04:00,11.271157453504705,11.271157453504705,11.214232018297501,11.252182006835938,694300,0.0,0.0,0.0
2023-04-25 00:00:00-04:00,11.195257126315665,11.204744849353336,11.062431718185474,11.071919441223145,1074200,0.0,0.0,0.0
2023-04-26 00:00:00-04:00,11.157306817621523,11.214231344609924,11.157306817621523,11.185769081115723,341100,0.0,0.0,0.0
2023-04-27 00:00:00-04:00,11.195257953545289,11.356545637907146,11.195257953545289,11.337570190429688,821400,0.0,0.0,0.0
2023-04-28 00:00:00-04:00,11.403982177758392,11.527318954467773,11.356544468747606,11.527318954467773,512600,0.0,0.0,0.0
2023-05-01 00:00:00-04:00,11.54629453250178,11.55578225537263,11.422956849577881,11.43244457244873,613500,0.0,0.0,0.0
2023-05-02 00:00:00-04:00,11.3850079043242,11.470395608374492,11.309107924012634,11.337570190429688,517100,0.0,0.0,0.0
2023-05-03 00:00:00-04:00,11.299619103964014,11.356544536074244,11.280644563126636,11.309106826782227,465800,0.0,0.0,0.0
2023-05-04 00:00:00-04:00,11.280644416809082,11.309106680095498,11.223718985437213,11.280644416809082,755200,0.0,0.0,0.0
2023-05-05 00:00:00-04:00,11.23320695730854,11.38500690460205,11.223719234402932,11.38500690460205,196200,0.0,0.0,0.0
2023-05-08 00:00:00-04:00,11.42295794577001,11.527320192967222,11.42295794577001,11.460907936096191,230800,0.0,0.0,0.0
2023-05-09 00:00:00-04:00,11.46090683626223,11.49885682294658,11.422956849577881,11.43244457244873,546800,0.0,0.0,0.0
2023-05-10 00:00:00-04:00,11.517832434245532,11.650656937150448,11.517832434245532,11.631682395935059,810500,0.0,0.0,0.0
2023-05-11 00:00:00-04:00,11.650656617952835,11.755019758574925,11.6316820772573,11.745532035827637,1098500,0.0,0.0,0.0
2023-05-12 00:00:00-04:00,11.802456813674516,11.925794497614726,11.764506826677454,11.849894523620605,480900,0.0,0.0,0.0
2023-05-15 00:00:00-04:00,11.86887020717835,11.86887020717835,11.783482508525413,11.830920219421387,370700,0.0,0.0,0.0
2023-05-16 00:00:00-04:00,11.802457809448242,11.830920980696773,11.77399554299885,11.802457809448242,215500,0.0,0.0,0.0
2023-05-17 00:00:00-04:00,11.707582473754883,11.76450700270267,11.688607027572905,11.707582473754883,867100,0.0,0.0,0.0
2023-05-18 00:00:00-04:00,11.70758276334534,11.783482740352515,11.70758276334534,11.764507293701172,265000,0.0,0.0,0.0
2023-05-19 00:00:00-04:00,11.764507148554786,11.783482594972016,11.736044883728027,11.736044883728027,299600,0.0,0.0,0.0
2023-05-22 00:00:00-04:00,11.80245762012714,11.840407609717293,11.764507630536986,11.821433067321777,357000,0.0,0.0,0.0
2023-05-23 00:00:00-04:00,11.707582473754883,11.745532461319765,11.698094750663893,11.707582473754883,268400,0.0,0.0,0.0
2023-05-24 00:00:00-04:00,11.660145232929478,11.74553293459082,11.62219524383545,11.62219524383545,207000,0.0,0.0,0.0
2023-05-25 00:00:00-04:00,11.641170221716106,11.707582473754883,11.641170221716106,11.707582473754883,309000,0.0,0.0,0.0
2023-05-26 00:00:00-04:00,11.641169694822157,11.698094221193468,11.631681972160592,11.669631958007812,719800,0.0,0.0,0.0
2023-05-30 00:00:00-04:00,11.76450781924934,11.849895523396654,11.745533276549457,11.802457809448242,724600,0.0,0.0,0.0
2023-05-31 00:00:00-04:00,11.764506535531627,11.89733193913373,11.650656577357983,11.792969703674316,2147900,0.0,0.0,0.0
2023-06-01 00:00:00-04:00,11.897331754387718,12.17246937523468,11.821431783450556,12.153494834899902,1586400,0.0,0.0,0.0
2023-06-02 00:00:00-04:00,12.229395672464308,12.257857937382944,12.200932502746582,12.200932502746582,542900,0.0,0.0,0.0
2023-06-05 00:00:00-04:00,12.11554556361451,12.200932357352901,12.09657011736215,12.172470092773438,205100,0.0,0.0,0.0
2023-06-06 00:00:00-04:00,12.24837056240565,12.428633689880371,12.24837056240565,12.428633689880371,1068200,0.0,0.0,0.0
2023-06-07 00:00:00-04:00,12.55197004621111,12.55197004621111,12.457095528769209,12.466583251953125,303300,0.0,0.0,0.0
2023-06-08 00:00:00-04:00,12.400169650825912,12.409657373670388,12.324269677668221,12.333757400512695,486700,0.0,0.0,0.0
2023-06-09 00:00:00-04:00,12.428632646414234,12.495044895803321,12.381194937651012,12.476069450378418,317400,0.0,0.0,0.0
2023-06-12 00:00:00-04:00,12.542483194601413,12.637357711791992,12.542483194601413,12.637357711791992,575200,0.0,0.0,0.0
2023-06-13 00:00:00-04:00,12.713257882362424,12.74172105227512,12.65633335213522,12.665821075439453,431200,0.0,0.0,0.0
2023-06-14 00:00:00-04:00,12.551969910890538,12.589920803217057,12.504533105080537,12.561457633972168,890600,0.0,0.0,0.0
2023-06-15 00:00:00-04:00,12.56145695664419,12.589920124354311,12.47606926311187,12.495044708251953,654900,0.0,0.0,0.0
2023-06-16 00:00:00-04:00,12.495045132950231,12.514019673936222,12.438119700394154,12.4570951461792,321200,0.0,0.0,0.0
2023-06-20 00:00:00-04:00,12.390683082724502,12.457095334377383,12.390683082724502,12.438119888305664,395600,0.0,0.0,0.0
2023-06-21 00:00:00-04:00,12.504533962817487,12.694283913470432,12.504533962817487,12.656333923339844,445800,0.0,0.0,0.0
2023-06-22 00:00:00-04:00,12.713257660469544,12.884033057768686,12.684795395852714,12.855570793151855,1233900,0.0,0.0,0.0
2023-06-23 00:00:00-04:00,12.87454495114698,12.87454495114698,12.713257281790613,12.84608268737793,543600,0.0,0.0,0.0
2023-06-26 00:00:00-04:00,12.855570410233963,12.912494937772063,12.81762042360888,12.84608268737793,318200,0.0,0.0,0.0
2023-06-27 00:00:00-04:00,12.865058618073952,12.940958594185378,12.865058618073952,12.93147087097168,434400,0.0,0.0,0.0
2023-06-28 00:00:00-04:00,12.931470914554291,12.950445456246554,12.865058661432737,12.884033203125,315500,0.0,0.0,0.0
2023-06-29 00:00:00-04:00,12.732232797283572,12.741720520191604,12.589920572859308,12.627870559692383,1632800,0.0,0.0,0.0
2023-06-30 00:00:00-04:00,12.627870176538613,12.67530698004134,12.6088947312983,12.618382453918457,407000,0.0,0.0,0.0
2023-07-03 00:00:00-04:00,12.618383024868299,12.656333012267039,12.589920760519012,12.608895301818848,227800,0.0,0.0,0.0
2023-07-05 00:00:00-04:00,12.684795861448691,12.779671286719307,12.646845872300268,12.770183563232422,910700,0.0,0.0,0.0
2023-07-06 00:00:00-04:00,12.58992104127902,12.646845571247033,12.532995606511916,12.54248332977295,605500,0.0,0.0,0.0
2023-07-07 00:00:00-04:00,12.703770927840772,12.808133168672656,12.694283204638122,12.760695457458496,289100,0.0,0.0,0.0
2023-07-10 00:00:00-04:00,12.865058484033693,13.03583297610557,12.855570760918845,13.026345252990723,1194300,0.0,0.0,0.0
2023-07-11 00:00:00-04:00,13.026345490568184,13.026345490568184,12.959933237151162,13.007370948791504,599700,0.0,0.0,0.0
2023-07-12 00:00:00-04:00,13.092757942157546,13.140195651237637,13.06429567862911,13.111732482910156,283600,0.0,0.0,0.0
2023-07-13 00:00:00-04:00,13.244558861003627,13.291996573570941,13.206608871909598,13.282508850097656,514000,0.0,0.0,0.0
2023-07-14 00:00:00-04:00,13.386870091247937,13.386870091247937,13.320457841507352,13.32994556427002,490200,0.0,0.0,0.0
2023-07-17 00:00:00-04:00,13.386870621494953,13.424820609249759,13.348920633740148,13.36789608001709,322400,0.0,0.0,0.0
2023-07-18 00:00:00-04:00,13.41533417463131,13.424820993242056,13.367896462381166,13.377384185791016,354800,0.0,0.0,0.0
2023-07-19 00:00:00-04:00,13.377383743297608,13.386870561594552,13.216096069861608,13.244558334350586,1123700,0.0,0.0,0.0
2023-07-20 00:00:00-04:00,13.225583414057057,13.301484297044226,13.216096595382883,13.282508850097656,461600,0.0,0.0,0.0
2023-07-21 00:00:00-04:00,13.424819970629883,13.614570805176525,13.424819970629883,13.595595359802246,1011800,0.0,0.0,0.0
2023-07-24 00:00:00-04:00,13.66200819983953,13.775859067410709,13.633545935346271,13.75688362121582,766200,0.0,0.0,0.0
2023-07-25 00:00:00-04:00,13.662008097343467,13.756883518007978,13.643033556090007,13.680983543395996,418300,0.0,0.0,0.0
2023-07-26 00:00:00-04:00,13.737907896712692,13.823295593261719,13.718933355701271,13.823295593261719,655300,0.0,0.0,0.0
2023-07-27 00:00:00-04:00,13.870733239916731,13.870733239916731,13.690471029532171,13.699957847595215,333100,0.0,0.0,0.0
2023-07-28 00:00:00-04:00,13.927659093852238,14.060483598745698,13.861245936606428,14.050996780395508,505800,0.0,0.0,0.0
2023-07-31 00:00:00-04:00,14.231258351382913,14.316646046259057,14.212282905944198,14.278696060180664,864800,0.0,0.0,0.0
2023-08-01 00:00:00-04:00,14.136383189131756,14.155358634913224,14.003558687857701,14.041508674621582,1939500,0.0,0.0,0.0
2023-08-02 00:00:00-04:00,14.003559629790164,14.03202189557779,13.851759672524002,13.870734214782715,1602300,0.0,0.0,0.0
2023-08-03 00:00:00-04:00,13.756883445632555,13.899195671081543,13.747395722656206,13.899195671081543,335400,0.0,0.0,0.0
2023-08-04 00:00:00-04:00,14.126896260633947,14.421008429555677,14.126896260633947,14.307158470153809,826700,0.0,0.0,0.0
2023-08-07 00:00:00-04:00,14.496908147264184,14.553833578362438,14.449470438815478,14.54434585571289,762100,0.0,0.0,0.0
2023-08-08 00:00:00-04:00,14.544346518333546,14.553834241415341,14.439984278831014,14.487421989440918,403100,0.0,0.0,0.0
2023-08-09 00:00:00-04:00,14.421008668390362,14.46844637845988,14.269208720007159,14.28818416595459,506000,0.0,0.0,0.0
2023-08-10 00:00:00-04:00,14.25972151025829,14.26920923357348,14.155359268188477,14.155359268188477,485500,0.0,0.0,0.0
2023-08-11 00:00:00-04:00,14.212282969803567,14.402033805847168,14.212282969803567,14.402033805847168,649100,0.0,0.0,0.0
2023-08-14 00:00:00-04:00,14.515884744377072,14.696146965026855,14.468447032164253,14.696146965026855,1006300,0.0,0.0,0.0
2023-08-15 00:00:00-04:00,14.60127122037142,14.60127122037142,14.392545847026287,14.421008110046387,427100,0.0,0.0,0.0
2023-08-16 00:00:00-04:00,14.477934029659153,14.610758531436447,14.468446306732472,14.506396293640137,761600,0.0,0.0,0.0
2023-08-17 00:00:00-04:00,14.515884961952077,14.515884961952077,14.278697302131942,14.33562183380127,912100,0.0,0.0,0.0
2023-08-18 00:00:00-04:00,13.567133269234269,13.595595532858944,13.37738333707136,13.453283309936523,2019700,0.0,0.0,0.0
2023-08-21 00:00:00-04:00,13.538672163513281,13.624058961690066,13.510208992655228,13.605084419250488,520300,0.0,0.0,0.0
2023-08-22 00:00:00-04:00,13.662008523168112,13.69047169313406,13.605083992834407,13.643033981323242,385700,0.0,0.0,0.0
2023-08-23 00:00:00-04:00,13.624058195245976,13.728421339589465,13.491233691243824,13.586108207702637,390800,0.0,0.0,0.0
2023-08-24 00:00:00-04:00,13.737908175020932,13.85175904259211,13.728421356722562,13.75688362121582,424600,0.0,0.0,0.0
2023-08-25 00:00:00-04:00,13.832782745361328,13.908682715873129,13.775858219876987,13.832782745361328,468500,0.0,0.0,0.0
2023-08-28 00:00:00-04:00,14.022533477049011,14.1743334267915,14.022533477049011,14.14587116241455,584400,0.0,0.0,0.0
2023-08-29 00:00:00-04:00,14.136383821558095,14.164846991503667,14.079459291265142,14.155359268188477,606700,0.0,0.0,0.0
2023-08-30 00:00:00-04:00,14.183821252524039,14.297671215655043,14.174333529396687,14.221771240234375,391900,0.0,0.0,0.0
2023-08-31 00:00:00-04:00,14.373570825087862,14.458958521461696,14.364084007001145,14.383058547973633,469000,0.0,0.0,0.0
2023-09-01 00:00:00-04:00,14.458959334892327,14.487422505150919,14.354597091674805,14.354597091674805,374400,0.0,0.0,0.0
2023-09-05 00:00:00-04:00,14.458959579467773,14.525372739728773,14.43998503710686,14.458959579467773,426000,0.0,0.0,0.0
2023-09-06 00:00:00-04:00,14.59178472199794,14.70563468842924,14.59178472199794,14.696146965026855,755700,0.0,0.0,0.0
2023-09-07 00:00:00-04:00,14.591784433804662,14.64870896349648,14.515884457682848,14.639222145080566,451900,0.0,0.0,0.0
2023-09-08 00:00:00-04:00,14.667683601379395,14.686658141964344,14.563321366164574,14.667683601379395,401700,0.0,0.0,0.0
2023-09-11 00:00:00-04:00,14.515884826366094,14.553834815390877,14.421009401404579,14.477934837341309,909400,0.0,0.0,0.0
2023-09-12 00:00:00-04:00,14.724609810577938,14.847946592893125,14.686658917805163,14.809996604919434,520200,0.0,0.0,0.0
2023-09-13 00:00:00-04:00,14.667683535759915,14.68665807625998,14.54434585571289,14.54434585571289,868000,0.0,0.0,0.0
2023-09-14 00:00:00-04:00,14.364084140146192,14.421008668390362,14.269208720007159,14.28818416595459,648600,0.0,0.0,0.0
2023-09-15 00:00:00-04:00,14.231258433558976,14.259720697082361,14.17433300171316,14.183820724487305,707400,0.0,0.0,0.0
2023-09-18 00:00:00-04:00,14.098433586543699,14.098433586543699,13.937145912202428,14.050996780395508,734700,0.0,0.0,0.0
2023-09-19 00:00:00-04:00,14.050995907025184,14.098432710224836,13.908682783029157,13.956120491027832,1097900,0.0,0.0,0.0
2023-09-20 00:00:00-04:00,14.183821533334955,14.278696956888671,14.145871544873286,14.155359268188477,1037700,0.0,0.0,0.0
2023-09-21 00:00:00-04:00,13.965609022365905,14.003559010002808,13.91817131162001,13.927659034729004,610900,0.0,0.0,0.0
2023-09-22 00:00:00-04:00,13.605083255666852,13.6620077829162,13.424820141512802,13.453283309936523,1043100,0.0,0.0,0.0
2023-09-25 00:00:00-04:00,12.884032954624315,12.884032954624315,12.751207546143986,12.779670715332031,1168800,0.0,0.0,0.0
2023-09-26 00:00:00-04:00,12.656333630919757,12.656333630919757,12.532995939645232,12.551970481872559,1041100,0.0,0.0,0.0
2023-09-27 00:00:00-04:00,12.817621330279875,12.91249585115413,12.817621330279875,12.893521308898926,844700,0.0,0.0,0.0
2023-09-28 00:00:00-04:00,12.808132937116467,12.893520634798428,12.732232962465629,12.827108383178711,554400,0.0,0.0,0.0
2023-09-29 00:00:00-04:00,12.950444924397146,12.969420370109214,12.836594964521895,12.84608268737793,373500,0.0,0.0,0.0
2023-10-02 00:00:00-04:00,12.912495569144182,12.98839554610557,12.85557103882269,12.959933280944824,572400,0.0,0.0,0.0
2023-10-03 00:00:00-04:00,12.381195581073104,12.40965784589054,12.248370170593262,12.248370170593262,1064200,0.0,0.0,0.0
2023-10-04 00:00:00-04:00,12.457095104520961,12.570945064453332,12.447607381660166,12.504532814025879,1071200,0.0,0.0,0.0
2023-10-05 00:00:00-04:00,12.36221981048584,12.390682979355969,12.305295282343709,12.36221981048584,462700,0.0,0.0,0.0
2023-10-06 00:00:00-04:00,12.46658317652343,12.722745367345631,12.46658317652343,12.684795379638672,560300,0.0,0.0,0.0
2023-10-09 00:00:00-04:00,12.77018313742216,12.808133125305176,12.713257703198098,12.808133125305176,425200,0.0,0.0,0.0
2023-10-10 00:00:00-04:00,12.827108528535025,12.884033057768686,12.798645359119115,12.855570793151855,729100,0.0,0.0,0.0
2023-10-11 00:00:00-04:00,12.969420621250407,13.04532059597031,12.940958356930212,12.950445175170898,373400,0.0,0.0,0.0
2023-10-12 00:00:00-04:00,13.016858526747106,13.02634534512998,12.903008562960867,12.97890853881836,374200,0.0,0.0,0.0
2023-10-13 00:00:00-04:00,13.04532055326198,13.092758263506383,12.959932855781869,12.997882843017578,585300,0.0,0.0,0.0
2023-10-16 00:00:00-04:00,12.846083113188191,12.874545377900683,12.77018313742216,12.808133125305176,489700,0.0,0.0,0.0
2023-10-17 00:00:00-04:00,12.504533239889701,12.599407757331601,12.371707829712141,12.466583251953125,959700,0.0,0.0,0.0
2023-10-18 00:00:00-04:00,12.26734555792675,12.26734555792675,12.125032424926758,12.125032424926758,944600,0.0,0.0,0.0
2023-10-19 00:00:00-04:00,11.954257603536952,11.992207590334251,11.717069959854069,11.726556777954102,1777600,0.0,0.0,0.0
2023-10-20 00:00:00-04:00,12.068108132143404,12.162982651204194,12.068108132143404,12.106058120727539,780800,0.0,0.0,0.0
2023-10-23 00:00:00-04:00,11.963744504145723,12.077594465322793,11.963744504145723,12.020669937133789,280200,0.0,0.0,0.0
2023-10-24 00:00:00-04:00,12.162982993768374,12.32427067599331,12.153496174954471,12.286320686340332,853400,0.0,0.0,0.0
2023-10-25 00:00:00-04:00,12.210420020260257,12.229395466419035,12.049132347106934,12.049132347106934,452100,0.0,0.0,0.0
2023-10-26 00:00:00-04:00,11.565268685770977,11.574756408323795,11.394494203815375,11.422956466674805,917300,0.0,0.0,0.0
2023-10-27 00:00:00-04:00,11.46090683626223,11.527319086760079,11.41346912670703,11.43244457244873,380300,0.0,0.0,0.0
2023-10-30 00:00:00-04:00,11.299619572960669,11.299619572960669,11.19525733202586,11.223719596862793,373400,0.0,0.0,0.0
2023-10-31 00:00:00-04:00,10.996019217098514,11.005506939920977,10.920119244116911,10.967556953430176,688300,0.0,0.0,0.0
2023-11-01 00:00:00-04:00,11.19525733202586,11.223719596862793,11.13833189755291,11.223719596862793,461600,0.0,0.0,0.0
2023-11-02 00:00:00-04:00,11.660145385363846,11.849895333314612,11.650657661766527,11.821433067321777,918200,0.0,0.0,0.0
2023-11-03 00:00:00-04:00,11.88784408569336,11.906819530913154,11.830919559632035,11.88784408569336,455000,0.0,0.0,0.0
2023-11-06 00:00:00-05:00,12.058620027569251,12.096570014953613,12.02067004018489,12.096570014953613,284600,0.0,0.0,0.0
2023-11-07 00:00:00-05:00,11.99220814243056,12.01118268430323,11.9068204420058,11.935282707214355,182200,0.0,0.0,0.0
2023-11-08 00:00:00-05:00,12.362220530116419,12.447608232099276,12.362220530116419,12.428633689880371,348800,0.0,0.0,0.0
2023-11-09 00:00:00-05:00,12.47606926311187,12.542482416303132,12.457094722770815,12.495044708251953,572300,0.0,0.0,0.0
2023-11-10 00:00:00-05:00,12.466582827381755,12.504532814025879,12.447607381660166,12.504532814025879,224000,0.0,0.0,0.0
2023-11-13 00:00:00-05:00,12.457095334377383,12.466583057413244,12.371707636652783,12.438119888305664,207800,0.0,0.0,0.0
2023-11-14 00:00:00-05:00,12.637357668805205,12.713257644219121,12.608895404224755,12.684795379638672,456000,0.0,0.0,0.0
2023-11-15 00:00:00-05:00,12.722744941711426,12.751207205339682,12.675307232464968,12.722744941711426,319900,0.0,0.0,0.0
2023-11-16 00:00:00-05:00,12.770183325610056,12.798645590741982,12.751207878989376,12.78915786743164,560900,0.0,0.0,0.0
2023-11-17 00:00:00-05:00,12.523507586030266,12.580433019446357,12.400169900961293,12.438119888305664,293500,0.0,0.0,0.0
2023-11-20 00:00:00-05:00,12.551969487037715,12.60889491880617,12.51401950079176,12.599407196044922,498300,0.0,0.0,0.0
2023-11-21 00:00:00-05:00,12.646845391931713,12.75120763192608,12.637357668805205,12.684795379638672,300600,0.0,0.0,0.0
2023-11-22 00:00:00-05:00,12.789157635980478,12.865058516290492,12.779670817640921,12.855570793151855,402000,0.0,0.0,0.0
2023-11-24 00:00:00-05:00,12.599407757331601,12.722745444325248,12.466583251953125,12.466583251953125,378500,0.0,0.0,0.0
2023-11-27 00:00:00-05:00,12.409657715545931,12.438119980064414,12.343245463403111,12.3906831741333,379300,0.0,0.0,0.0
2023-11-28 00:00:00-05:00,12.457095291940792,12.532995266370971,12.457095291940792,12.485557556152344,162800,0.0,0.0,0.0
2023-11-29 00:00:00-05:00,12.599407432925899,12.637357419885351,12.570945168906075,12.580432891845703,388500,0.0,0.0,0.0
2023-11-30 00:00:00-05:00,12.504533668354217,12.504533668354217,12.362220530116419,12.428633689880371,563900,0.0,0.0,0.0
2023-12-01 00:00:00-05:00,12.485557430469063,12.646845100709392,12.47606970756103,12.627870559692383,242700,0.0,0.0,0.0
2023-12-04 00:00:00-05:00,12.808133606752715,12.91249585115413,12.808133606752715,12.893521308898926,783900,0.0,0.0,0.0
2023-12-05 00:00:00-05:00,12.85557022253396,12.903007931322453,12.836594777098945,12.865057945251465,346100,0.0,0.0,0.0
2023-12-06 00:00:00-05:00,12.950445369272488,13.02634534512998,12.9219831045257,12.97890853881836,471100,0.0,0.0,0.0
2023-12-07 00:00:00-05:00,12.90300811971508,12.950444924397146,12.808132700752846,12.84608268737793,549600,0.0,0.0,0.0
2023-12-08 00:00:00-05:00,12.770183325610056,12.827108760673001,12.770183325610056,12.78915786743164,330300,0.0,0.0,0.0
2023-12-11 00:00:00-05:00,12.836595448432854,12.940958594185378,12.836595448432854,12.93147087097168,300400,0.0,0.0,0.0
2023-12-12 00:00:00-05:00,12.903008504045959,12.912495322385517,12.817620805396388,12.855570793151855,246100,0.0,0.0,0.0
2023-12-13 00:00:00-05:00,12.713257789611816,12.741720959316856,12.60889554842393,12.713257789611816,672000,0.0,0.0,0.0
2023-12-14 00:00:00-05:00,12.656332439600055,12.67530698004134,12.561457022996544,12.618382453918457,715800,0.0,0.0,0.0
2023-12-15 00:00:00-05:00,12.476070070337956,12.495045516705787,12.419145540832632,12.466583251953125,341200,0.0,0.0,0.0
2023-12-18 00:00:00-05:00,12.441619609488384,12.481560565206344,12.331782219330867,12.371723175048828,817600,0.655,0.0,0.0
2023-12-19 00:00:00-05:00,12.421648292520487,12.491545677185059,12.41166376808338,12.491545677185059,427100,0.0,0.0,0.0
2023-12-20 00:00:00-05:00,12.501531661312036,12.591398098498393,12.441619750920289,12.481560707092285,455500,0.0,0.0,0.0
2023-12-21 00:00:00-05:00,12.531487342135138,12.611369255765252,12.521501864864494,12.571428298950195,316700,0.0,0.0,0.0
2023-12-22 00:00:00-05:00,12.63133868741969,12.66129511787835,12.581413207856892,12.601383209228516,293500,0.0,0.0,0.0
2023-12-26 00:00:00-05:00,12.78111814996958,12.93089649515066,12.681265285003862,12.861000061035156,465200,0.0,0.0,0.0
2023-12-27 00:00:00-05:00,12.869999885559082,12.890000343322754,12.770000457763672,12.819999694824219,621800,0.019,0.0,0.0
2023-12-28 00:00:00-05:00,12.90999984741211,12.9399995803833,12.890000343322754,12.90999984741211,260400,0.0,0.0,0.0
2023-12-29 00:00:00-05:00,12.949999809265137,12.949999809265137,12.880000114440918,12.920000076293945,301500,0.0,0.0,0.0
2024-01-02 00:00:00-05:00,12.819999694824219,12.829999923706055,12.699999809265137,12.720000267028809,841800,0.0,0.0,0.0
2024-01-03 00:00:00-05:00,12.819999694824219,12.890000343322754,12.819999694824219,12.850000381469727,567100,0.0,0.0,0.0
2024-01-04 00:00:00-05:00,12.930000305175781,12.960000038146973,12.899999618530273,12.930000305175781,407700,0.0,0.0,0.0
2024-01-05 00:00:00-05:00,12.979999542236328,13.119999885559082,12.979999542236328,13.119999885559082,1354500,0.0,0.0,0.0
2024-01-08 00:00:00-05:00,13.170000076293945,13.1899995803833,13.100000381469727,13.15999984741211,587500,0.0,0.0,0.0
2024-01-09 00:00:00-05:00,13.029999732971191,13.079999923706055,13.0,13.050000190734863,443100,0.0,0.0,0.0
2024-01-10 00:00:00-05:00,13.0,13.0,12.890000343322754,12.930000305175781,464000,0.0,0.0,0.0
2024-01-11 00:00:00-05:00,12.960000038146973,12.960000038146973,12.84000015258789,12.90999984741211,338300,0.0,0.0,0.0
2024-01-12 00:00:00-05:00,12.819999694824219,12.819999694824219,12.6899995803833,12.729999542236328,342100,0.0,0.0,0.0
2024-01-16 00:00:00-05:00,12.75,12.8100004196167,12.710000038146973,12.75,446400,0.0,0.0,0.0
2024-01-17 00:00:00-05:00,12.720000267028809,12.720000267028809,12.609999656677246,12.630000114440918,1056700,0.0,0.0,0.0
2024-01-18 00:00:00-05:00,12.779999732971191,12.90999984741211,12.699999809265137,12.90999984741211,649500,0.0,0.0,0.0
2024-01-19 00:00:00-05:00,12.9399995803833,12.949999809265137,12.859999656677246,12.930000305175781,270400,0.0,0.0,0.0
2024-01-22 00:00:00-05:00,12.9399995803833,12.989999771118164,12.880000114440918,12.920000076293945,358200,0.0,0.0,0.0
2024-01-23 00:00:00-05:00,12.890000343322754,12.899999618530273,12.779999732971191,12.819999694824219,354200,0.0,0.0,0.0
2024-01-24 00:00:00-05:00,12.779999732971191,12.930000305175781,12.779999732971191,12.84000015258789,1217000,0.0,0.0,0.0
2024-01-25 00:00:00-05:00,12.829999923706055,12.850000381469727,12.770000457763672,12.8100004196167,441300,0.0,0.0,0.0
2024-01-26 00:00:00-05:00,12.850000381469727,12.880000114440918,12.84000015258789,12.869999885559082,282700,0.0,0.0,0.0
2024-01-29 00:00:00-05:00,12.8100004196167,12.850000381469727,12.770000457763672,12.800000190734863,300900,0.0,0.0,0.0
2024-01-30 00:00:00-05:00,12.880000114440918,12.960000038146973,12.869999885559082,12.9399995803833,411700,0.0,0.0,0.0
2024-01-31 00:00:00-05:00,12.800000190734863,12.829999923706055,12.699999809265137,12.699999809265137,825500,0.0,0.0,0.0
2024-02-01 00:00:00-05:00,12.880000114440918,12.9399995803833,12.8100004196167,12.890000343322754,353300,0.0,0.0,0.0
2024-02-02 00:00:00-05:00,12.880000114440918,12.949999809265137,12.869999885559082,12.9399995803833,363500,0.0,0.0,0.0
2024-02-05 00:00:00-05:00,12.949999809265137,12.960000038146973,12.869999885559082,12.899999618530273,292400,0.0,0.0,0.0
2024-02-06 00:00:00-05:00,12.9399995803833,12.970000267028809,12.829999923706055,12.949999809265137,284700,0.0,0.0,0.0
2024-02-07 00:00:00-05:00,13.010000228881836,13.09000015258789,12.989999771118164,13.050000190734863,318300,0.0,0.0,0.0
2024-02-08 00:00:00-05:00,13.079999923706055,13.119999885559082,13.039999961853027,13.079999923706055,345300,0.0,0.0,0.0
2024-02-09 00:00:00-05:00,13.0600004196167,13.079999923706055,13.050000190734863,13.069999694824219,268700,0.0,0.0,0.0
2024-02-12 00:00:00-05:00,13.100000381469727,13.15999984741211,13.079999923706055,13.149999618530273,515400,0.0,0.0,0.0
2024-02-13 00:00:00-05:00,13.010000228881836,13.039999961853027,12.949999809265137,12.989999771118164,437900,0.0,0.0,0.0
2024-02-14 00:00:00-05:00,13.050000190734863,13.0600004196167,12.979999542236328,13.029999732971191,282600,0.0,0.0,0.0
2024-02-15 00:00:00-05:00,13.069999694824219,13.100000381469727,13.020000457763672,13.079999923706055,183200,0.0,0.0,0.0
2024-02-16 00:00:00-05:00,13.100000381469727,13.220000267028809,13.079999923706055,13.170000076293945,523400,0.0,0.0,0.0
2024-02-20 00:00:00-05:00,13.359999656677246,13.539999961853027,13.359999656677246,13.539999961853027,940600,0.0,0.0,0.0
2024-02-21 00:00:00-05:00,13.4399995803833,13.4399995803833,13.369999885559082,13.420000076293945,749900,0.0,0.0,0.0
2024-02-22 00:00:00-05:00,13.420000076293945,13.420000076293945,13.3100004196167,13.369999885559082,629000,0.0,0.0,0.0
2024-02-23 00:00:00-05:00,13.130000114440918,13.130000114440918,13.029999732971191,13.0600004196167,777300,0.0,0.0,0.0
2024-02-26 00:00:00-05:00,13.069999694824219,13.100000381469727,13.050000190734863,13.0600004196167,379700,0.0,0.0,0.0
2024-02-27 00:00:00-05:00,13.239999771118164,13.300000190734863,13.220000267028809,13.300000190734863,379000,0.0,0.0,0.0
2024-02-28 00:00:00-05:00,13.369999885559082,13.529999732971191,13.289999961853027,13.520000457763672,488200,0.0,0.0,0.0
2024-02-29 00:00:00-05:00,13.470000267028809,13.520000457763672,13.4399995803833,13.510000228881836,384400,0.0,0.0,0.0
2024-03-01 00:00:00-05:00,13.529999732971191,13.609999656677246,13.520000457763672,13.600000381469727,438200,0.0,0.0,0.0
2024-03-04 00:00:00-05:00,13.579999923706055,13.640000343322754,13.569999694824219,13.579999923706055,470700,0.0,0.0,0.0
2024-03-05 00:00:00-05:00,13.649999618530273,13.680000305175781,13.569999694824219,13.59000015258789,301100,0.0,0.0,0.0
2024-03-06 00:00:00-05:00,13.510000228881836,13.550000190734863,13.489999771118164,13.520000457763672,364800,0.0,0.0,0.0
2024-03-07 00:00:00-05:00,13.649999618530273,13.789999961853027,13.649999618530273,13.779999732971191,271100,0.0,0.0,0.0
2024-03-08 00:00:00-05:00,13.520000457763672,13.550000190734863,13.4399995803833,13.460000038146973,801900,0.0,0.0,0.0
2024-03-11 00:00:00-04:00,13.380000114440918,13.380000114440918,13.300000190734863,13.300000190734863,398500,0.0,0.0,0.0
2024-03-12 00:00:00-04:00,13.300000190734863,13.350000381469727,13.270000457763672,13.350000381469727,459100,0.0,0.0,0.0
2024-03-13 00:00:00-04:00,13.5600004196167,13.640000343322754,13.489999771118164,13.609999656677246,577100,0.0,0.0,0.0
2024-03-14 00:00:00-04:00,13.579999923706055,13.670000076293945,13.539999961853027,13.5600004196167,361900,0.0,0.0,0.0
2024-03-15 00:00:00-04:00,13.529999732971191,13.569999694824219,13.479999542236328,13.520000457763672,239100,0.0,0.0,0.0
2024-03-18 00:00:00-04:00,13.489999771118164,13.510000228881836,13.34000015258789,13.34000015258789,442600,0.0,0.0,0.0
2024-03-19 00:00:00-04:00,13.329999923706055,13.420000076293945,13.300000190734863,13.399999618530273,204700,0.0,0.0,0.0
2024-03-20 00:00:00-04:00,13.510000228881836,13.59000015258789,13.489999771118164,13.569999694824219,356500,0.0,0.0,0.0
2024-03-21 00:00:00-04:00,13.649999618530273,13.699999809265137,13.630000114440918,13.670000076293945,488100,0.0,0.0,0.0
2024-03-22 00:00:00-04:00,13.710000038146973,13.739999771118164,13.699999809265137,13.729999542236328,189200,0.0,0.0,0.0
2024-03-25 00:00:00-04:00,13.649999618530273,13.699999809265137,13.5600004196167,13.619999885559082,200900,0.0,0.0,0.0
2024-03-26 00:00:00-04:00,13.6899995803833,13.739999771118164,13.65999984741211,13.720000267028809,223300,0.0,0.0,0.0
2024-03-27 00:00:00-04:00,13.739999771118164,13.84000015258789,13.720000267028809,13.829999923706055,593600,0.0,0.0,0.0
2024-03-28 00:00:00-04:00,13.819999694824219,13.90999984741211,13.8100004196167,13.899999618530273,411800,0.0,0.0,0.0
2024-04-01 00:00:00-04:00,13.739999771118164,13.789999961853027,13.619999885559082,13.649999618530273,581000,0.0,0.0,0.0
2024-04-02 00:00:00-04:00,13.65999984741211,13.6899995803833,13.579999923706055,13.640000343322754,1099000,0.0,0.0,0.0
2024-04-03 00:00:00-04:00,13.579999923706055,13.609999656677246,13.449999809265137,13.5600004196167,605600,0.0,0.0,0.0
2024-04-04 00:00:00-04:00,13.600000381469727,13.630000114440918,13.399999618530273,13.430000305175781,276300,0.0,0.0,0.0
2024-04-05 00:00:00-04:00,13.369999885559082,13.420000076293945,13.300000190734863,13.369999885559082,319900,0.0,0.0,0.0
2024-04-08 00:00:00-04:00,13.34000015258789,13.350000381469727,13.229999542236328,13.25,487200,0.0,0.0,0.0
2024-04-09 00:00:00-04:00,13.380000114440918,13.4399995803833,13.34000015258789,13.380000114440918,331500,0.0,0.0,0.0
2024-04-10 00:00:00-04:00,13.239999771118164,13.329999923706055,13.180000305175781,13.319999694824219,647600,0.0,0.0,0.0
2024-04-11 00:00:00-04:00,13.380000114440918,13.399999618530273,13.3100004196167,13.369999885559082,209100,0.0,0.0,0.0
2024-04-12 00:00:00-04:00,13.350000381469727,13.40999984741211,13.239999771118164,13.260000228881836,623800,0.0,0.0,0.0
2024-04-15 00:00:00-04:00,12.75,12.75,12.550000190734863,12.550000190734863,1331100,0.0,0.0,0.0
2024-04-16 00:00:00-04:00,12.489999771118164,12.5,12.40999984741211,12.40999984741211,478400,0.0,0.0,0.0
2024-04-17 00:00:00-04:00,12.239999771118164,12.279999732971191,12.09000015258789,12.119999885559082,1155400,0.0,0.0,0.0
2024-04-18 00:00:00-04:00,12.170000076293945,12.210000038146973,12.109999656677246,12.140000343322754,932400,0.0,0.0,0.0
2024-04-19 00:00:00-04:00,11.970000267028809,12.050000190734863,11.84000015258789,11.850000381469727,697000,0.0,0.0,0.0
2024-04-22 00:00:00-04:00,12.0600004196167,12.1899995803833,11.979999542236328,12.170000076293945,631900,0.0,0.0,0.0
2024-04-23 00:00:00-04:00,11.989999771118164,12.020000457763672,11.90999984741211,12.010000228881836,972300,0.0,0.0,0.0
2024-04-24 00:00:00-04:00,12.220000267028809,12.279999732971191,12.180000305175781,12.210000038146973,581800,0.0,0.0,0.0
2024-04-25 00:00:00-04:00,12.15999984741211,12.289999961853027,12.149999618530273,12.25,379700,0.0,0.0,0.0
2024-04-26 00:00:00-04:00,12.329999923706055,12.34000015258789,12.260000228881836,12.300000190734863,305600,0.0,0.0,0.0
2024-04-29 00:00:00-04:00,12.359999656677246,12.399999618530273,12.300000190734863,12.359999656677246,384400,0.0,0.0,0.0
2024-04-30 00:00:00-04:00,12.3100004196167,12.34000015258789,12.1899995803833,12.199999809265137,311500,0.0,0.0,0.0
2024-05-01 00:00:00-04:00,12.199999809265137,12.25,12.170000076293945,12.180000305175781,224800,0.0,0.0,0.0
2024-05-02 00:00:00-04:00,12.3100004196167,12.3100004196167,12.199999809265137,12.300000190734863,219900,0.0,0.0,0.0
2024-05-03 00:00:00-04:00,12.34000015258789,12.449999809265137,12.34000015258789,12.399999618530273,374500,0.0,0.0,0.0
2024-05-06 00:00:00-04:00,12.579999923706055,12.65999984741211,12.5600004196167,12.649999618530273,280000,0.0,0.0,0.0
2024-05-07 00:00:00-04:00,12.6899995803833,12.720000267028809,12.649999618530273,12.670000076293945,410800,0.0,0.0,0.0
2024-05-08 00:00:00-04:00,12.710000038146973,12.720000267028809,12.65999984741211,12.6899995803833,308400,0.0,0.0,0.0
2024-05-09 00:00:00-04:00,12.649999618530273,12.6899995803833,12.609999656677246,12.680000305175781,194800,0.0,0.0,0.0
2024-05-10 00:00:00-04:00,12.630000114440918,12.680000305175781,12.550000190734863,12.5600004196167,819500,0.0,0.0,0.0
2024-05-13 00:00:00-04:00,12.539999961853027,12.59000015258789,12.520000457763672,12.550000190734863,1048000,0.0,0.0,0.0
2024-05-14 00:00:00-04:00,12.59000015258789,12.630000114440918,12.5600004196167,12.569999694824219,661900,0.0,0.0,0.0
2024-05-15 00:00:00-04:00,12.699999809265137,12.819999694824219,12.699999809265137,12.819999694824219,1068100,0.0,0.0,0.0
2024-05-16 00:00:00-04:00,12.829999923706055,12.890000343322754,12.8100004196167,12.850000381469727,503700,0.0,0.0,0.0
2024-05-17 00:00:00-04:00,12.890000343322754,12.979999542236328,12.869999885559082,12.949999809265137,604000,0.0,0.0,0.0
2024-05-20 00:00:00-04:00,12.979999542236328,12.989999771118164,12.930000305175781,12.970000267028809,461000,0.0,0.0,0.0
2024-05-21 00:00:00-04:00,12.920000076293945,13.0,12.899999618530273,12.899999618530273,810300,0.0,0.0,0.0
2024-05-22 00:00:00-04:00,12.850000381469727,12.899999618530273,12.729999542236328,12.729999542236328,869200,0.0,0.0,0.0
2024-05-23 00:00:00-04:00,12.880000114440918,12.9399995803833,12.800000190734863,12.84000015258789,757500,0.0,0.0,0.0
2024-05-24 00:00:00-04:00,12.6899995803833,12.699999809265137,12.59000015258789,12.600000381469727,386100,0.0,0.0,0.0
2024-05-28 00:00:00-04:00,12.760000228881836,12.84000015258789,12.760000228881836,12.819999694824219,440300,0.0,0.0,0.0
2024-05-29 00:00:00-04:00,12.699999809265137,12.760000228881836,12.670000076293945,12.670000076293945,531800,0.0,0.0,0.0
2024-05-30 00:00:00-04:00,12.65999984741211,12.680000305175781,12.59000015258789,12.609999656677246,310000,0.0,0.0,0.0
2024-05-31 00:00:00-04:00,12.59000015258789,12.640000343322754,12.5600004196167,12.609999656677246,320900,0.0,0.0,0.0
2024-06-03 00:00:00-04:00,12.770000457763672,12.819999694824219,12.720000267028809,12.789999961853027,695900,0.0,0.0,0.0
2024-06-04 00:00:00-04:00,12.829999923706055,12.850000381469727,12.779999732971191,12.829999923706055,597300,0.0,0.0,0.0
2024-06-05 00:00:00-04:00,12.859999656677246,12.949999809265137,12.859999656677246,12.90999984741211,696900,0.0,0.0,0.0
2024-06-06 00:00:00-04:00,12.84000015258789,12.899999618530273,12.779999732971191,12.8100004196167,379500,0.0,0.0,0.0
2024-06-07 00:00:00-04:00,12.779999732971191,12.850000381469727,12.770000457763672,12.8100004196167,307600,0.0,0.0,0.0
2024-06-10 00:00:00-04:00,12.880000114440918,12.890000343322754,12.789999961853027,12.84000015258789,292800,0.0,0.0,0.0
2024-06-11 00:00:00-04:00,12.75,12.800000190734863,12.640000343322754,12.649999618530273,440800,0.0,0.0,0.0
2024-06-12 00:00:00-04:00,12.859999656677246,12.960000038146973,12.859999656677246,12.949999809265137,596200,0.0,0.0,0.0
2024-06-13 00:00:00-04:00,12.90999984741211,12.949999809265137,12.869999885559082,12.920000076293945,483300,0.0,0.0,0.0
2024-06-14 00:00:00-04:00,12.65999984741211,12.75,12.619999885559082,12.699999809265137,1332700,0.0,0.0,0.0
2024-06-17 00:00:00-04:00,12.670000076293945,12.6899995803833,12.579999923706055,12.649999618530273,372300,0.0,0.0,0.0
2024-06-18 00:00:00-04:00,12.649999618530273,12.75,12.630000114440918,12.710000038146973,537500,0.0,0.0,0.0
2024-06-20 00:00:00-04:00,12.619999885559082,12.699999809265137,12.420000076293945,12.430000305175781,962200,0.0,0.0,0.0
2024-06-21 00:00:00-04:00,12.4399995803833,12.470000267028809,12.420000076293945,12.449999809265137,456100,0.0,0.0,0.0
2024-06-24 00:00:00-04:00,12.260000228881836,12.289999961853027,12.229999542236328,12.229999542236328,424000,0.0,0.0,0.0
2024-06-25 00:00:00-04:00,12.289999961853027,12.3100004196167,12.239999771118164,12.300000190734863,618800,0.0,0.0,0.0
2024-06-26 00:00:00-04:00,12.270000457763672,12.399999618530273,12.260000228881836,12.279999732971191,606300,0.0,0.0,0.0
2024-06-27 00:00:00-04:00,12.300000190734863,12.390000343322754,12.260000228881836,12.289999961853027,152600,0.0,0.0,0.0
2024-06-28 00:00:00-04:00,12.199999809265137,12.260000228881836,12.149999618530273,12.170000076293945,737500,0.0,0.0,0.0
2024-07-01 00:00:00-04:00,12.300000190734863,12.350000381469727,12.220000267028809,12.300000190734863,203900,0.0,0.0,0.0
2024-07-02 00:00:00-04:00,12.430000305175781,12.4399995803833,12.359999656677246,12.399999618530273,403300,0.0,0.0,0.0
2024-07-03 00:00:00-04:00,12.399999618530273,12.460000038146973,12.399999618530273,12.460000038146973,154900,0.0,0.0,0.0
2024-07-05 00:00:00-04:00,12.430000305175781,12.479999542236328,12.40999984741211,12.449999809265137,361000,0.0,0.0,0.0
2024-07-08 00:00:00-04:00,12.380000114440918,12.4399995803833,12.380000114440918,12.380000114440918,265300,0.0,0.0,0.0
2024-07-09 00:00:00-04:00,12.470000267028809,12.529999732971191,12.4399995803833,12.489999771118164,341000,0.0,0.0,0.0
2024-07-10 00:00:00-04:00,12.430000305175781,12.489999771118164,12.390000343322754,12.479999542236328,200300,0.0,0.0,0.0
2024-07-11 00:00:00-04:00,12.4399995803833,12.5,12.430000305175781,12.4399995803833,174000,0.0,0.0,0.0
2024-07-12 00:00:00-04:00,12.430000305175781,12.5,12.420000076293945,12.449999809265137,187300,0.0,0.0,0.0
2024-07-15 00:00:00-04:00,12.449999809265137,12.449999809265137,12.34000015258789,12.350000381469727,680600,0.0,0.0,0.0
2024-07-16 00:00:00-04:00,12.34000015258789,12.390000343322754,12.319999694824219,12.34000015258789,332200,0.0,0.0,0.0
2024-07-17 00:00:00-04:00,12.15999984741211,12.15999984741211,12.0600004196167,12.069999694824219,969400,0.0,0.0,0.0
2024-07-18 00:00:00-04:00,12.25,12.289999961853027,12.130000114440918,12.15999984741211,369500,0.0,0.0,0.0
2024-07-19 00:00:00-04:00,12.109999656677246,12.119999885559082,12.039999961853027,12.050000190734863,299600,0.0,0.0,0.0
2024-07-22 00:00:00-04:00,12.050000190734863,12.100000381469727,12.039999961853027,12.069999694824219,312500,0.0,0.0,0.0
2024-07-23 00:00:00-04:00,11.949999809265137,11.979999542236328,11.859999656677246,11.869999885559082,737200,0.0,0.0,0.0
2024-07-24 00:00:00-04:00,11.960000038146973,11.979999542236328,11.869999885559082,11.899999618530273,384100,0.0,0.0,0.0
2024-07-25 00:00:00-04:00,11.90999984741211,11.979999542236328,11.890000343322754,11.920000076293945,308500,0.0,0.0,0.0
2024-07-26 00:00:00-04:00,11.989999771118164,12.069999694824219,11.970000267028809,12.050000190734863,215700,0.0,0.0,0.0
2024-07-29 00:00:00-04:00,12.079999923706055,12.09000015258789,11.979999542236328,12.010000228881836,309400,0.0,0.0,0.0
2024-07-30 00:00:00-04:00,11.989999771118164,12.029999732971191,11.949999809265137,11.960000038146973,229500,0.0,0.0,0.0
2024-07-31 00:00:00-04:00,12.119999885559082,12.130000114440918,12.069999694824219,12.069999694824219,260000,0.0,0.0,0.0
2024-08-01 00:00:00-04:00,11.819999694824219,11.859999656677246,11.6899995803833,11.710000038146973,693600,0.0,0.0,0.0
2024-08-02 00:00:00-04:00,11.800000190734863,11.829999923706055,11.720000267028809,11.770000457763672,543300,0.0,0.0,0.0
2024-08-05 00:00:00-04:00,11.300000190734863,11.460000038146973,11.25,11.399999618530273,884500,0.0,0.0,0.0
2024-08-06 00:00:00-04:00,11.59000015258789,11.720000267028809,11.5600004196167,11.65999984741211,335900,0.0,0.0,0.0
2024-08-07 00:00:00-04:00,11.789999961853027,11.829999923706055,11.710000038146973,11.710000038146973,298800,0.0,0.0,0.0
2024-08-08 00:00:00-04:00,11.779999732971191,11.850000381469727,11.729999542236328,11.819999694824219,118200,0.0,0.0,0.0
2024-08-09 00:00:00-04:00,11.829999923706055,11.90999984741211,11.8100004196167,11.84000015258789,198900,0.0,0.0,0.0
2024-08-12 00:00:00-04:00,11.869999885559082,11.890000343322754,11.84000015258789,11.869999885559082,214400,0.0,0.0,0.0
2024-08-13 00:00:00-04:00,11.84000015258789,11.890000343322754,11.779999732971191,11.869999885559082,234300,0.0,0.0,0.0
2024-08-14 00:00:00-04:00,11.84000015258789,11.880000114440918,11.8100004196167,11.859999656677246,98600,0.0,0.0,0.0
2024-08-15 00:00:00-04:00,11.8100004196167,11.859999656677246,11.8100004196167,11.84000015258789,189800,0.0,0.0,0.0
2024-08-16 00:00:00-04:00,12.039999961853027,12.149999618530273,12.039999961853027,12.149999618530273,371600,0.0,0.0,0.0
2024-08-19 00:00:00-04:00,12.229999542236328,12.350000381469727,12.199999809265137,12.34000015258789,279900,0.0,0.0,0.0
2024-08-20 00:00:00-04:00,12.399999618530273,12.479999542236328,12.359999656677246,12.470000267028809,205600,0.0,0.0,0.0
2024-08-21 00:00:00-04:00,12.5,12.550000190734863,12.489999771118164,12.539999961853027,263400,0.0,0.0,0.0
2024-08-22 00:00:00-04:00,12.489999771118164,12.510000228881836,12.40999984741211,12.40999984741211,180200,0.0,0.0,0.0
2024-08-23 00:00:00-04:00,12.489999771118164,12.569999694824219,12.489999771118164,12.5600004196167,282800,0.0,0.0,0.0
2024-08-26 00:00:00-04:00,12.520000457763672,12.579999923706055,12.510000228881836,12.550000190734863,161300,0.0,0.0,0.0
2024-08-27 00:00:00-04:00,12.600000381469727,12.670000076293945,12.59000015258789,12.65999984741211,232800,0.0,0.0,0.0
2024-08-28 00:00:00-04:00,12.59000015258789,12.600000381469727,12.470000267028809,12.5,500600,0.0,0.0,0.0
2024-08-29 00:00:00-04:00,12.5,12.579999923706055,12.5,12.569999694824219,198300,0.0,0.0,0.0
2024-08-30 00:00:00-04:00,12.569999694824219,12.630000114440918,12.520000457763672,12.550000190734863,148500,0.0,0.0,0.0
2024-09-03 00:00:00-04:00,12.520000457763672,12.550000190734863,12.359999656677246,12.380000114440918,373400,0.0,0.0,0.0
2024-09-04 00:00:00-04:00,12.5,12.569999694824219,12.470000267028809,12.5,230500,0.0,0.0,0.0
2024-09-05 00:00:00-04:00,12.5,12.550000190734863,12.489999771118164,12.510000228881836,89800,0.0,0.0,0.0
2024-09-06 00:00:00-04:00,12.649999618530273,12.6899995803833,12.550000190734863,12.569999694824219,206300,0.0,0.0,0.0
2024-09-09 00:00:00-04:00,12.539999961853027,12.630000114440918,12.470000267028809,12.600000381469727,237100,0.0,0.0,0.0
2024-09-10 00:00:00-04:00,12.4399995803833,12.569999694824219,12.289999961853027,12.449999809265137,227900,0.0,0.0,0.0
2024-09-11 00:00:00-04:00,12.399999618530273,12.449999809265137,12.3100004196167,12.430000305175781,326500,0.0,0.0,0.0
2024-09-12 00:00:00-04:00,12.380000114440918,12.420000076293945,12.369999885559082,12.399999618530273,170900,0.0,0.0,0.0
2024-09-13 00:00:00-04:00,12.359999656677246,12.4399995803833,12.329999923706055,12.380000114440918,324000,0.0,0.0,0.0
2024-09-16 00:00:00-04:00,12.260000228881836,12.260000228881836,12.1899995803833,12.210000038146973,206900,0.0,0.0,0.0
2024-09-17 00:00:00-04:00,12.430000305175781,12.479999542236328,12.420000076293945,12.479999542236328,257900,0.0,0.0,0.0
2024-09-18 00:00:00-04:00,12.5,12.5,12.40999984741211,12.470000267028809,133500,0.0,0.0,0.0
2024-09-19 00:00:00-04:00,12.569999694824219,12.619999885559082,12.539999961853027,12.609999656677246,174800,0.0,0.0,0.0
2024-09-20 00:00:00-04:00,12.529999732971191,12.579999923706055,12.529999732971191,12.539999961853027,129300,0.0,0.0,0.0
2024-09-23 00:00:00-04:00,12.569999694824219,12.600000381469727,12.550000190734863,12.569999694824219,106200,0.0,0.0,0.0
2024-09-24 00:00:00-04:00,12.65999984741211,12.680000305175781,12.619999885559082,12.670000076293945,276100,0.0,0.0,0.0
2024-09-25 00:00:00-04:00,12.739999771118164,12.829999923706055,12.710000038146973,12.720000267028809,534500,0.0,0.0,0.0
2024-09-26 00:00:00-04:00,12.829999923706055,12.850000381469727,12.739999771118164,12.760000228881836,1236800,0.0,0.0,0.0
2024-09-27 00:00:00-04:00,12.800000190734863,12.859999656677246,12.770000457763672,12.800000190734863,230800,0.0,0.0,0.0
2024-09-30 00:00:00-04:00,12.84000015258789,12.84000015258789,12.729999542236328,12.779999732971191,488400,0.0,0.0,0.0
2024-10-01 00:00:00-04:00,12.829999923706055,12.890000343322754,12.739999771118164,12.84000015258789,260300,0.0,0.0,0.0
2024-10-02 00:00:00-04:00,12.75,12.760000228881836,12.6899995803833,12.699999809265137,229300,0.0,0.0,0.0
2024-10-03 00:00:00-04:00,12.539999961853027,12.640000343322754,12.479999542236328,12.520000457763672,232000,0.0,0.0,0.0
2024-10-04 00:00:00-04:00,12.5,12.510000228881836,12.449999809265137,12.479999542236328,234900,0.0,0.0,0.0
2024-10-07 00:00:00-04:00,12.479999542236328,12.489999771118164,12.390000343322754,12.390000343322754,409800,0.0,0.0,0.0
2024-10-08 00:00:00-04:00,12.4399995803833,12.479999542236328,12.40999984741211,12.449999809265137,249500,0.0,0.0,0.0
2024-10-09 00:00:00-04:00,12.489999771118164,12.600000381469727,12.489999771118164,12.600000381469727,202100,0.0,0.0,0.0
2024-10-10 00:00:00-04:00,12.520000457763672,12.5600004196167,12.470000267028809,12.5,183300,0.0,0.0,0.0
2024-10-11 00:00:00-04:00,12.569999694824219,12.670000076293945,12.510000228881836,12.649999618530273,246700,0.0,0.0,0.0
2024-10-14 00:00:00-04:00,12.619999885559082,12.640000343322754,12.539999961853027,12.619999885559082,174300,0.0,0.0,0.0
2024-10-15 00:00:00-04:00,12.460000038146973,12.460000038146973,12.350000381469727,12.350000381469727,366000,0.0,0.0,0.0
2024-10-16 00:00:00-04:00,12.369999885559082,12.420000076293945,12.319999694824219,12.34000015258789,152300,0.0,0.0,0.0
2024-10-17 00:00:00-04:00,12.369999885559082,12.399999618530273,12.289999961853027,12.329999923706055,180600,0.0,0.0,0.0
2024-10-18 00:00:00-04:00,12.289999961853027,12.329999923706055,12.239999771118164,12.25,334100,0.0,0.0,0.0
2024-10-21 00:00:00-04:00,12.239999771118164,12.260000228881836,12.210000038146973,12.220000267028809,240300,0.0,0.0,0.0
2024-10-22 00:00:00-04:00,12.109999656677246,12.15999984741211,12.09000015258789,12.119999885559082,202700,0.0,0.0,0.0
2024-10-23 00:00:00-04:00,12.100000381469727,12.170000076293945,12.029999732971191,12.050000190734863,1231700,0.0,0.0,0.0
2024-10-24 00:00:00-04:00,12.0,12.050000190734863,11.9399995803833,11.949999809265137,574600,0.0,0.0,0.0
2024-10-25 00:00:00-04:00,11.960000038146973,11.989999771118164,11.890000343322754,11.90999984741211,306400,0.0,0.0,0.0
2024-10-28 00:00:00-04:00,11.949999809265137,11.960000038146973,11.890000343322754,11.90999984741211,436400,0.0,0.0,0.0
2024-10-29 00:00:00-04:00,11.960000038146973,12.020000457763672,11.9399995803833,11.979999542236328,378300,0.0,0.0,0.0
2024-10-30 00:00:00-04:00,11.930000305175781,11.960000038146973,11.869999885559082,11.899999618530273,194500,0.0,0.0,0.0
2024-10-31 00:00:00-04:00,11.920000076293945,11.960000038146973,11.869999885559082,11.90999984741211,514200,0.0,0.0,0.0
2024-11-01 00:00:00-04:00,11.880000114440918,11.930000305175781,11.789999961853027,11.8100004196167,587600,0.0,0.0,0.0
2024-11-04 00:00:00-05:00,11.800000190734863,11.800000190734863,11.710000038146973,11.739999771118164,409700,0.0,0.0,0.0
2024-11-05 00:00:00-05:00,11.739999771118164,11.8100004196167,11.739999771118164,11.770000457763672,250800,0.0,0.0,0.0
2024-11-06 00:00:00-05:00,12.010000228881836,12.039999961853027,11.90999984741211,12.0,779000,0.0,0.0,0.0
2024-11-07 00:00:00-05:00,12.0,12.029999732971191,11.989999771118164,12.010000228881836,561700,0.0,0.0,0.0
2024-11-08 00:00:00-05:00,11.960000038146973,11.960000038146973,11.899999618530273,11.920000076293945,232500,0.0,0.0,0.0
2024-11-11 00:00:00-05:00,11.960000038146973,11.989999771118164,11.90999984741211,11.920000076293945,454600,0.0,0.0,0.0
2024-11-12 00:00:00-05:00,11.899999618530273,11.899999618530273,11.800000190734863,11.800000190734863,348800,0.0,0.0,0.0
2024-11-13 00:00:00-05:00,11.800000190734863,11.84000015258789,11.760000228881836,11.779999732971191,305500,0.0,0.0,0.0
2024-11-14 00:00:00-05:00,11.6899995803833,11.699999809265137,11.59000015258789,11.600000381469727,405500,0.0,0.0,0.0
2024-11-15 00:00:00-05:00,11.5,11.520000457763672,11.399999618530273,11.399999618530273,401600,0.0,0.0,0.0
2024-11-18 00:00:00-05:00,11.470000267028809,11.539999961853027,11.470000267028809,11.5,237000,0.0,0.0,0.0
2024-11-19 00:00:00-05:00,11.380000114440918,11.40999984741211,11.359999656677246,11.390000343322754,216400,0.0,0.0,0.0
2024-11-20 00:00:00-05:00,11.470000267028809,11.5,11.430000305175781,11.5,271300,0.0,0.0,0.0
2024-11-21 00:00:00-05:00,11.600000381469727,11.649999618530273,11.579999923706055,11.630000114440918,255500,0.0,0.0,0.0
2024-11-22 00:00:00-05:00,11.579999923706055,11.699999809265137,11.520000457763672,11.59000015258789,1517000,0.0,0.0,0.0
2024-11-25 00:00:00-05:00,11.6899995803833,11.720000267028809,11.640000343322754,11.720000267028809,404900,0.0,0.0,0.0
2024-11-26 00:00:00-05:00,11.770000457763672,11.779999732971191,11.699999809265137,11.75,544800,0.0,0.0,0.0
2024-11-27 00:00:00-05:00,11.710000038146973,11.729999542236328,11.649999618530273,11.65999984741211,170500,0.0,0.0,0.0
2024-11-29 00:00:00-05:00,11.729999542236328,11.779999732971191,11.699999809265137,11.760000228881836,351300,0.0,0.0,0.0
2024-12-02 00:00:00-05:00,11.760000228881836,11.760000228881836,11.699999809265137,11.720000267028809,531300,0.0,0.0,0.0
2024-12-03 00:00:00-05:00,11.640000343322754,11.680000305175781,11.609999656677246,11.619999885559082,308300,0.0,0.0,0.0
2024-12-04 00:00:00-05:00,11.579999923706055,11.579999923706055,11.510000228881836,11.529999732971191,408800,0.0,0.0,0.0
2024-12-05 00:00:00-05:00,11.890000343322754,11.970000267028809,11.869999885559082,11.9399995803833,670400,0.0,0.0,0.0
2024-12-06 00:00:00-05:00,11.9399995803833,11.989999771118164,11.9399995803833,11.970000267028809,221400,0.0,0.0,0.0
2024-12-09 00:00:00-05:00,11.989999771118164,12.029999732971191,11.970000267028809,11.979999542236328,304500,0.0,0.0,0.0
2024-12-10 00:00:00-05:00,11.989999771118164,11.989999771118164,11.920000076293945,11.930000305175781,359900,0.0,0.0,0.0
2024-12-11 00:00:00-05:00,11.9399995803833,11.970000267028809,11.899999618530273,11.90999984741211,163100,0.0,0.0,0.0
2024-12-12 00:00:00-05:00,11.880000114440918,11.880000114440918,11.819999694824219,11.84000015258789,229100,0.0,0.0,0.0
2024-12-13 00:00:00-05:00,11.800000190734863,11.819999694824219,11.729999542236328,11.729999542236328,944000,0.0,0.0,0.0
2024-12-16 00:00:00-05:00,11.770000457763672,11.84000015258789,11.760000228881836,11.829999923706055,306100,0.0,0.0,0.0
2024-12-17 00:00:00-05:00,11.739999771118164,11.789999961853027,11.710000038146973,11.739999771118164,396200,0.0,0.0,0.0
2024-12-18 00:00:00-05:00,11.760000228881836,11.8100004196167,11.640000343322754,11.640000343322754,326000,0.0,0.0,0.0
2024-12-19 00:00:00-05:00,11.65999984741211,11.75,11.59000015258789,11.630000114440918,606000,0.0,0.0,0.0
2024-12-20 00:00:00-05:00,11.619999885559082,11.739999771118164,11.609999656677246,11.649999618530273,501000,0.0,0.0,0.0
2024-12-23 00:00:00-05:00,11.649999618530273,11.6899995803833,11.609999656677246,11.65999984741211,301800,0.0,0.0,0.0
2024-12-24 00:00:00-05:00,11.649999618530273,11.680000305175781,11.630000114440918,11.65999984741211,171500,0.0,0.0,0.0
2024-12-26 00:00:00-05:00,11.65999984741211,11.739999771118164,11.649999618530273,11.710000038146973,144000,0.0,0.0,0.0
2024-12-27 00:00:00-05:00,11.630000114440918,11.630000114440918,11.529999732971191,11.539999961853027,528100,0.0,0.0,0.0
2024-12-30 00:00:00-05:00,11.5,11.569999694824219,11.489999771118164,11.550000190734863,347500,0.0,0.0,0.0
2024-12-31 00:00:00-05:00,11.529999732971191,11.5600004196167,11.479999542236328,11.479999542236328,404800,0.0,0.0,0.0
2025-01-02 00:00:00-05:00,11.539999961853027,11.600000381469727,11.529999732971191,11.5600004196167,195000,0.0,0.0,0.0
2025-01-03 00:00:00-05:00,11.5,11.550000190734863,11.470000267028809,11.520000457763672,447000,0.0,0.0,0.0
2025-01-06 00:00:00-05:00,11.449999809265137,11.510000228881836,11.430000305175781,11.460000038146973,402100,0.0,0.0,0.0
2025-01-07 00:00:00-05:00,11.420000076293945,11.420000076293945,11.300000190734863,11.300000190734863,543900,0.0,0.0,0.0
2025-01-08 00:00:00-05:00,11.350000381469727,11.390000343322754,11.329999923706055,11.369999885559082,183800,0.0,0.0,0.0
2025-01-10 00:00:00-05:00,11.199999809265137,11.229999542236328,11.130000114440918,11.130000114440918,364900,0.0,0.0,0.0
2025-01-13 00:00:00-05:00,11.15999984741211,11.270000457763672,11.100000381469727,11.260000228881836,340200,0.0,0.0,0.0
2025-01-14 00:00:00-05:00,11.220000267028809,11.220000267028809,11.149999618530273,11.15999984741211,180000,0.0,0.0,0.0
2025-01-15 00:00:00-05:00,11.3100004196167,11.359999656677246,11.300000190734863,11.319999694824219,198900,0.0,0.0,0.0
2025-01-16 00:00:00-05:00,11.3100004196167,11.319999694824219,11.279999732971191,11.289999961853027,224300,0.0,0.0,0.0
2025-01-17 00:00:00-05:00,11.359999656677246,11.399999618530273,11.359999656677246,11.380000114440918,463000,0.0,0.0,0.0
2025-01-21 00:00:00-05:00,11.359999656677246,11.420000076293945,11.359999656677246,11.399999618530273,231000,0.0,0.0,0.0
2025-01-22 00:00:00-05:00,11.399999618530273,11.4399995803833,11.369999885559082,11.369999885559082,264300,0.0,0.0,0.0
2025-01-23 00:00:00-05:00,11.449999809265137,11.550000190734863,11.449999809265137,11.539999961853027,701300,0.0,0.0,0.0
2025-01-24 00:00:00-05:00,11.630000114440918,11.630000114440918,11.550000190734863,11.600000381469727,145200,0.0,0.0,0.0
2025-01-27 00:00:00-05:00,11.529999732971191,11.5600004196167,11.489999771118164,11.539999961853027,246000,0.0,0.0,0.0
2025-01-28 00:00:00-05:00,11.569999694824219,11.609999656677246,11.529999732971191,11.59000015258789,155500,0.0,0.0,0.0
2025-01-29 00:00:00-05:00,11.630000114440918,11.65999984741211,11.5600004196167,11.5600004196167,184200,0.0,0.0,0.0
2025-01-30 00:00:00-05:00,11.550000190734863,11.640000343322754,11.539999961853027,11.59000015258789,135400,0.0,0.0,0.0
2025-01-31 00:00:00-05:00,11.59000015258789,11.680000305175781,11.539999961853027,11.5600004196167,191800,0.0,0.0,0.0
2025-02-03 00:00:00-05:00,11.470000267028809,11.479999542236328,11.40999984741211,11.4399995803833,456100,0.0,0.0,0.0
2025-02-04 00:00:00-05:00,11.479999542236328,11.609999656677246,11.479999542236328,11.5600004196167,431600,0.0,0.0,0.0
2025-02-05 00:00:00-05:00,11.600000381469727,11.6899995803833,11.600000381469727,11.680000305175781,332500,0.0,0.0,0.0
2025-02-06 00:00:00-05:00,11.619999885559082,11.670000076293945,11.569999694824219,11.59000015258789,349200,0.0,0.0,0.0
2025-02-07 00:00:00-05:00,11.5600004196167,11.569999694824219,11.460000038146973,11.460000038146973,490500,0.0,0.0,0.0
2025-02-10 00:00:00-05:00,11.399999618530273,11.430000305175781,11.359999656677246,11.399999618530273,435700,0.0,0.0,0.0
2025-02-11 00:00:00-05:00,11.34000015258789,11.369999885559082,11.319999694824219,11.34000015258789,237200,0.0,0.0,0.0
2025-02-12 00:00:00-05:00,11.289999961853027,11.350000381469727,11.279999732971191,11.329999923706055,193100,0.0,0.0,0.0
2025-02-13 00:00:00-05:00,11.399999618530273,11.520000457763672,11.390000343322754,11.489999771118164,366100,0.0,0.0,0.0
2025-02-14 00:00:00-05:00,11.5,11.5,11.4399995803833,11.479999542236328,182200,0.0,0.0,0.0
2025-02-18 00:00:00-05:00,11.5,11.539999961853027,11.470000267028809,11.510000228881836,300900,0.0,0.0,0.0
2025-02-19 00:00:00-05:00,11.600000381469727,11.770000457763672,11.569999694824219,11.770000457763672,663800,0.0,0.0,0.0
2025-02-20 00:00:00-05:00,11.739999771118164,11.84000015258789,11.710000038146973,11.819999694824219,759600,0.0,0.0,0.0
2025-02-21 00:00:00-05:00,11.8100004196167,11.84000015258789,11.699999809265137,11.75,364100,0.0,0.0,0.0
2025-02-24 00:00:00-05:00,11.920000076293945,11.979999542236328,11.90999984741211,11.949999809265137,1035800,0.0,0.0,0.0
2025-02-25 00:00:00-05:00,11.970000267028809,11.970000267028809,11.890000343322754,11.9399995803833,683300,0.0,0.0,0.0
2025-02-26 00:00:00-05:00,11.9399995803833,11.979999542236328,11.880000114440918,11.890000343322754,252200,0.0,0.0,0.0
2025-02-27 00:00:00-05:00,12.0,12.039999961853027,11.960000038146973,11.970000267028809,1117800,0.0,0.0,0.0
2025-02-28 00:00:00-05:00,12.0,12.100000381469727,11.979999542236328,12.039999961853027,728300,0.0,0.0,0.0
2025-03-03 00:00:00-05:00,12.109999656677246,12.149999618530273,12.029999732971191,12.039999961853027,801300,0.0,0.0,0.0
2025-03-04 00:00:00-05:00,12.039999961853027,12.039999961853027,11.9399995803833,11.970000267028809,971300,0.0,0.0,0.0
2025-03-05 00:00:00-05:00,11.90999984741211,12.0,11.899999618530273,11.949999809265137,745500,0.0,0.0,0.0
2025-03-06 00:00:00-05:00,12.149999618530273,12.199999809265137,12.119999885559082,12.199999809265137,1266000,0.0,0.0,0.0
2025-03-07 00:00:00-05:00,12.300000190734863,12.399999618530273,12.289999961853027,12.399999618530273,766800,0.0,0.0,0.0
2025-03-10 00:00:00-04:00,12.390000343322754,12.420000076293945,12.130000114440918,12.239999771118164,1415600,0.0,0.0,0.0
2025-03-11 00:00:00-04:00,12.329999923706055,12.4399995803833,12.260000228881836,12.40999984741211,1208200,0.0,0.0,0.0
2025-03-12 00:00:00-04:00,12.539999961853027,12.600000381469727,12.5,12.579999923706055,1229000,0.0,0.0,0.0
2025-03-13 00:00:00-04:00,12.550000190734863,12.579999923706055,12.430000305175781,12.4399995803833,1631000,0.0,0.0,0.0
2025-03-14 00:00:00-04:00,12.579999923706055,12.65999984741211,12.520000457763672,12.65999984741211,878700,0.0,0.0,0.0
2025-03-17 00:00:00-04:00,12.680000305175781,12.770000457763672,12.65999984741211,12.760000228881836,707600,0.0,0.0,0.0
2025-03-18 00:00:00-04:00,12.640000343322754,12.670000076293945,12.550000190734863,12.619999885559082,923000,0.0,0.0,0.0
2025-03-19 00:00:00-04:00,12.600000381469727,12.65999984741211,12.5600004196167,12.600000381469727,322400,0.0,0.0,0.0
2025-03-20 00:00:00-04:00,12.510000228881836,12.510000228881836,12.390000343322754,12.399999618530273,754600,0.0,0.0,0.0
2025-03-21 00:00:00-04:00,12.390000343322754,12.5600004196167,12.390000343322754,12.539999961853027,787500,0.0,0.0,0.0
2025-03-24 00:00:00-04:00,12.6899995803833,12.800000190734863,12.609999656677246,12.699999809265137,1002200,0.0,0.0,0.0
2025-03-25 00:00:00-04:00,12.760000228881836,12.789999961853027,12.670000076293945,12.6899995803833,992600,0.0,0.0,0.0
2025-03-26 00:00:00-04:00,12.699999809265137,12.699999809265137,12.489999771118164,12.489999771118164,785800,0.0,0.0,0.0
2025-03-27 00:00:00-04:00,12.520000457763672,12.640000343322754,12.510000228881836,12.5600004196167,799200,0.0,0.0,0.0
2025-03-28 00:00:00-04:00,12.529999732971191,12.600000381469727,12.34000015258789,12.380000114440918,1161900,0.0,0.0,0.0
2025-03-31 00:00:00-04:00,12.4399995803833,12.479999542236328,12.329999923706055,12.479999542236328,657700,0.0,0.0,0.0
2025-04-01 00:00:00-04:00,12.5,12.59000015258789,12.449999809265137,12.5600004196167,1423100,0.0,0.0,0.0
2025-04-02 00:00:00-04:00,12.5600004196167,12.699999809265137,12.539999961853027,12.699999809265137,1217200,0.0,0.0,0.0
2025-04-03 00:00:00-04:00,11.430000305175781,11.699999809265137,11.119999885559082,11.399999618530273,6839000,0.0,0.0,0.0
2025-04-04 00:00:00-04:00,11.149999618530273,12.289999961853027,10.920000076293945,11.640000343322754,8387900,0.0,0.0,0.0
2025-04-07 00:00:00-04:00,11.329999923706055,11.550000190734863,11.0,11.15999984741211,3722000,0.0,0.0,0.0
2025-04-08 00:00:00-04:00,10.829999923706055,10.869999885559082,10.100000381469727,10.130000114440918,3712000,0.0,0.0,0.0
2025-04-09 00:00:00-04:00,10.170000076293945,11.75,10.15999984741211,11.460000038146973,5234000,0.0,0.0,0.0
2025-04-10 00:00:00-04:00,11.40999984741211,11.430000305175781,11.020000457763672,11.3100004196167,2298200,0.0,0.0,0.0
2025-04-11 00:00:00-04:00,11.760000228881836,11.899999618530273,11.5,11.869999885559082,1417300,0.0,0.0,0.0
2025-04-14 00:00:00-04:00,12.130000114440918,12.140000343322754,11.880000114440918,11.930000305175781,1403300,0.0,0.0,0.0
2025-04-15 00:00:00-04:00,11.869999885559082,11.930000305175781,11.699999809265137,11.739999771118164,1444100,0.0,0.0,0.0
2025-04-16 00:00:00-04:00,11.65999984741211,11.720000267028809,11.460000038146973,11.5,1465700,0.0,0.0,0.0
2025-04-17 00:00:00-04:00,11.6899995803833,11.789999961853027,11.680000305175781,11.729999542236328,832500,0.0,0.0,0.0
2025-04-21 00:00:00-04:00,11.579999923706055,11.600000381469727,11.399999618530273,11.510000228881836,657600,0.0,0.0,0.0
2025-04-22 00:00:00-04:00,11.59000015258789,11.640000343322754,11.479999542236328,11.640000343322754,837600,0.0,0.0,0.0
2025-04-23 00:00:00-04:00,11.75,11.770000457763672,11.579999923706055,11.619999885559082,426700,0.0,0.0,0.0
2025-04-24 00:00:00-04:00,11.779999732971191,12.0,11.779999732971191,12.0,617600,0.0,0.0,0.0
2025-04-25 00:00:00-04:00,11.960000038146973,12.069999694824219,11.90999984741211,12.010000228881836,371000,0.0,0.0,0.0
2025-04-28 00:00:00-04:00,11.949999809265137,12.010000228881836,11.890000343322754,11.949999809265137,505300,0.0,0.0,0.0
2025-04-29 00:00:00-04:00,11.850000381469727,12.050000190734863,11.850000381469727,12.050000190734863,433200,0.0,0.0,0.0
2025-04-30 00:00:00-04:00,12.029999732971191,12.069999694824219,11.920000076293945,12.069999694824219,365500,0.0,0.0,0.0
2025-05-01 00:00:00-04:00,12.100000381469727,12.149999618530273,11.949999809265137,12.109999656677246,533800,0.0,0.0,0.0
2025-05-02 00:00:00-04:00,12.199999809265137,12.25,12.130000114440918,12.239999771118164,541400,0.0,0.0,0.0
2025-05-05 00:00:00-04:00,12.239999771118164,12.289999961853027,12.220000267028809,12.270000457763672,208300,0.0,0.0,0.0
2025-05-06 00:00:00-04:00,12.229999542236328,12.300000190734863,12.199999809265137,12.220000267028809,579200,0.0,0.0,0.0
2025-05-07 00:00:00-04:00,12.260000228881836,12.420000076293945,12.260000228881836,12.420000076293945,362400,0.0,0.0,0.0
2025-05-08 00:00:00-04:00,12.489999771118164,12.640000343322754,12.489999771118164,12.600000381469727,782400,0.0,0.0,0.0
2025-05-09 00:00:00-04:00,12.510000228881836,12.59000015258789,12.470000267028809,12.489999771118164,870000,0.0,0.0,0.0
